1976,20377,135,188,79,100,187,202,191,186,179,182,46,280,185,181,148,51,617,323,185,258,57,109,123,193,535,677,1457,312,610,124,130,218,20088,334,126,957,1982,237,246,648,641,3604,44,269,33,45,169,2032,29991,948,2131,174,581,3,68,641,0,90,55,152,1110,44
2489,2023,41,0,64,31,1,435,0,47,333,37,279,5442,1,0,22,0,480,455,41,2959,302,0,32,0,2197,2258,73,13,5020,0,27,0,710,386,368,10821,2969,81,90,2180,504,507,287,35958,274,269,0,1220,455,671,1185,0,92,276,239,380,54,599,79,32,56,1110
147,33,223,110,47,65,126,35,106,113,77,114,0,114,90,95,64,33,38,128,124,34,20,92,82,99,223,38,96,95,38,82,42,101,35,56,81,15,40,116,68,26,141,40,0,38,10,0,116,49,23,138,45,211,108,15,38,56,0,19,20,16,32,152
84,99,22,0,19,18,0,58,0,36,29,24,0,33,0,0,27,0,48,79,22,125,14,0,22,0,26,79,0,12,63,0,135,0,51,22,43,37,75,52,47,39,50,76,0,44,138,0,0,47,150,52,71,0,1,8,31,83,0,31,8,20,79,55
964,210,22,37,140,12,45,3378,40,1,384,0,340,373,45,44,66,0,354,1655,0,292,325,0,71,48,1090,4259,313,7,39,0,40,49,560,627,404,502,632,311,706,11519,1033,864,311,696,320,318,46,579,585,603,997,39,619,283,252,199,2672,84,31,19,601,90
24,0,0,15,0,0,1,17,27,11,0,23,6,112,26,0,0,0,0,4,0,7,0,2,1,0,17,43,57,0,11,8,0,0,37,14,0,2,27,1,33,46,50,22,2,55,0,0,0,23,15,15,4,5,29,0,0,30,0,2672,0,0,54,0
346,293,60,71,82,46,76,436,81,65,121,51,47,1324,84,73,103,16,428,17224,83,19856,60,26,97,78,785,809,1371,20,402,15,99,72,708,144,74,1148,356,14530,2231,5863,1176,7458,49,271,47,52,79,5419,146,199,2768,58,1029,7,77,52,30,199,83,56,379,639
58,56,30,16,19,22,11,315,16,38,440,43,227,42,13,11,27,10,253,51,50,41,233,11,28,19,281,314,15,54,57,13,21,12,278,243,425,279,268,47,56,249,329,281,205,794,246,214,14,270,227,301,324,13,19,238,22,77,0,252,31,38,239,68
0,0,25,0,68,6,2,323,0,0,267,0,268,0,0,0,4,0,300,2,0,2,284,0,5,3,315,277,0,4,2,0,2,0,292,323,944,274,275,0,1,279,363,260,248,318,265,276,0,276,273,295,320,0,3,36,238,7,0,283,8,15,276,3
793,5898,100,174,63,68,210,29,211,148,131,140,46,38649,171,170,125,66,15600,6141,323,56,17,108,112,171,4437,14478,4138,109,114,113,115,182,207,139,95,99,169,528,9687,749,7691,5317,50,407,2,53,168,643,5389,291,7789,174,34,3,19,1031,29,618,1,108,92,583
143,0,90,178,126,63,174,0,187,142,114,131,45,125,164,161,120,66,0,109,122,0,20,116,103,168,165,0,194,95,0,115,92,158,0,95,86,43,0,103,65,32,207,0,52,0,0,49,191,0,53,178,0,22,174,0,13,59,5,39,0,210,0,174
4244,7341,43,2,75,32,0,534,0,47,355,40,319,5677,0,0,28,0,34797,3812,93,695,334,0,19,0,11766,27764,21779,12,1438,0,25,0,546,405,360,1116,2087,261,1522,835,11697,44041,274,1681,316,289,0,1890,1294,1655,82,0,7782,320,324,2763,4,996,71,45,1185,2133
1060,410,127,178,125,91,456,1547,160,181,457,193,350,524,163,186,139,51,1011,373,147,354,354,116,153,214,886,606,667,106,201,129,108,161,3152,1184,506,496,4671,223,132,705,890,522,326,461,306,353,190,618,3390,102,1656,178,291,295,301,199,15,599,52,138,670,948
197,988,25,54,127,17,54,400,52,1,384,2,345,38,56,46,58,0,2234,91,0,168,297,3,60,62,923,2150,66,6,194,1,45,124,421,1263,357,574,1131,103,66,411,699,3304,321,702,271,317,51,845,70,3395,1295,53,5388,273,227,146,15,585,150,23,455,30042
455,1195,43,0,86,33,0,913,0,40,339,41,245,14527,0,0,37,0,68418,12721,47,1168,307,1,29,1,942,547,456,18,1493,0,24,0,375,381,393,859,1543,2532,658,2009,709,16522,660,687,269,274,0,80,847,618,1889,0,640,276,270,5419,23,577,47,49,1221,2029
350,0,101,173,39,54,203,0,175,125,183,153,49,137,183,163,115,67,0,133,149,0,5,123,103,185,147,0,186,121,0,128,103,173,0,99,98,56,0,136,50,39,199,0,41,0,0,47,34,0,51,190,0,191,168,0,14,79,0,46,0,116,0,169
0,0,0,46,101,0,49,279,38,0,331,0,285,0,38,38,39,0,265,0,2,1,265,0,38,61,379,257,52,0,0,0,101,34,266,305,319,307,262,0,0,310,408,249,275,294,641,30,47,274,317,353,289,49,53,276,214,52,0,318,0,0,269,45
23,33,27,0,73,15,0,296,0,0,311,0,267,0,0,0,14,0,289,34,0,24,286,0,16,0,316,305,0,9,22,0,0,0,248,290,326,286,260,22,28,295,349,261,225,322,42,642,0,269,271,306,316,0,2,265,245,47,0,319,135,10,274,33
532,149,43,1,180,38,4,884,0,30,374,23,309,1933,0,2,35,0,664,878,39,550,310,0,39,2,5444,5765,5110,10,49355,0,33,1,814,2928,388,851,1446,122,1190,554,9849,1123,302,54,322,293,0,687,702,461,1681,0,407,318,790,271,55,696,44,38,35993,269
0,0,0,50,121,2,61,283,41,0,275,0,278,0,46,135,48,0,262,0,0,0,247,0,42,47,347,269,60,0,0,0,55,53,254,333,263,301,237,0,0,315,402,255,44,302,225,275,41,665,321,326,274,53,50,248,205,49,2,311,0,0,287,44
353,12563,53,2,66,35,0,522,0,52,297,45,265,3045,0,0,47,0,4392,17032,35,448,305,0,36,1,1316,5471,3602,12,836,0,33,2,1489,385,350,2229,647,9310,1961,1217,3426,80,255,1127,261,249,0,16508,3305,521,44017,0,5311,260,281,7463,22,864,77,40,508,3600
694,504,112,197,175,98,370,7599,192,210,489,187,367,6540,186,233,165,49,4135,1856,179,262,352,106,166,203,4760,6129,31631,130,1476,114,134,192,455,763,469,812,1547,222,3247,1134,110,3426,401,9852,347,408,199,708,699,890,11713,207,7692,363,331,1175,50,1033,49,141,502,640
509,743,25,38,129,20,46,1183,37,30,303,0,316,3679,53,51,57,0,623,784,0,1385,294,0,65,113,1268,1218,606,31,302,0,37,59,792,437,308,819,974,2852,10659,60,1132,1219,315,556,295,310,39,2010,412,705,837,32,749,279,249,5865,46,11519,39,26,2181,651
10357,97,60,39,16,50,44,272,40,218,58,63,0,20684,34,45,31,30,300,1837,85,249,43,36,37,38,1092,1542,3271,26,3594,44,51,31,4854,3160,73,227,719,1990,18,10617,3242,1962,0,1186,28,0,50,659,66,132,1515,64,9671,1,56,2226,32,708,47,68,90,245
370,286,108,126,20,77,124,791,118,186,117,147,0,419,119,125,105,47,223,6705,167,496,47,116,76,112,115,221,148,101,6753,114,72,111,6472,92,120,3250,361,34,1990,2852,221,9331,0,121,22,0,136,2538,102,223,261,103,527,0,47,14551,1,311,52,116,81,237
1024,23460,47,1,73,116,1,825,0,100,308,38,275,327,0,1,34,0,622,857,41,845,274,0,48,5,718,742,4099,10,5671,0,36,4,2011,334,363,2926,72,361,716,973,1550,647,237,1445,260,262,0,1545,1132,4677,2086,0,169,275,268,356,27,629,75,40,2969,1982
219,169,24,49,111,25,43,850,46,0,340,0,332,396,52,42,69,0,432,2242,3,29502,282,1,56,47,2519,1900,4785,20,11664,0,33,54,16733,343,347,64,2928,3248,227,817,814,2228,302,852,286,307,56,859,574,495,1117,43,99,274,279,1150,2,502,37,15,10821,957
155,55,87,89,77,54,80,366,85,105,724,116,254,111,84,92,44,30,328,128,116,47,286,75,50,78,376,320,71,127,46,74,36,78,359,371,84,349,363,120,73,308,469,350,263,389,326,320,98,392,357,505,360,86,95,943,423,74,0,401,43,81,367,126
20264,42,55,104,126,270,113,442,103,196,380,63,322,336,107,105,424,12,553,166,84,53,421,70,467,104,766,635,200,68,297,69,68,112,394,68,372,344,334,92,3168,439,766,385,334,2927,289,304,99,380,1263,1190,406,95,139,323,243,144,14,627,22,56,387,334
970,87,39,0,73,32,0,493,0,48,318,35,282,546,0,0,34,0,333,122,34,874,290,0,29,0,386,428,157,13,8773,0,25,0,58,394,359,16734,2012,6476,4854,792,454,1494,254,816,248,266,0,375,421,3151,546,0,208,292,278,709,37,560,51,35,710,20103
113,0,100,192,53,55,189,0,175,130,126,269,48,133,170,177,118,46,0,119,119,0,14,135,92,198,164,3,173,111,0,120,100,32,0,112,78,54,4,111,31,59,193,2,53,1,0,34,173,0,131,161,0,158,182,0,12,72,0,49,0,101,0,218
91,29,33,110,61,32,81,31,93,93,89,75,27,88,69,102,59,199,23,91,85,26,19,38,56,100,113,32,98,40,25,39,14,100,25,68,36,33,37,72,51,37,134,33,55,33,0,101,103,25,45,108,25,92,115,2,21,99,0,40,127,42,27,130
145,0,77,132,0,62,122,0,103,141,79,134,1,138,109,283,52,46,0,112,106,0,16,107,54,133,87,0,119,108,0,14,39,120,0,69,74,0,0,114,44,0,114,0,0,0,0,0,128,0,1,129,0,115,113,0,13,15,8,0,0,82,0,124
779,683,39,0,36,34,0,157,2,48,47,51,0,183,6,0,34,0,231,284,45,12125,32,0,35,0,427,1570,3020,20,22,0,25,0,8775,297,46,11675,5671,6754,3594,300,1476,837,0,49256,22,0,0,1492,194,201,1438,0,114,2,57,403,11,39,63,38,5022,609
131,4,86,100,14,62,117,9,114,112,119,120,0,91,103,124,63,39,10,127,91,16,10,102,58,102,99,25,117,28,20,108,40,111,13,68,127,20,10,101,26,31,131,12,0,10,9,0,121,18,6,106,12,95,109,4,54,20,0,7,12,95,13,309
777,503,85,166,37,58,167,404,187,277,116,1519,38,7521,156,166,97,55,4785,522,120,311,9,112,100,153,8395,5631,28,117,3020,119,98,172,157,200,72,4781,4093,148,3275,609,31670,3617,60,5109,0,52,186,454,66,667,21830,194,4144,0,15,1367,59,312,0,96,73,1458
983,4235,54,1,86,62,1,474,6,64,846,40,280,15213,13,12,52,0,9697,9919,40,1196,287,0,56,3,15139,70,5635,25,1572,0,32,3,428,635,320,1893,742,221,1545,1217,6129,5471,269,5764,305,257,0,548,2147,606,27765,0,14463,278,314,810,43,4269,79,38,2258,678
751,513,506,170,214,70,147,25681,167,109,453,104,371,7845,157,168,119,22,6729,2801,107,1863,319,64,113,169,112,15133,8402,100,427,87,113,164,387,762,376,2519,716,116,1094,1272,4755,1315,347,5441,318,379,148,941,923,886,11781,165,4436,316,282,786,17,1089,26,222,2202,536
135,0,108,164,62,57,203,0,165,122,104,150,46,273,169,206,91,60,0,119,115,0,11,121,97,38,169,3,153,102,0,133,100,197,0,104,78,47,5,112,38,109,202,1,47,2,0,61,185,1,62,214,0,168,171,3,19,78,0,48,0,98,0,193
111,37,70,88,54,266,118,35,103,81,92,86,46,64,92,103,374,17,30,76,75,66,120,53,28,97,113,56,100,58,35,54,56,92,29,469,50,56,48,76,37,65,166,36,42,39,16,38,103,29,60,153,19,103,112,5,28,97,1,71,22,82,33,123
139,0,67,119,0,74,118,0,112,124,63,110,0,97,204,114,65,63,0,100,106,0,14,14,53,121,64,0,112,102,0,107,38,135,0,70,75,1,0,116,36,0,106,0,0,0,0,0,123,1,3,116,0,116,108,0,11,26,2,0,0,92,0,108
45,39,30,22,66,148,13,317,15,18,275,20,683,27,11,22,118,9,317,43,25,28,42,14,120,11,319,287,9,10,32,16,19,14,290,422,286,282,274,47,43,294,351,305,247,310,287,265,5,307,297,354,334,20,17,284,233,60,0,324,14,20,303,57
1610,688,45,0,20,34,21,1239,90,142,40,69,27,2496,33,72,36,19,561,149,71,18,28,0,66,0,1861,1198,311,16,12128,0,26,0,874,53,47,29507,845,496,249,1385,262,448,0,550,24,1,0,1168,168,354,696,0,56,2,41,19862,7,293,125,34,2962,258
212,54,111,131,0,75,115,40,157,205,90,182,2,165,131,107,84,69,40,176,48,71,25,106,75,115,107,40,120,91,45,106,85,119,34,84,116,3,41,167,85,0,179,35,0,39,0,2,149,47,0,147,95,122,326,0,50,83,0,0,22,124,41,185
565,449,114,116,30,118,166,1406,187,315,121,158,28,1192,189,228,102,59,375,42,175,151,43,100,76,119,2808,9861,522,127,284,112,91,119,121,166,128,2247,855,6692,1838,787,1857,17105,0,879,34,0,133,12727,91,375,3814,109,6127,2,51,17153,4,1657,79,128,455,323
706,2893,36,1,61,38,0,543,0,49,355,56,280,2648,11,10,27,0,64,374,40,561,317,0,30,0,6744,9696,4780,10,231,0,23,0,333,552,328,432,622,223,300,623,4131,4396,262,664,288,266,0,68350,2243,1009,34823,0,15616,300,253,428,0,353,48,38,480,616
67,0,39,61,0,16,58,0,65,71,20,54,29,57,62,65,19,4,0,59,69,19,9,63,17,60,22,0,55,39,0,46,202,46,0,12,30,0,0,47,30,0,49,0,0,0,0,0,67,0,0,51,0,66,66,0,10,16,0,0,0,33,0,51
95,26,51,93,59,283,108,29,102,81,90,91,32,58,88,115,30,19,27,102,84,36,118,65,382,91,119,52,97,62,34,52,59,118,34,421,43,69,34,105,31,57,165,47,48,35,14,39,115,37,58,139,28,120,125,4,27,103,0,66,27,64,22,148
165,26,86,201,69,72,243,8,210,295,126,133,67,160,259,26,115,65,10,228,107,72,22,114,103,206,167,12,166,124,0,284,102,177,0,105,92,42,1,125,45,51,231,0,133,2,0,38,163,0,46,186,0,161,170,0,11,73,0,44,0,95,0,181
141,8,84,173,62,84,200,1,224,205,124,128,100,112,22,258,88,62,11,189,131,33,11,203,92,169,156,13,156,103,6,109,69,170,0,107,84,52,0,119,34,53,187,0,46,0,0,38,183,0,56,163,0,163,171,0,13,84,26,45,0,90,1,186
1373,422,118,120,0,72,119,886,1537,180,72,246,4,26,112,160,58,57,2649,1190,164,2496,27,97,64,276,7848,15212,7518,91,183,138,88,133,546,336,111,395,328,419,20841,3705,6539,3052,0,1934,0,0,137,14540,38,524,5687,125,38564,0,42,1324,112,374,33,114,5444,280
0,0,0,45,102,1,46,281,56,29,335,0,62,4,104,67,32,29,280,28,2,26,682,0,46,46,370,280,38,0,0,1,27,48,282,322,254,332,275,0,0,316,367,265,278,309,266,285,49,245,345,350,319,45,46,268,227,47,6,340,0,0,279,46
169,39,104,170,1,79,146,42,164,215,86,50,0,244,128,133,91,54,57,158,182,69,20,110,86,150,103,40,1518,120,51,134,73,266,35,63,115,0,38,147,63,0,187,45,0,23,0,0,153,41,2,193,40,130,140,0,43,51,22,0,24,115,37,182
102,48,47,106,125,49,142,355,101,99,54,86,335,72,124,127,90,20,355,121,90,40,275,63,92,104,452,842,116,120,47,79,89,126,318,380,728,340,308,117,58,303,490,297,274,374,311,331,181,339,385,457,355,114,131,267,438,121,0,383,29,77,333,179
194,62,131,154,18,75,152,43,275,24,98,215,28,180,204,295,81,71,49,313,206,143,18,124,81,122,109,64,275,112,48,141,92,130,48,196,105,0,97,186,218,30,210,52,0,30,0,0,125,40,1,181,47,142,149,0,38,65,11,1,36,113,47,186
110,1,124,343,48,66,220,0,34,275,101,165,56,1537,227,210,103,65,0,186,157,91,15,112,103,165,167,6,188,114,2,103,93,174,0,103,85,46,0,118,40,37,192,0,41,0,0,38,175,0,52,160,0,187,211,0,16,81,27,40,0,106,0,190
9466,715,40,0,79,34,0,74,0,43,356,42,281,884,1,8,29,0,543,1409,40,1240,317,0,35,0,25676,473,404,9,157,0,31,0,493,443,366,850,826,792,272,1184,7596,522,283,884,296,279,0,912,400,1548,534,0,29,323,315,436,17,3379,58,35,435,202
130,0,84,196,52,55,24,0,219,152,141,146,46,119,201,241,108,58,0,166,115,21,13,118,118,203,146,1,167,117,0,122,81,189,0,113,79,43,1,124,44,46,370,0,61,4,0,49,203,0,54,450,0,174,210,2,11,76,1,45,0,126,1,187
88,34,67,57,17,26,55,34,66,75,49,79,1,72,85,72,277,16,38,118,75,34,150,74,267,57,70,62,58,62,34,62,32,55,32,268,54,25,116,77,50,20,98,35,2,38,15,0,55,33,17,91,32,63,68,6,22,46,0,12,18,65,31,100
18,38,85,44,14,17,52,79,48,20,125,1,102,0,62,70,59,0,61,30,0,20,67,0,54,62,214,86,37,14,36,0,61,53,73,126,77,111,73,20,16,129,175,66,121,180,72,101,39,86,127,125,75,123,63,68,19,82,0,140,19,47,64,79
109,0,95,26,44,57,196,0,341,154,106,170,45,120,173,201,93,61,1,115,131,0,22,119,88,164,170,1,166,100,0,132,110,191,0,104,89,49,1,126,39,38,198,2,50,1,0,46,173,0,54,178,2,178,174,0,16,71,16,37,0,110,0,188
137,38,16,95,85,67,84,40,128,132,46,104,0,118,84,86,51,39,36,114,111,45,30,67,70,108,505,54,85,86,39,77,33,100,39,55,87,24,47,108,60,25,112,53,0,43,27,0,101,43,25,127,43,90,100,25,30,60,0,22,23,224,41,135
1307,18,38,0,38,34,0,715,1,62,48,39,0,423,8,26,26,0,2888,449,54,689,39,0,37,0,513,4205,505,4,685,0,29,0,87,42,55,169,23452,286,97,742,503,12566,0,149,33,0,0,1195,992,410,7343,0,5899,0,56,293,0,210,99,33,2023,20374
34,1307,137,109,18,88,130,9462,110,194,102,169,0,1373,141,165,95,67,703,564,212,1610,45,139,111,134,751,979,776,131,779,145,91,113,969,20265,155,218,1024,370,10367,509,693,353,0,531,23,0,350,455,197,1060,4241,144,793,0,58,347,24,965,84,147,2489,1976
