952338,559879,678019,309566,579902,280511,466720,276538,870757,820432,282892,196567,627480,227180,267038,303377,689655,220337,671301,713248,281218,452836,506116,730808,237843,258507,245674,487133,283757,255554,349966,131895,440853,323508,403307,818752,321179,1280244,198240,248066,144623,788964,207242,319394,273869,391903,196206,215020,165558,248777,699787,577265,153943,133903,690689,802065,271733,447597,290040,432715,226571,316309,671141,13914
390591,204473,642085,246531,181958,246452,333650,288371,554734,481314,384401,343725,269530,364558,319485,385353,354961,195324,448836,325548,341609,319833,182006,389564,355978,222848,422982,528257,144998,270830,142888,140114,251744,185609,541340,353178,249433,192182,656871,161204,200632,330322,205305,261283,196585,661371,194282,301136,136965,263962,676007,336424,495836,145629,400800,367370,315635,254064,318334,391260,648826,271455,6240,671164
557090,226934,1027841,322317,284440,601940,608573,499949,662965,337044,250816,245412,857021,379606,357949,262581,1009303,165506,656936,916477,507254,834493,993490,1187017,120999,244060,197588,160116,99446,223101,217083,265422,675629,1090587,267607,720988,148962,1208885,206661,343962,484078,896904,443550,395382,154540,477898,297439,166133,162511,168013,320166,611766,569330,109138,500748,950973,230795,147499,157713,498483,403886,20240,271443,316307
353651,376583,328094,421392,333107,257772,218234,352043,440768,497852,482284,329976,621075,329568,336145,218072,394801,193825,306051,342137,579314,241262,415194,290183,1186279,101196,337082,385490,179555,300406,203636,173874,323259,716082,350659,375839,224288,321045,153474,284398,495586,392331,367204,291887,202102,335676,262797,234210,295019,412957,238068,410904,659435,243273,420733,261933,111822,420233,174422,407940,5850,403924,648807,226594
485661,275670,288897,275940,247479,520674,485643,325839,499381,519656,182622,159826,338579,238707,274338,402276,583833,158927,437207,378396,370200,349675,441285,389738,156662,139701,301069,463662,248055,170371,377256,102162,356865,391506,385042,375534,250814,303965,229087,339519,197673,513204,316846,439353,173355,381593,132686,143588,181419,361896,391034,507136,289213,310985,395871,279507,503967,285234,304471,14552,407961,498477,391227,432748
299559,179938,113844,133670,120065,188124,219901,298657,333064,225453,238475,101052,187081,375383,163236,140229,203334,130962,102594,197683,619843,206302,163358,154999,165687,255073,143627,260713,179153,257581,222738,147918,210291,150506,143425,297084,160943,123966,197236,391228,168302,276571,369586,194413,134389,262287,138005,228040,159884,131767,120066,241849,160225,419827,164123,137176,106208,229308,8634,304507,174416,157701,318381,290025
262335,85396,623219,218248,289584,300364,283366,145346,357538,318328,209040,409710,277217,238694,142113,166790,292357,187273,290340,441181,192167,305531,314242,294987,253712,310612,215511,115023,256681,144100,190638,183676,392263,255225,249927,321553,243990,338861,159072,129285,415653,321198,438796,342052,164730,399610,163523,253574,127107,426516,219428,369844,237204,441937,259073,186121,199317,10490,229272,285220,420095,147518,254055,447597
161158,188096,343768,269556,206544,305748,279902,191166,160024,346667,114503,342658,365868,265308,155337,159239,309789,433268,210568,148255,218580,426458,200599,94718,215402,223357,140402,347565,111124,162085,199120,130446,302289,173204,122902,127072,206392,120027,282347,130874,180663,454751,178953,361760,204122,207987,527836,258604,321065,236057,181449,253844,225789,333646,201793,142936,9870,199376,106180,503983,111819,230799,315598,271832
1325447,183725,1187250,136888,190352,281280,461238,146727,727864,1075157,470002,168066,1046490,188269,278689,174195,1425129,184594,1009414,874941,440278,343183,847299,1164028,211629,150704,146480,215558,210806,202920,212862,170326,596284,1582857,286814,1104522,134878,1101651,178016,94667,120042,1135490,446527,227992,139879,334972,90582,146162,129849,223018,204434,601053,369446,150213,743975,31434,142934,186069,137140,279314,261856,951101,367268,801978
1744175,161169,1140837,123093,226356,836998,721314,144662,823501,1184338,509773,265636,1212660,428084,282009,410378,1100826,278254,1033862,843706,311422,566794,934827,1284121,210627,188350,239803,264174,145404,233980,188335,169498,689781,502557,664373,1226786,194572,1133200,169004,190803,222882,1231403,747024,291263,131403,763267,176891,351708,277773,345786,329353,915302,291922,281670,32348,744395,201782,259033,164096,395779,420686,500697,400730,690468
571613,180936,220550,163397,109953,401320,225901,235412,165800,266949,156265,195756,169522,145294,370081,138412,556600,170799,159089,182094,228971,181855,254209,157874,219446,91916,164311,99639,136682,378834,164823,151527,178236,192383,373622,265868,222112,224583,226109,240052,110306,193229,232453,214472,175656,283524,175109,224191,218258,167672,98122,241417,163852,7864,281712,150216,333615,441964,419963,311055,243295,109213,145609,133928
376546,157719,345205,206696,177606,152916,391498,362272,330197,195104,383221,93381,427975,253971,363276,88885,762645,130823,427197,492601,487091,277407,334744,316105,201335,292517,292307,149377,181363,183775,324286,161718,293771,347395,329294,331404,155863,322146,177922,180638,210995,471453,314008,137600,279389,409189,342704,205466,288505,267218,293237,176572,14508,163816,291975,369412,225762,237179,160261,289310,659529,569014,495762,153978
1940731,329830,1040642,368045,249128,740265,907525,270206,512361,1014024,272706,133213,1510352,213712,361143,249399,1173769,228671,1163541,1030459,608505,532501,955752,1072998,414861,253033,286930,340711,269116,190113,268419,169719,694751,865882,503361,1082175,180882,1132306,175795,217523,180422,1267107,528465,230288,183385,561187,248151,306591,150934,304748,283391,38420,176546,241415,915942,600849,253861,369806,241844,507163,410860,611735,336358,577085
276506,253937,307172,333732,134819,355959,366780,233500,274731,259281,204903,375735,563405,380626,224721,160333,329848,273444,260920,327327,448408,607788,241049,246048,232174,242613,273346,411144,567941,178754,214948,115474,436984,330777,335106,433235,128334,308985,235091,327558,172147,317216,361968,334315,184362,259290,107447,179543,318264,406370,14430,283531,293254,98122,329344,204409,181464,219470,120084,391052,238074,320152,676066,699576
303493,280323,420651,142136,209502,485790,319546,265037,372911,613008,255237,509553,442687,310161,405147,201888,342232,277151,289074,316093,389800,378799,304741,521116,136295,283062,210282,215327,388999,226844,121091,130076,414545,593833,420687,309517,226791,307187,189752,339993,224548,413747,394058,270952,297277,325253,320058,186012,358965,13414,406598,304734,267205,167653,345848,223046,236051,426558,131776,361927,412951,168024,263941,248746
138721,115526,144032,478445,221868,120418,245606,173373,180871,194565,100625,225489,181471,197405,143359,135179,157137,311140,181813,236756,171040,300328,276795,263482,367955,286618,121029,352944,242027,105700,146241,325689,117933,207465,140499,212455,130431,138856,208392,222290,318586,133855,130529,140013,195906,106760,124357,192694,10654,359009,318241,150899,288520,218294,277975,129850,321394,127127,159982,181409,295023,162522,136942,165577
101795,217374,156878,222430,101223,209551,189383,401044,210311,169615,222034,184811,299704,202671,259930,255792,170546,162145,123779,185967,241156,174933,262927,183991,150171,189677,121831,207338,216376,231013,215896,119510,261446,163251,268496,130691,338316,161667,151972,162376,123287,265962,198402,302186,132139,165417,195865,7182,192720,186006,179476,306615,205456,224192,351741,146152,258613,253560,228105,143619,234229,166195,301142,215052
189737,171135,108021,215124,306638,346506,171074,250537,93279,140449,309293,176467,191586,298321,120643,224772,191363,155142,153881,146928,148827,169975,160177,328479,201240,170754,264728,226921,127304,140556,111135,284822,284949,147884,103393,143092,319906,207695,170726,124117,121167,135624,93301,108150,218636,246631,8984,195859,124365,320078,107458,248156,342702,175083,176911,90581,527876,163636,138038,132706,262809,297408,194312,196254
844774,171419,762547,349215,266983,452401,796267,479446,379640,818110,322334,153611,805654,154609,214342,241071,795861,168870,657647,789636,348802,527730,774164,615714,167594,228210,216799,188878,174806,186661,176382,201194,450711,557553,477516,1165416,181017,713724,142756,141648,150867,701447,574997,285294,208909,27432,246637,165426,106768,325192,259310,561327,409170,283515,763528,334929,207921,399546,262224,381610,335673,477901,661331,391879
211569,306235,150928,277750,162312,122625,342218,224432,167033,118340,214870,217143,198962,263612,170799,182105,154333,201310,179424,364115,171109,111011,149198,265529,160334,140010,204510,134873,88688,274844,275325,204984,175177,123731,341711,195121,161261,111171,285683,260521,180061,131068,192435,103650,9038,208916,218642,132132,195856,297275,184357,183367,279402,175693,131440,139882,204034,164746,134408,173349,202105,154567,196600,273935
581949,220111,265432,147030,122106,365152,311659,240484,315514,279682,149763,224198,286909,179709,174767,175599,292353,179326,300640,241453,217834,395948,306939,266285,195152,142401,295931,179099,196954,177261,96678,197903,367648,249598,366382,479402,133142,263398,210183,147433,195181,290876,370873,12848,103615,285383,108135,302161,139985,270901,334357,230331,137568,214497,291317,228023,361677,342058,194387,439392,291913,395387,261260,319503
771813,167199,763050,190290,147540,426826,753578,192656,314390,685688,126895,342755,644084,220612,291522,209101,609649,358174,527723,607442,522655,448709,891667,707021,209187,140928,318287,215707,455758,559182,249279,197492,542832,491274,483883,647163,184392,739963,135016,137313,205522,680642,26820,370845,192430,574875,93296,198421,130487,394103,361982,528325,313998,232526,747033,446435,178985,438736,369626,316922,367171,443589,205305,207318
2078261,415555,1800963,176607,169755,521250,921713,187467,978612,1474950,232741,356124,1862424,246548,357441,443826,1921915,169024,1582968,2009904,827966,449222,1619169,1843338,224816,189758,283536,232385,240415,367062,459038,517568,998774,1056169,574361,1744786,158905,2018177,226231,137809,211218,52664,681012,290936,131064,701654,135630,265923,133872,413797,317142,1267141,471454,193212,1232120,1135604,454773,321232,276562,513102,392142,894842,330204,788751
158459,149095,169084,173347,347832,146467,160338,285463,233467,279675,101275,141274,221763,235996,214332,186367,252212,179296,201866,289109,175006,273524,138800,202738,289607,143752,265148,215013,213883,171613,163402,159234,260362,220033,165478,196621,320092,149158,129366,134974,6294,211218,205522,195180,180088,150843,121193,123310,318609,224602,172261,180408,210982,110303,222852,120040,180663,415894,168314,197722,495749,484149,200636,144668
153789,776370,118384,136922,163153,326697,166112,179309,838612,231389,140172,257339,103754,190810,146424,245991,187837,409694,126730,348649,130961,237022,137024,233035,298252,254411,168161,131903,335694,246865,326815,89488,171209,165921,227373,147628,190876,150983,131670,7734,134917,137799,137311,147452,260518,141645,124115,162380,222233,339995,327545,217571,180658,240086,190798,94639,130817,129324,391402,339516,284497,343995,161235,248202
156737,170236,90347,196330,331800,168115,185095,329076,109944,117939,111214,241187,193600,266472,251372,167378,422054,340664,120931,122995,127314,173695,117410,118980,266740,165665,178816,252831,134258,250700,149023,265798,287279,160337,138831,199228,136947,294507,9448,131660,129383,226175,135050,210179,285724,142764,170707,151979,208423,189759,235107,175764,177907,226097,168980,178111,282507,159091,197260,229113,153534,206621,656964,198355
2533457,657792,2163319,213286,277735,561755,933229,400791,1009029,1436635,175797,187874,2152544,193109,271744,217181,1933604,152174,1577461,1648157,594218,493866,1376921,2088210,290901,355646,267376,342408,271247,256223,218430,214813,819080,1028509,455562,1812923,449292,46264,294464,151017,149191,2017873,739754,263545,111180,714234,207684,161643,138834,307147,308954,1131929,321887,224587,1132337,1101775,120011,338988,123989,303590,321009,1208585,192181,1280053
190997,214280,204615,213990,120812,328743,122303,309014,290461,131300,155191,167121,292066,226433,239870,79336,184411,137264,250330,167477,299925,115807,219990,280671,188870,184223,93386,179329,268674,256854,167639,132278,107720,133347,130382,225705,6386,449359,136964,190914,319987,158908,184404,133157,161195,181024,319924,338583,130437,226771,128330,180888,155894,222030,194591,134876,206302,243978,160961,250828,224321,148990,249441,321336
1769611,219761,1860469,308613,225737,400768,1132191,149976,1020679,1576131,385718,168092,1970726,126505,243132,218835,1823574,256230,1617123,1592585,726211,487764,1550433,1866509,174971,150090,337224,206959,129296,186137,249562,228185,797272,1103077,379513,46502,225686,1812996,199250,147636,196603,1745266,647152,479266,195093,1166239,143117,130685,212433,309460,433290,1082233,331427,265847,1226758,1105124,127038,321695,297118,375313,375833,720825,353145,818684
435358,195312,395513,588662,173869,339572,419220,283099,235205,567313,368395,220205,433774,254149,305427,192322,423201,239874,393611,555797,406594,435362,441500,382813,101507,169017,274980,125572,382828,191100,220819,228633,480963,530161,16082,379848,130408,456017,138835,227378,165505,574125,483805,366165,341729,477503,103395,268469,140493,420731,335097,503216,329316,373457,664186,286780,122886,249959,143454,385210,350627,267579,541218,403364
1139146,293587,1218370,239234,266921,351060,661290,166655,505885,777158,352677,220203,1848709,130803,195513,342675,1039389,152728,1094735,880099,609993,347058,1204617,1075006,177593,181848,248955,205463,186574,161577,117175,250296,597544,30080,530224,1104330,133329,1028425,160326,165953,220029,1055304,491334,249560,123686,557351,147865,163228,207496,593885,330844,865919,347469,192249,502718,1582893,173240,255275,150528,391564,716040,1090474,185625,323574
944162,322279,1000928,175100,201815,554118,383568,135234,665596,835287,271491,136482,936254,368287,287785,163765,1032528,195053,1066272,873415,283268,864130,800618,824942,848675,134560,237082,429186,222414,132863,301785,274567,29514,597637,480983,797592,107716,819011,287256,171203,260359,998547,542757,367667,175176,450734,284960,261416,117955,414627,437010,694530,293642,178219,689558,596328,302399,392304,210198,356936,323299,675366,251774,441189
152333,205330,172464,128909,252166,160518,379004,133457,590365,193657,280686,115355,417466,304328,274198,190660,137481,146627,198594,357259,187732,128625,171359,238963,164749,173118,140691,155810,208394,136792,108125,9286,274480,250271,228621,228176,132275,214822,265807,89500,159195,517590,197448,197865,205028,201214,284894,119513,325650,130054,115277,169686,161654,151490,169498,170310,130444,183619,147926,102160,173879,265431,140123,131943
330944,138971,242583,396371,267290,150784,122875,275780,195016,263290,200200,262276,105293,228163,148371,144159,162834,177973,196105,293484,345983,304445,181039,140065,101387,236864,259646,218837,224809,371506,8926,108153,301773,117215,220828,249641,167705,218460,149097,326831,163358,459040,249281,96672,275259,176329,111110,215877,146237,121062,214960,268429,324354,164824,188331,212886,199176,190699,222950,377242,203669,217119,142892,350012
206293,156631,166882,276353,180941,427681,144205,184476,213524,248141,104304,109077,156476,129080,154574,164850,263697,129949,305111,169894,177534,148027,141058,131653,281589,217061,274531,118979,351517,7860,371540,136760,132869,161581,191111,186162,256861,256236,250674,246808,171612,367060,559191,177258,274829,186595,140542,231098,105597,226818,178757,190147,183767,378891,233989,202918,162045,144126,257696,170462,300395,223108,270843,255619
215991,256850,118020,263236,293226,201598,161397,241697,210715,488192,135180,165212,196764,272623,168182,149351,236429,89992,163755,239198,316301,146385,440473,188426,139356,266320,178820,169567,7692,351699,224782,208419,222404,186595,382804,129311,268783,271266,134294,335678,213844,240474,455745,196980,88692,174794,127317,216518,242024,388996,567893,269083,181322,136684,145458,210798,111153,256742,179272,248099,179610,99487,145028,283729
246056,221873,246979,196933,251082,492044,228354,182888,157914,156420,190268,256341,209449,161882,107153,315319,290904,323691,297694,236310,285221,137969,240810,360397,303378,297109,140352,11096,169564,118971,218809,155772,429152,205437,125545,206955,179336,342247,252787,131902,214932,232242,215721,179113,134812,188863,226935,207355,352940,215316,411164,340555,149403,99648,264204,215573,347594,115060,260681,463717,385511,160132,528267,486756
198439,154569,144303,137155,217280,132349,155662,274153,291462,234545,134464,320195,183052,144207,650945,181300,171535,118686,287813,195949,176916,197526,198257,232698,144578,166257,7130,140370,178803,274595,259700,140684,237123,248945,274869,337251,93374,267420,178821,168184,265116,283569,318293,295895,204504,216714,264516,121889,121005,210299,273285,286902,292275,164297,239875,146493,140438,215488,143652,301123,337007,197623,423051,245675
268120,419582,334411,366959,359671,151554,278132,351487,133167,202369,224553,326457,174294,136462,183846,186155,161206,188360,421686,420617,185410,220056,136690,126162,262513,9938,166163,297025,266312,217067,236921,173069,134556,181836,169043,150061,184223,355778,165630,254313,143730,189699,140936,142398,140012,228228,170757,189645,286720,283106,242562,252977,292515,91915,188418,150764,223601,310688,255011,139861,101220,244110,222880,258553
239498,153793,184340,295372,209179,249450,235088,169755,193539,295131,241801,207245,225109,192927,133780,226437,299680,191286,252912,207702,195210,226986,147492,258984,10944,262800,144621,303447,139311,281551,101376,164749,848658,177547,101480,174979,188843,290927,266866,298227,289570,224740,209183,195124,160324,167598,201282,150165,368045,136244,232198,414881,201336,219247,210641,211635,215516,253754,165856,156672,1186316,121024,355887,237894
2269338,226881,2879026,130207,254725,995855,983195,167300,1082595,1641821,458961,207119,2488547,625869,272490,308748,1838200,150538,1541907,1809477,741120,781238,1710816,41092,258936,126096,232603,360299,188311,131610,140043,238815,824595,1074462,382736,1866534,280669,2088766,118955,233020,202672,1843371,707348,266259,265492,615221,328403,184000,263427,521064,246146,1073000,316252,157892,1283967,1163799,94737,295028,154970,389797,290143,1186666,389529,730825
1931608,187189,1604601,280829,223804,696872,994233,233886,664334,1163409,438776,182439,1995423,152475,305584,194322,1621980,213294,1395242,1496270,627151,494794,40302,1710949,147486,136711,198227,240744,440368,141041,181027,171280,800528,1204480,441393,1550058,219991,1378037,117390,136959,138858,1618075,891710,306993,149205,774100,160153,263024,276665,304654,241117,955812,334690,254198,933927,847280,200642,314259,163401,441308,415168,993106,181993,505885
767195,213312,468553,276825,315338,619939,406220,214776,361232,791048,362923,266507,814122,251005,258777,342946,527827,95514,528256,661813,411611,18840,494968,781027,226938,220110,197539,137847,146361,147997,304440,128642,864107,347066,435191,487993,115811,494086,173670,237053,273526,449309,448809,395829,111054,527805,169974,174933,300301,378708,607788,532768,277429,181821,566831,343263,426511,305528,206350,349749,241258,834534,319823,452853
600804,368444,543877,296615,246210,382255,594600,143551,600304,624205,457623,335336,542915,204310,255082,166342,528291,357071,771083,596097,18520,411550,626998,741272,195074,185345,176931,285307,316302,177477,346044,187706,283237,610427,406410,726030,299887,594434,127314,130977,174970,827890,522746,217820,171038,348778,148819,241163,170773,389703,448532,608394,487119,228928,311528,440208,218538,192183,619818,370297,579291,506605,341539,281254
2092935,281001,1957810,187230,238277,386832,875446,236160,1090011,1200547,148733,183686,1830447,249434,302509,241144,1738372,208384,1759957,46666,596028,661683,1494846,1808394,207607,420550,195919,236336,239181,169888,293441,357169,874030,879318,555732,1592504,167609,1647810,122977,348641,289115,2009364,607562,241453,363966,789263,146874,185983,236615,316047,327229,1030230,492564,182047,843979,874447,148285,441132,197675,378452,342258,916246,325500,713123
1597468,204379,1632456,260169,292895,328125,933903,278068,947569,1283037,332100,3978011,1689162,225979,326587,188997,1691433,204653,42586,1762152,771006,528379,1395109,1542770,252901,421645,287755,297624,163753,305036,196049,198540,1066333,1094548,393643,1615527,250292,1576948,120924,126728,201855,1583168,528131,300579,179456,657630,153882,123816,181717,289045,260851,1164117,427122,159078,1033853,1009369,210570,290280,102591,437291,306011,656641,448865,671605
129161,209126,159711,243784,635062,212272,139972,123588,171062,121083,136621,394710,282659,249623,118820,221788,168427,9372,204795,208404,357085,95557,213351,150550,191282,188296,118654,323554,89994,129895,178055,146632,195012,152774,239894,256277,137263,152196,340629,409962,179212,169032,358132,179354,201370,169068,155136,162406,311301,277044,273477,228674,130805,170783,278269,184614,433095,187293,131028,158958,193831,165492,195332,220329
2110874,174986,1977860,251426,257829,514431,955740,140201,1266852,1795226,314437,392915,2098386,153031,334233,245629,51984,168387,1691058,1739291,528443,527792,1622669,1838030,299817,161171,171576,290949,236428,263720,162627,137484,1032260,1039335,423240,1823958,184407,1934571,422014,187822,252185,1921308,609548,292332,154326,795787,191360,170514,157144,342140,329900,1173607,762478,556542,1100463,1424940,309833,292464,203356,583968,394759,1009241,354963,689478
296359,198851,238760,216899,389839,611732,272367,239573,318328,255952,548241,136136,309639,256827,119620,9738,245532,221698,188909,241169,166335,342935,194314,308617,226358,186000,181280,315137,149357,164875,144214,190631,163770,342558,192296,218930,79334,217395,167343,245966,186317,443701,209107,175500,182048,241073,224657,255722,135172,201863,160297,249434,88853,138339,410386,174225,159230,166781,140246,402275,218085,262542,385381,303258
417089,168943,463638,242796,190255,327406,261714,195153,362119,250208,122274,136861,264252,152763,9588,119646,334252,118791,326540,302629,255010,258772,305678,272457,133781,183818,650918,107156,168163,154538,148373,274191,287818,195512,305408,243188,239876,271856,251381,146435,214305,357378,291517,174768,170776,214358,120653,259949,143369,404977,224628,361155,363151,370077,281853,278755,155346,142111,163208,274348,336105,357901,319422,267062
154703,208187,177080,192144,213961,374678,129243,257796,283315,132442,201033,190018,183985,8970,152771,256976,153036,249630,226149,249454,204284,251005,152474,625880,192916,136460,144187,161842,272644,129041,228159,304227,368286,130816,254157,126504,226346,193211,266476,190783,235929,246675,220600,179721,263545,154648,298228,202542,197392,310184,380597,213623,253986,145310,428132,188213,265298,238748,375361,238733,329567,379610,364529,227181
2457610,575402,2120989,196973,200370,379145,1150679,652659,915487,1860428,169918,234380,47194,183971,264199,309698,2097986,282477,1687585,1830403,543018,813975,1996531,2487648,225064,174283,183046,209384,196725,156406,105265,417457,935917,1848272,433589,1970334,292059,2152209,193611,103735,221743,1862522,643926,286919,198974,805572,191577,299704,181416,442771,563185,1509681,428052,169534,1211872,1046305,365708,277335,187076,338586,620859,856192,269562,627597
200812,297442,425568,287666,182595,238639,210613,175888,190373,247881,216124,9034,234375,190030,136845,136236,393131,394736,3980465,183699,335321,266519,182447,207185,207205,326439,320257,256243,165208,109081,262151,115349,136494,220169,220216,168187,167123,187904,241018,257221,141274,356256,342790,224190,217081,153638,176445,184805,225409,509497,375728,133253,93406,195682,265720,168137,342674,409716,101061,160144,330044,245623,343694,196590
195362,331584,262987,175337,313647,263331,297149,524345,377114,292438,9012,216091,169916,201033,122314,548581,314552,136681,332041,148756,457657,363029,438930,459188,241720,224454,134453,190268,135075,104321,200177,280654,271506,352632,368434,385869,155188,175834,111218,140161,101384,232763,126993,149852,214768,322347,309186,221981,100610,255237,204875,272718,383197,156252,509814,470296,114514,209056,238514,182781,482274,250815,384405,282902
1712081,293063,1471730,325768,261652,585810,1195844,285462,705768,34522,292257,247865,1858662,132445,250174,256038,1793055,121074,1282659,1200938,624241,790725,1162538,1639996,295214,202322,234583,156411,488080,248126,263265,193624,835264,776993,567110,1576831,131274,1437814,117958,231370,279677,1474839,685878,279642,118325,818301,140461,169626,194610,613035,259305,1014159,195090,266812,1182625,1075291,346500,318402,225441,519655,497754,337087,481197,820097
1028114,1144680,940174,190249,219925,493961,255746,232231,25460,705894,377114,190390,916317,283369,362217,318301,1267097,171035,947313,1090439,600313,361255,664312,1082741,193482,133150,291457,157911,210642,213536,195036,590352,665965,505917,235071,1021628,290369,1009512,109930,838554,233538,978078,314355,315515,166991,379574,93277,210363,180871,372833,274759,512303,329996,165737,823596,726741,160018,358511,332850,499451,440723,662751,554673,871367
152712,753668,252331,196702,235218,166067,263865,8562,232148,285517,524318,175907,653163,257770,195147,239586,140195,123551,278124,236138,143589,214794,233905,167302,169728,351455,274210,182903,241662,184469,275868,133457,135226,166649,283094,149996,309083,400788,329248,179259,285499,187540,192682,240513,224376,479492,250526,401054,173475,265045,233549,270236,362264,235417,144665,146781,191171,145385,298673,325854,352053,499878,288471,276548
2848126,453007,1079963,143818,556260,506251,27928,263840,255732,1195799,297163,210648,1150675,129217,261723,272368,956011,140045,933881,875285,594595,406100,994488,982171,235005,278019,155663,228306,161413,144201,122864,379052,383568,661443,419136,1132835,122308,932855,185015,166089,160377,921437,753108,311627,342159,796247,171075,189390,245612,319602,366784,906824,391387,225864,721252,461333,279923,283397,219917,485698,218251,608898,333670,466681
499649,206111,623475,154386,184903,13052,506277,166068,493898,585867,263343,238643,379306,374698,327417,611716,514495,212289,328187,386824,382282,619964,696701,996000,249448,151549,132330,491917,201583,427659,150788,160541,554151,351031,339613,400987,328762,562178,168111,326692,146457,521665,426791,365094,122606,452386,346489,209553,120253,485709,355915,740484,152960,401292,837288,281513,305714,300433,188173,520627,257817,601955,246409,280440
181340,458217,188271,260730,8934,184915,556280,235206,219960,261657,313586,182595,200415,214035,190288,389901,257837,634972,292898,238256,246169,315385,223794,254748,209219,359618,217263,251066,293105,180904,267263,252151,201805,266951,173866,225766,120812,277752,331784,163141,347829,169763,147571,122106,162222,266871,306597,101225,222001,209480,134822,249153,177595,109938,226393,190384,206546,289616,120099,247606,333141,284465,181996,579936
345847,184302,311704,9758,260760,154405,143783,196736,190300,325793,175337,287671,196964,192154,242776,216896,251491,243740,260037,187242,296845,276851,280863,130223,295176,366956,137120,196987,263457,276306,396354,128891,175089,239255,588651,308745,213937,213379,196257,136931,173311,176680,190359,147021,277694,349261,215083,222511,478443,142157,333740,368126,206659,163399,123111,136933,269622,218251,133655,275948,421359,322240,246551,309580
2558670,196801,43746,311684,188265,623440,1079571,252333,939954,1469906,262819,425555,2119124,177050,463668,238637,1978421,159681,1632988,1958129,543568,468369,1603136,2877295,184244,334384,144290,246971,118058,166895,242589,172468,1000168,1217959,395451,1858988,204609,2163053,90357,118403,169102,1799818,762927,265426,150993,762791,108051,156896,144080,420633,307229,1040430,345011,220490,1140738,1186970,343747,623121,113845,288817,328120,1028550,642191,677776
293698,9186,196793,184306,458223,206102,452980,753660,1144663,293058,331613,297440,575458,208235,168985,199464,174962,209103,204383,281064,368442,213265,187168,226900,153716,419573,154610,221604,256866,156578,138964,205293,322209,293550,195318,219810,214287,657779,170221,776664,149066,415564,167194,220121,306179,171432,171075,217402,115515,280350,253933,330024,157707,180938,161186,183541,188110,85397,179959,275703,376599,226982,204556,559842
42408,293720,2556865,345937,181334,499588,2848327,152707,1028645,1712934,195628,200815,2459834,154706,417293,296426,2115367,129123,1597663,2093678,600882,767177,1931559,2270045,239387,268148,198452,245841,216004,206289,330959,152398,943780,1138740,435327,1768261,191046,2531537,156737,153776,158436,2078106,771991,581916,211550,844929,189744,101807,138701,303305,276509,1941391,376557,571918,1746708,1325433,161124,262347,299548,485673,353695,557641,390543,953190
