449894,460473,437650,456107,341412,342669,335139,334517,339240,337545,360559,341865,338251,343246,337829,344102,406273,348362,374084,327155,337901,389420,335185,339514,343792,343521,412549,337620,346125,335934,344604,343776,354476,351440,332809,349635,359292,368677,338100,338486,380940,411256,358853,332013,334988,335493,380287,318861,316255,379718,332541,364059,342345,391285,388729,354063,339426,399067,343978,350720,416130,381344,396425,4
446516,462284,440390,455534,339331,349529,339746,339129,339167,340400,359111,340604,335830,346268,339859,345830,399263,354661,375287,328084,339487,390527,334887,343646,341019,342983,410887,338727,346983,335439,345308,340987,355281,348932,335337,352981,366545,361541,343526,338554,382090,406132,364298,340756,336896,329010,376248,318799,315330,381566,338739,370067,335044,396099,385187,358525,343339,405441,346504,349805,417669,387938,4,396418
426514,444482,426656,436369,325949,328874,322975,328087,326922,329353,347732,329659,329482,334655,327436,331803,396513,340669,357142,319888,328913,378762,323172,334207,326305,328651,399473,323324,329965,326988,332483,327934,341627,343198,323240,335683,343389,353797,329381,327156,367227,394266,348367,325586,323950,321782,359177,307839,303337,365128,323111,350770,320162,379941,371622,345012,323998,385822,331068,341336,399789,6,387952,381404
465339,482980,456570,475936,357063,361144,351618,348833,351821,352924,375182,355145,352527,364614,350872,358244,418149,367784,388079,341946,354458,409168,345800,359093,359346,362926,432585,353253,360664,352859,357546,358011,374714,373837,350141,361612,378008,381703,356433,355045,394762,423523,379133,348146,349879,348397,392097,332954,328979,391120,352404,386307,355332,406350,399034,369964,355443,411033,362332,361706,4,399784,417687,416220
389154,405122,384614,398500,295327,300597,291764,294706,294741,302128,317568,298181,296012,301627,294806,304446,352803,304753,325199,285797,292524,342449,292651,301461,302784,299456,358112,293200,307814,295913,298311,294933,310180,310070,291403,305654,317717,319223,297020,296808,331889,358925,315438,293512,293495,291572,331330,278404,276516,329385,294630,316166,296035,343657,337123,310779,293796,346169,297887,2,361706,341322,349837,350783
381517,391917,373858,387337,292238,293906,286608,289629,291033,293274,312700,290919,287554,298537,288929,298067,345996,302099,321103,279023,288539,331833,285724,297926,291413,295923,353408,287910,303551,285536,294699,293234,305623,303111,287352,299837,307717,315042,292633,293648,330660,351694,308205,290555,290695,288248,322900,272096,269689,325672,284288,315498,288744,337294,329522,306100,290651,339581,2,297898,362329,331085,346536,344051
447205,462345,439199,453699,338164,342368,333181,340379,339148,338896,360861,336723,337031,343604,335367,342196,402704,353922,371649,323183,337463,387098,337687,344313,340070,343094,409360,333601,345892,334997,338482,338899,355078,351481,332295,345550,361560,366764,331669,335952,377315,407070,353568,334372,335640,331885,375694,314264,315146,376752,334179,364560,331317,390291,385283,354852,337094,6,339569,346160,411046,385819,405460,399126
376813,387777,365631,381801,289915,289076,286830,283840,285677,287985,303249,287856,283488,295872,285556,292225,342634,297240,314031,280478,284964,330851,280042,291872,289287,289808,352037,286601,292614,283885,290124,286528,304218,297217,283358,290992,306140,308635,284821,286582,322759,342772,304691,281977,285376,284243,321083,269850,269075,316841,282529,313046,281397,332798,328892,301711,4,337085,290641,293783,355440,323974,343357,339441
390295,409004,389192,397914,300583,300990,298932,297911,300488,303108,323173,303185,299940,303054,301536,303962,354265,311069,332125,291289,301167,342965,297156,306689,303332,302596,362722,302309,307140,299634,306831,302226,310676,312158,294307,312020,318015,323404,301032,299549,334454,357877,317710,296101,299921,298861,333067,283343,281705,335098,296996,324188,297154,346764,341473,6,301723,354830,306097,310780,370030,344992,358572,354120
428405,448909,416840,435882,321806,330814,323629,323989,323834,327035,347048,325589,327784,327315,326344,329333,384841,337046,358531,318998,324455,377388,321429,329984,327762,337087,395940,329955,335928,318813,329714,328731,342717,340651,321434,335661,346326,350721,329466,326238,363064,391655,344733,321713,322954,319818,362282,309623,301180,361729,319211,351275,318417,379947,8,341453,328882,385283,329519,337124,399053,371629,385242,388853
434491,457081,432606,451837,332827,341370,332918,327751,333953,337061,354924,334498,334756,340296,339261,338519,393095,344574,369216,326402,333087,387900,331510,340825,335733,340178,402469,334859,345524,328516,337822,331813,345606,344890,333619,347313,357815,357763,334892,338140,373126,405148,356583,331379,330959,326305,372166,311403,309359,368956,332155,362913,328745,12,379962,346783,332818,390285,337311,343646,406360,379956,396115,391362
375312,393550,367781,380460,284477,290507,284568,284549,284134,284080,303827,284692,284235,291193,284595,288057,338738,298090,315002,276684,281732,327215,277431,294079,285429,290660,346331,290576,289398,281526,287661,283159,298207,295305,281955,292067,303970,308150,289573,287891,322283,345064,303085,280638,283746,281361,312694,267141,261981,312907,284872,309012,6,328745,318433,297157,281397,331330,288763,296034,355378,320147,335075,342417
407947,426038,396178,416325,310508,315942,306862,309885,557273,308495,326688,314319,313896,315690,312989,310443,369005,322631,341806,302999,311742,353427,304502,315511,311766,318531,376271,312932,317208,308367,314088,307645,324165,321968,307017,320716,328817,332019,309813,305262,343590,375237,325936,310016,304372,305703,343765,285344,288611,340359,303921,10,308988,362921,351262,324161,313028,364550,315522,316166,386282,350767,370075,364129
369781,382938,363977,377682,281150,290065,277742,280691,282553,286960,301538,281949,283227,284247,282517,285765,332809,291246,310339,275530,281599,327490,275862,285305,286046,285913,342393,281938,286644,280403,283269,285556,295651,294012,277019,289830,300348,306175,285201,278024,317978,339408,299806,280599,278027,276007,311324,265736,261229,312583,0,303923,284860,332152,319220,296997,282509,334172,284270,294626,352406,323102,338782,332555
413848,430810,409685,428717,320836,323947,314053,314429,316588,318581,333762,320245,319227,322477,316136,323000,379813,331463,349795,312661,316834,368600,316207,324162,320900,322997,383511,315855,324886,318902,321003,323345,332220,329169,316248,325146,334203,339857,314083,318676,359073,380474,340994,310825,314312,306798,349208,298725,295530,2,312586,340385,312873,368965,361710,335096,316841,376742,325677,329373,391150,365133,381586,379791
346963,361576,341163,362199,266186,267980,259032,262601,264169,269514,284621,268255,266555,271211,267023,270554,317093,274003,296475,259423,263230,310388,259742,268153,269141,274340,321924,266348,271290,263832,270932,268787,276260,277374,263392,274669,280598,285003,267289,266039,298436,319083,284589,264803,264102,259988,292575,247982,4,295523,261204,288584,261975,309344,301137,281648,269052,315056,269635,276428,328933,303297,315283,316245
350675,360940,348113,359350,269422,273225,266111,264739,269047,271288,285322,271880,270585,276363,267934,273975,312298,277827,298045,260131,265151,312414,263643,271733,271822,269390,325977,269833,275076,264034,271205,270040,278323,277960,265302,280751,283559,290306,263678,270444,297533,321503,284499,267558,260926,269275,293542,0,247987,298715,265751,285356,267150,311405,309625,283348,269855,314283,272090,278401,333003,307828,318837,318927
415780,436361,409033,425915,315477,323147,313282,317010,315772,324059,337762,318728,319501,324762,318732,326998,381487,332637,348080,307105,319253,365751,314406,322628,321542,326619,382181,316122,323751,320896,320007,321056,334134,334348,312893,330583,337115,342969,317972,319702,356331,381837,337220,313026,313545,309603,4,293531,292588,349216,311353,343835,312669,372176,362287,333066,321087,375728,322910,331346,392132,359185,376265,380380
373112,380543,360368,377900,282718,290420,275579,281093,282765,281040,297195,283844,279983,287421,285925,288340,333359,291386,312372,272540,281305,324171,281178,286042,290530,290590,341372,287439,290745,280343,289015,286585,297800,292903,279954,292116,298138,306772,285586,281662,314905,337872,302531,279523,276516,4,309576,269268,260007,306805,275988,305712,281378,326294,319805,298829,284251,331882,288240,291601,348408,321783,329062,335502
372337,385922,365305,376827,285479,289345,279436,284551,284851,281500,300494,284830,283447,288279,282746,284759,334344,296504,316471,274330,285323,328179,279008,288399,286141,286248,347070,282647,290813,277008,286792,284169,300030,295541,279438,291616,302529,305366,286237,282818,314453,338170,298545,279227,6,276485,313512,260891,264103,314266,278019,304403,283724,330948,322937,299892,285348,335605,290673,293432,349862,323910,336850,334973
372356,390382,365565,379909,280666,285782,281111,282413,281745,280935,298440,284259,281265,286495,282259,288210,334703,298551,314042,273650,281332,325906,277133,292504,284968,292075,343910,280827,293591,283547,284932,280981,294389,294743,278472,289553,298981,304077,281862,281839,313076,335247,300064,6,279240,279538,313051,267552,264808,310839,280610,310022,280632,331378,321716,296099,281963,334368,290564,293525,348153,325587,340770,332126
393841,413440,390101,409782,303807,310934,299448,302478,301371,303415,322676,308787,302292,307395,307359,305687,362403,314157,331250,294476,305031,346479,297832,309229,308635,308410,369488,304411,314120,303807,306343,305591,314334,313095,298004,311091,323178,325227,301835,300571,340222,365789,10,300055,298539,302520,337171,284440,284575,340910,299794,325936,303084,356552,344711,317680,304653,353528,308158,315349,379079,348323,364219,358833
453605,469878,445821,463556,346855,351760,342017,340139,343499,342575,364896,342539,346100,352200,344078,348181,408554,357791,381859,327946,340848,395941,337909,347117,351129,349965,417060,349366,353989,340142,348318,343181,365893,357141,336724,353972,362117,367362,342503,338579,386123,8,365815,335222,338168,337818,381745,321480,319106,380397,339344,375218,344984,405136,391552,357809,342754,406977,351640,358850,423512,394213,406104,411315
412766,438047,409569,423719,318755,327081,322505,316907,320520,322942,341705,325386,321729,325374,321209,325884,378299,333740,352452,312227,316021,369264,316986,324628,324046,328497,387849,317429,326916,319779,324444,321989,332554,337569,316038,330855,338726,346147,323103,323098,0,386126,340323,313107,314542,314916,356313,297548,298498,359068,317984,343595,322291,373146,363067,334470,322773,377312,330669,331911,394772,367216,382137,380996
373888,391881,365234,384730,285444,289347,281591,285133,287983,290559,307754,287916,283638,292662,288362,290334,336386,298247,319082,277860,284429,325967,278502,293049,287883,288844,343498,279767,294274,282520,289397,287684,297403,296149,281427,295459,302351,305769,282418,16,323112,338593,300711,281834,282923,281678,319710,270431,266094,318645,278087,305298,287933,338164,326224,299569,286592,335974,293676,296836,355056,327156,338623,338585
377330,392352,369549,385005,290394,292350,283494,282880,286239,284645,299776,287161,285107,291291,285594,291241,336255,299032,314704,279538,283538,333907,281575,292163,287775,294721,347046,285541,291711,284675,286262,289845,297360,299558,281649,297097,304285,305285,4,282392,323086,342548,301942,281879,286338,285627,317968,263688,267338,314080,285220,309858,289587,334934,329462,301049,284819,331699,292645,297004,356495,329403,343575,338180
404716,419837,400108,411504,304006,313304,304091,307679,309689,310608,325556,309642,304528,311256,303134,310625,365311,318309,336211,298756,303668,352047,300646,313656,311287,315354,372648,309535,311638,300516,318063,308442,322012,316639,299789,317487,326442,10,305195,305690,346063,367294,325238,304050,305380,306703,342905,290226,284989,339758,306161,332022,308127,357738,350680,323396,308609,366773,315015,319216,381659,353756,361578,368683
399121,415194,383320,403943,305929,307387,299353,303811,308254,302620,319555,308355,306043,310602,302239,308875,358642,315524,333880,294603,305270,348711,298815,308167,313855,310052,365266,303755,310085,298759,308163,307315,314870,316868,296880,314304,4,326425,304210,302274,338662,362054,323225,298956,302543,298122,337023,283497,280596,334086,300322,328779,303949,357763,346291,317987,306108,361534,307682,317666,377973,343359,366537,359254
388118,402394,377032,395348,295880,298950,288661,292605,292572,298226,312730,292804,295648,302190,296951,297817,347735,310411,329192,287056,293595,336962,287611,296096,300714,302006,353082,293345,295827,293454,297415,295978,308502,305331,289492,2,314315,317510,297074,295434,330848,354008,311122,289549,291638,292105,330607,280768,274690,325153,289843,320765,292057,347342,335662,312007,290988,345578,299847,305670,361646,335682,353015,349719
368435,382844,362256,379561,282754,285218,282921,282984,278828,286059,298398,279712,282217,287399,284577,287888,331405,296278,310146,273467,281487,326080,273170,284131,281590,284225,337864,283307,290799,277211,282881,282147,289225,292884,6,289496,296877,299774,281568,281311,315999,336717,298030,278456,279427,279948,312868,265277,263400,316202,277011,307007,281943,333606,321418,294270,283340,332289,287356,291390,350066,323236,335334,332791
389795,403512,386099,397660,299168,301974,292388,297713,299248,299748,316618,299818,303519,300069,293727,299812,355499,309454,326315,289614,298275,342081,288489,299009,298353,302015,359299,297020,306601,289850,297963,297282,310136,0,292896,305328,316902,316631,299542,296151,337584,357205,313128,294734,295573,292849,334389,277968,277376,329171,294031,321988,295331,344888,340649,312172,297244,351498,303113,310089,373849,343237,348980,351498
392317,403232,384479,401915,302834,306841,294441,296767,301532,298871,319153,299503,296871,302741,299806,303672,355222,308962,326099,286479,297603,343069,292960,300556,300958,302648,358826,293084,305100,295211,299279,301363,2,310124,289256,308507,314908,322034,297344,297424,332529,365959,314372,294382,300051,297788,334124,278319,276264,332236,295652,324168,298242,345600,342697,310709,304240,355090,305634,310202,374775,341657,355338,354563
380423,390204,364823,386991,286952,291382,284530,285631,283761,287739,305639,288037,286516,295889,287293,290805,340508,299049,315000,277635,285122,328814,282173,290464,288750,291353,344419,286846,292389,281732,288812,2,301353,297267,282154,295978,307361,308455,289855,287684,321993,343251,305626,280994,284215,286574,321061,270041,268822,323365,285575,307662,283178,331815,328713,302248,286530,338887,293239,294913,358036,327949,341038,343862
379753,395098,371628,765520,291864,294203,287269,288538,291259,287695,304532,291389,287634,297088,291459,292497,343937,304898,317554,281334,284482,332207,287192,299429,289152,290997,349743,288459,296704,287754,4,288813,299281,297987,282869,297439,308163,318065,286262,289363,324402,348350,306387,284938,286809,289024,319999,271197,270932,320987,283275,314127,287679,337867,329705,306832,290113,338488,294702,298316,357582,332489,345334,344615
370198,383368,367157,382414,282107,288029,278733,283663,283872,286716,296686,287114,281818,289127,282925,291543,626107,295395,310380,272869,280718,328518,280830,290332,281652,290067,343687,280551,285715,0,287747,281733,295222,289859,277239,293459,298790,300540,284664,282482,319770,340239,303834,283572,277026,280365,320916,264029,263890,318919,280417,308391,281538,328533,318814,299632,283894,335011,285539,295899,352934,327000,335488,335945
382829,395500,376057,389735,294825,295892,289327,291864,292049,294345,306889,296973,294479,299034,294490,297524,342576,304388,324334,285952,292438,335454,287307,297013,300482,294273,357322,292012,14,285709,296734,292405,305120,306607,290829,295821,310122,311662,291722,294253,326908,353976,579306,293627,290828,290728,323737,275065,271314,324900,286671,559644,289402,345508,335938,307148,292599,345890,303548,307802,360649,329962,346992,346148
373058,388898,366221,383258,285863,288750,282242,285445,286737,288178,303237,284127,285758,293023,287290,290763,335637,295745,316854,276158,281336,319890,279733,291357,287450,291758,343542,16,291978,280524,288433,286835,293094,297024,283336,293339,303775,309548,285546,279741,317388,349415,304426,280844,282645,287436,316126,269816,266371,315856,281940,312936,290564,334855,329967,302303,286604,333586,287895,293203,353234,323326,338729,337644
459883,471260,447098,463761,345554,348760,343531,345310,346645,349601,365632,345948,345720,350196,346865,350113,413796,357908,376988,340090,343120,393843,339245,350616,348489,347470,0,343564,357341,343700,349769,344417,358827,359296,337890,353092,365314,372678,347036,343480,387866,417040,369535,343923,347084,341375,382191,325948,321982,383505,342387,376267,346309,402473,395940,362738,352042,409361,353403,358102,432607,399504,410917,412670
384070,396838,376466,391717,292412,297846,286824,287593,292050,291762,305587,291014,292603,297608,290749,297281,340500,300744,318240,280305,291078,335231,283463,295862,290313,4,347440,291763,294274,290051,291018,291354,302620,302016,284292,301972,310140,315412,294708,288828,328498,349979,308449,292058,286320,290584,326576,269401,274357,322948,285916,318518,290630,340200,337048,302587,289801,343116,295892,299439,362984,328642,342977,343630
380623,393020,372740,389190,287505,291977,284724,286375,286909,285337,304582,289132,293189,291414,288797,294465,341930,302306,318279,276937,289440,332555,282450,293360,0,290268,348377,287431,300450,281621,289140,288698,300927,298354,281571,300706,313867,311228,287677,287808,324005,351134,308658,284959,286192,290455,321535,271803,269146,320867,286004,311722,285405,335705,327693,303278,289255,340011,291308,302729,359277,326199,341032,343776
379623,390786,375087,391206,293276,296050,285354,287037,289212,290853,307534,291564,292059,298703,286591,294561,339761,301887,323001,281053,287604,332047,282514,6,293375,295874,350624,291358,297022,290336,299445,290453,300554,299006,284189,296088,308267,313737,292183,293017,324614,347158,309276,292499,288457,286039,322601,271727,268163,324166,285294,315524,294048,340863,329955,306672,291860,344319,297918,301438,359135,334203,343613,339609
369377,383407,362387,380623,283389,286393,281645,278620,278781,281833,297960,281960,285928,289060,282579,290186,333554,288612,314473,278241,278238,319375,8,282518,282455,283460,339217,279731,287297,280797,287186,282164,292971,288494,273195,287617,298906,300701,281584,278505,316988,337937,297901,277143,279068,281179,314404,263651,259746,316214,275868,304524,277437,331528,321431,297146,280045,337678,285708,292641,345815,323167,334895,335189
427200,447669,426055,441299,328840,338988,326360,324117,643552,330427,349712,329707,329685,332777,328945,645884,386512,348384,361174,317761,323566,8,319376,332068,332605,335243,393820,319898,335470,328523,332224,328841,343037,342081,326102,336930,348738,352061,333883,325931,369265,395961,346528,325945,328223,324177,365723,312426,310438,368562,327498,353425,327199,387907,377390,342944,330841,387076,331854,342444,409181,378759,390564,389520
375179,384724,362945,383170,288537,293291,280821,284510,282802,284825,300148,283904,288851,291125,285610,286430,339433,295239,313599,276372,8,323567,278240,287587,289477,291086,343103,281309,292433,280692,284477,285124,297592,298257,281478,293569,305280,303688,283498,284424,316015,340891,305049,281320,285353,281302,319229,265164,263228,316843,281598,311723,281741,333101,324455,301137,284951,337453,288555,292516,354433,328895,339522,337950
364586,379277,357161,369484,274619,280974,276323,272324,274251,277723,291314,276607,275327,283256,275197,283925,321602,284079,304149,4,276381,317742,278222,281064,276971,280295,340085,276169,285947,272850,281333,277605,286464,289607,273451,287061,294633,298778,279558,277867,312208,328040,294495,273649,274354,272539,307109,260120,259469,312652,275532,302991,276660,326429,319013,291289,280469,323177,279007,285854,341973,319901,328139,327140
410961,426501,407329,427272,316075,319100,312628,314693,315126,314720,332006,317018,311332,317488,311454,318763,368529,323675,2,304171,313604,361179,314467,322991,318336,318245,376996,316866,324337,310384,317543,314988,326087,326306,310145,329181,333910,336246,314689,319081,352428,381981,331278,314043,316483,312381,348104,298057,296538,349785,310346,341822,315006,369212,358503,332128,314037,371669,321105,325211,388100,357168,375331,374177
392638,404828,382501,402674,298876,301610,292690,294953,294153,298629,316097,295873,300189,301783,296934,304787,347678,4,323671,284080,295226,348371,288595,301871,302298,300721,357887,295735,304394,295396,304900,299052,308946,309451,296276,310401,315546,318301,299014,298255,333722,357863,314163,298569,296522,291371,332605,277838,274006,331438,291243,322628,298084,344572,337040,311081,297238,353913,302095,304739,367772,340647,354664,348370
444134,463117,431014,459612,337205,341312,333714,331095,333880,337470,354170,336572,334020,339929,336556,337205,2,347712,368521,321601,339433,386533,333541,339775,342041,340518,413822,335680,342580,337546,343947,340517,355221,355504,331426,347737,358697,365375,336249,336374,378296,408544,362433,334694,334376,333371,381476,312317,317090,379798,332794,369009,338754,393119,384829,354264,342654,402700,346004,352780,418198,396511,399304,406364
381856,394207,375703,390214,289697,296077,284728,290474,287963,292743,306311,288715,290652,296363,289060,6,337180,304774,318741,283902,286434,335579,290114,294538,294446,297256,350091,290755,297507,291523,292490,290786,303656,299802,287884,297785,308859,310630,291177,290241,325809,348225,305679,288181,284755,288341,326918,273943,270549,322971,285761,310465,288000,338516,329326,303961,292171,342174,298024,304378,358241,331745,345821,344079
372845,388110,367474,382077,287012,288352,281685,283017,282224,285746,299498,284193,286786,291012,6,289046,336515,296938,311440,275201,285619,328935,282575,286570,288804,290738,346845,287294,294494,282910,291469,287291,299806,293719,284608,296945,302264,303148,285564,288367,321207,344108,307377,282276,282766,285937,318705,267915,267035,316103,282530,312987,284574,339254,326325,301532,285538,335343,288939,294794,350873,327421,339893,337876
380149,397235,374286,391732,292873,295011,286935,287210,292171,292818,306635,292365,291271,14,290972,296352,339887,301759,317448,283244,291131,332766,288999,298647,291426,297545,350162,293007,299027,289106,297079,295881,302706,300061,287412,302162,310624,311260,291227,292596,325360,352163,307354,286476,288272,287395,324719,276332,271192,322416,284205,315667,291167,340258,327313,303036,295887,343558,298520,301599,364611,334619,346257,343209
377527,391787,368952,387646,289440,289968,285783,284877,285358,289879,301988,285543,6,291302,286775,290661,334010,300171,311320,275325,288856,329654,285920,292070,293184,292613,345679,285753,294494,281828,287627,286518,296861,303498,282225,295648,306066,304546,285118,283656,321715,346155,302314,281282,283469,279976,319521,270567,266568,319232,283222,313896,284209,334774,327791,299949,283465,337018,287536,296036,352560,329453,335847,338251
378111,388490,371664,384489,289857,289315,282642,288661,282551,288380,302121,6,285544,292406,284186,288737,336559,295863,316997,276610,283932,329704,281948,291552,289179,291013,345941,284126,296958,287107,291389,288054,299490,299793,279743,292816,308372,309694,287147,287906,325377,342609,308835,284266,284857,283831,318727,271874,268287,320251,281942,314332,284680,334524,325590,303217,287845,336715,290924,298197,355165,329648,340653,341955
398772,414038,389414,406191,305905,309960,300973,301783,298531,301600,2,302144,302013,306662,299483,306311,354184,316112,332002,291307,300165,349713,297955,307518,304613,305614,365628,303231,306904,296691,304543,305659,319151,316594,298414,312728,319587,325628,299771,307748,341714,364972,322746,298462,300543,297182,337746,285334,284663,333762,301574,326723,303826,354971,347062,323190,303261,360879,312678,317555,375248,347740,359136,360637
373995,393187,368542,388841,288188,293120,281850,286232,286198,4,301568,288353,289872,292809,285751,292777,337432,298583,314703,277709,284803,330390,281830,290830,285360,291747,349585,288171,294350,286705,287657,287739,298858,299737,286068,298233,302624,310672,284609,290528,322933,342588,303408,280895,281519,281019,324022,271273,269531,318541,286921,308519,284056,337060,327034,303070,287994,338890,293266,302095,352939,329359,340408,337614
375522,386546,371596,379398,284434,293801,282704,282100,4,286212,298533,282530,285387,292176,282214,287983,333909,294167,315127,274242,282813,324226,278780,289187,286971,292046,346639,286755,292028,283875,291276,283745,301518,299270,278826,292585,308275,309722,286232,287967,320518,343559,301433,281750,284905,282766,315777,269049,264228,316592,282567,310196,284129,333972,323831,300506,285680,339168,291050,294726,351868,326934,339174,339316
372968,385953,363588,381328,281800,286669,278128,2,282134,286230,301811,288651,284873,287239,283027,290493,331102,294935,314668,272325,284510,324102,278638,287037,286394,287619,345348,285425,291877,283650,288534,285625,296755,297704,283004,292600,303839,307709,282872,285111,316914,340191,302501,282399,284562,281085,317037,264767,262616,314425,280678,309896,284550,327769,323993,297920,283848,340377,289622,294701,348900,328090,339172,334648
368607,386326,363675,372073,278182,284486,2,278121,282699,281882,300984,282644,285771,286957,281684,284737,333677,292698,312610,276310,280824,326363,281632,285359,284791,286846,343512,282227,289317,278710,287277,284542,294442,292366,282932,288663,299362,304124,283487,281589,322520,342100,299473,281117,279437,275594,313275,266108,259088,314046,277758,306885,284569,332896,323623,298960,286819,333211,286599,291785,351615,322961,339778,335141
375849,392447,371166,392096,289800,4,284474,286670,293796,293119,309942,289327,289976,295054,288333,296128,341289,301632,319072,280951,293292,338958,286403,296051,292037,297813,348725,288749,295890,287994,294176,291342,306801,301932,285277,298948,307448,313331,292313,289322,327069,351805,311007,285751,289376,290390,323147,273211,268031,323962,290030,315945,290445,341366,330815,300934,289062,342326,293912,300558,361145,328849,349517,342661
369119,389709,364950,386030,8,289818,278173,281798,284425,288230,305909,289834,289443,292876,287031,289686,337216,298889,316055,274631,288529,328839,283384,293280,287536,292418,345568,285876,294852,282098,291899,286957,302841,299173,282750,295877,305941,304014,290391,285462,318749,346909,303823,280690,285480,282746,315482,269402,266221,320829,281147,310527,284482,332828,321813,300576,289945,338169,292250,295302,357096,325978,339357,341451
497205,521216,480108,10,386040,392114,372072,381369,379405,388883,406209,384495,387655,391869,382115,390324,459622,402680,427289,369474,383229,441332,380604,391218,389242,391762,463750,383270,389753,382395,390492,387005,401910,397694,379614,395360,404026,411618,385010,384763,423728,463585,409915,379941,376953,377944,425926,359357,362295,428728,377645,416366,380485,451904,435945,397923,381810,453703,387356,398499,476025,436349,455574,456154
478004,496709,0,480111,364977,371189,363662,363597,371637,368576,389431,371657,368988,374389,367514,375761,431008,382503,407315,357154,362974,426079,362408,375084,372829,376472,447115,366242,376108,367147,371640,364802,384483,386111,362333,377029,383459,400267,369546,365244,409582,445914,390210,365572,365373,360349,409056,348117,341238,409713,363976,396230,367807,432663,416889,389212,365653,439192,373896,384621,456637,426717,440431,437710
504441,14,496729,521200,389715,392526,386336,385973,386543,393276,414057,388489,391809,397301,388106,394234,463165,404822,426528,379288,384738,447678,383396,390796,393124,396884,471297,388910,395511,383363,395129,390194,403237,403522,382903,402396,415245,419893,392351,391852,438096,469911,413477,390382,385955,380579,436369,360944,361684,430811,382935,426079,393564,457117,448894,409034,387760,462362,391930,405133,483022,444498,462320,460567
12,504426,477874,497010,369154,375769,368604,372921,375502,374017,398711,378072,377501,380182,372848,381851,444113,392627,410934,364545,375180,427174,369295,379523,380644,383979,459860,373014,382813,370159,379729,380409,392323,389773,368436,388118,399148,404745,377141,373706,412647,453580,393822,372337,372327,373126,415634,350598,346969,413764,369775,407918,375282,434500,428377,390259,376813,447163,381513,389095,465287,426422,446483,449873
