10959991,6658188,9704921,10859913,4433055,4034864,4286853,4241040,3925690,6304320,3584203,3651959,4330989,4166490,4321194,4188936,8870481,4024972,3957772,6865154,4263247,5044355,4312936,6555513,4004402,3659251,5018266,8140191,4837896,5143245,5323760,43588
12335287,6411290,9705665,11974433,5156177,4214150,4370975,4017123,4157284,7138342,3591985,3618364,4606201,4495595,4205934,4298036,9147465,3820741,4182474,7176073,4987976,4405730,4955790,7143107,4107130,4009769,4447920,8298322,4689085,5291251,48336,5323666
13754870,6936688,10858963,11421097,4110369,3924069,4992242,4070670,4892239,8148715,3770530,3339229,4825499,4882083,4233762,4350384,10234535,3837416,4109571,7067622,4459672,5920719,4189435,6775780,3805726,3951330,4307565,10810014,5378696,58326,5291267,5143303
14576464,6658661,8789017,10264969,3716800,3803489,3720461,3533881,4123789,9235653,3770785,3355809,3717509,3937794,3617974,3773300,8291122,4430839,4244056,6552836,4002566,4963999,4164243,6623456,4107086,3689737,4095100,10593575,44694,5378590,4688972,4837599
58618178,11329344,41606706,41638495,6171118,5491350,15702452,5551337,9344312,29815401,4763183,5044178,6898539,6543902,5784155,10900870,44011358,5614014,6488287,17057798,6536011,17366852,6263743,19832021,6251217,5555005,6947759,203960,10596790,10808759,8296540,8137597
8956088,5193667,10484903,8819092,3518097,3438748,3865152,4189852,3805743,5220820,2990561,3031421,3482524,3821496,3577496,3926011,7212230,3355099,3481379,5791295,3711016,4623450,3711736,5492516,3415086,3428680,44578,6947721,4095117,4307440,4447819,5020191
7678657,5211875,5954352,6948610,3114710,3602740,3849274,2862793,3097492,4412351,2750632,2669367,3037795,3129796,3357822,3183031,5593223,3252203,3244265,5019062,3265695,3363130,3340873,4810778,3275959,36280,3428887,5556074,3689871,3951432,4009870,3659421
7701518,4369130,7296360,8461172,3537434,3026281,3505263,3331663,3521267,5116081,2834784,3505565,3545588,3280864,4054234,4219453,6994777,3142239,3297230,5123652,3531233,3838671,3448446,5274115,40488,3275613,3415057,6250768,4106740,3805343,4106544,4003861
22198963,8484696,19853576,21795858,5373713,5003620,7662279,4857857,5638990,12998329,4326769,4590046,5371700,5236636,5217516,6137104,19332450,4747009,5890811,12158930,5452948,8400889,5488656,111842,5274077,4809955,5492163,19836422,6622701,6775152,7142759,6554972
8741470,4990590,7305851,8885895,4008557,3460413,3530424,3404255,3664357,5615114,3203295,3077432,3743954,3586552,3450798,3531028,7153690,3292179,3477508,5701974,3972247,4273950,44300,5488392,3448248,3340586,3711541,6263605,4163341,4188838,4955360,4312221
12757942,5536976,19564998,10186953,3872003,3516139,11109274,4044602,5089108,8236111,3284852,3375037,3614341,3901849,3514033,5689585,13112316,3675782,4183250,6183935,3635709,86858,4273774,8399054,3838510,3362544,4622382,17377813,4963281,5920638,4405200,5043020
8737542,5169007,7084968,8795856,4294414,3387037,3494307,3478058,3662052,5235042,2995734,3460071,3849651,3440719,3515772,3752926,6904111,3659457,3486417,5472546,42406,3635916,3972354,5452642,3531268,3265384,3710758,6535682,4002269,4459269,4988554,4262470
22082665,8450706,16309501,21110704,5317524,5188271,5746369,4883726,5592806,12291451,4745142,4683061,5285548,5424494,5412600,5918804,18040158,4951929,5603772,110086,5472772,6185014,5702488,12159435,5123724,5018702,5790797,17062487,6552742,7067118,7175089,6864360
8674342,5058551,7315652,7375862,3481146,3314478,3918868,3052544,3352721,5392922,3817545,2985836,3378437,3553390,3603209,3966779,7406750,3845724,50752,5603682,3486610,4184172,3477751,5890997,3297434,3244150,3481239,6490358,4244247,4109426,4182004,3957533
7335050,4888625,7082138,7622511,3035966,2941093,3714007,2906037,3334560,4877032,3275601,3238893,3128241,3354451,3267757,3349207,6337057,36256,3845707,4952161,3660129,3676050,3292469,4747067,3142380,3252096,3355050,5614851,4431101,3837223,3820442,4024600
43276660,11449354,35656438,44486485,6509098,6423071,13031361,6352726,9302572,26457529,5346909,5383605,6875567,7035489,6731646,11261463,226268,6334397,7404667,18036827,6903317,13108252,7153106,19319393,6993584,5591057,7208962,44029359,8288034,10231155,9143211,8865774
11704057,5423422,10566573,10401614,3289301,3274402,4139142,3217323,4584027,8989799,2900167,3304827,3354556,3424925,3731982,59432,11264730,3349072,3966394,5918331,3753172,5690689,3530993,6136591,4219270,3182988,3925395,10902383,3773113,4349840,4297560,4188733
7830621,5374971,7255034,8115785,3363821,3201374,3490396,3235309,3616295,4996030,2869597,3671004,3372572,3434563,40974,3732281,6734692,3267649,3603200,5412716,3516041,3514221,3451030,5217641,4054271,3357746,3577247,5784362,3618021,4233618,4205675,4321054
8692364,5454271,7319244,8682395,3408885,3161030,3828152,3108448,3936657,5365834,3030998,2825640,4085041,40574,3434458,3424958,7037271,3354518,3553463,5424631,3440979,3902341,3587033,5236611,3281231,3129895,3821334,6544361,3937647,4883977,4495217,4166312
8868471,4958702,7551485,8372123,3561462,3259421,3304639,3019872,3783171,5131668,3017491,2957652,41436,4087050,3372611,3354728,6877737,3128237,3378553,5285528,3849910,3614740,3744482,5371866,3545574,3037940,3482525,6898953,3717469,4826740,4606076,4330759
6919367,4272362,6102479,6843769,2932770,2816356,3396990,2868550,2905278,4292920,2650571,31792,2957496,2825488,3671202,3305304,5383949,3238696,2985264,4682778,3459928,3375040,3077381,4589804,3505556,2669257,3031188,5043809,3355476,3338814,3617886,3651505
6413970,4271823,6247774,6176277,2902710,3079786,3012581,2671264,3000540,4203340,32144,2650605,3017427,3031001,2869659,2900353,5348264,3275807,3817970,4745244,2995923,3285039,3203404,4327021,2834779,2750489,2990477,4763287,3771489,3770512,3591812,3583896
33177577,9391940,18537397,28107545,4740938,4693852,5856966,4631914,7336951,105162,4203166,4292848,5131464,5365467,4995358,8990657,26476526,4876731,5392083,12287100,5235144,8235379,5615706,12999170,5116129,4411734,5220668,29823283,9234413,8148681,7137066,6303628
8852147,5431278,9222964,11915907,3588524,3230218,3842185,3315404,65808,7337423,3000522,2905283,3782619,3937078,3616159,4583574,9305342,3334468,3352644,5592682,3662150,5089762,3664509,5638786,3521228,3097190,3805666,9345183,4124030,4893173,4157043,3925272
8180699,4661869,6796616,7320625,3226881,2891224,3419489,37982,3315360,4631960,2671304,2868750,3019728,3108295,3235190,3217148,6354718,2906108,3052513,4883657,3478265,4044264,3404419,4857811,3332299,2862587,4189290,5551156,3533874,4070369,4016704,4241151
8919018,5828794,19090968,8567254,3584313,3517384,65474,3419327,3841958,5856500,3012522,3396728,3304275,3827664,3489964,4138990,13033626,3713550,3917740,5745042,3493881,11108509,3530068,7660765,3504831,3848861,3864496,15686634,3719974,4990818,4369984,4285889
7359870,5171583,7022505,7489087,3265556,31530,3516254,2891264,3230154,4693731,3079785,2816319,3259307,3160816,3201234,3274413,6424046,2940991,3314406,5187956,3387010,3516176,3460440,5003312,3026188,3602760,3438583,5491041,3803506,3923495,4213702,4034346
8528969,4863913,6852179,7861757,41334,3265525,3584379,3226864,3588328,4740891,2902748,2932918,3561399,3408742,3363712,3289360,6511792,3035867,3481083,5317483,4293754,3872034,4008212,5373884,3537680,3114517,3517971,6171127,3716743,4110034,5155880,4432624
48105152,14804382,34962319,292172,7856445,7488307,8565551,7318220,11908073,28065062,6173164,6842795,8366669,8674120,8110395,10393316,44454648,7618221,7372039,21095058,8792806,10178664,8882867,21763631,8457271,6940981,8815434,41633639,10253594,11406266,11961610,10849573
33588934,12610459,152852,34991150,6851833,7022826,19092246,6796544,9222579,18545628,6247068,6102436,7550396,7318618,7254136,10567483,35678698,7081475,7313782,16310252,7084603,19558588,7306003,19845166,7295558,5952443,10483552,41587127,8786907,10854755,9701528,9699331
15651576,60418,12610056,14806421,4863918,5172720,5829555,4661962,5431009,9393137,4271704,4272586,4958030,5453894,5374549,5423209,11455774,4888500,5058242,8450589,5169266,5537575,4991194,8485544,4369160,5212094,5193320,11330407,6659059,6935472,6410348,6656953
294604,15648669,33581506,47956393,8525363,7358584,8918042,8177916,8846494,33157753,6410613,6918576,8858499,8683252,7824579,11696145,43299623,7329040,8667585,22066355,8734529,12751335,8739066,22169299,7699069,7670730,8950221,58552461,14562164,13738994,12320929,10946492
