60105,32884,31805,35897,47323,58007,59369,98078,62777,105802,113096,71923,250603,275340,273708,375467,287255,300386,356841,285198,396581,257452,556604,553562,410930,732298,979770,834586,754508,982504,444936,832428,698689,1109242,1150709,1230486,503679,882027,819476,1283494,1075217,1970027,1667459,1104509,2279816,2682020,1096198,2797168,2661874,2575694,3196486,1358579,2440333,3385711,1802518,3122265,2043076,3871825,4091349,1528742,3912848,6715587,5639221,6808911,5770437,7134836,7175728,6004557,6920504,3605440,3026584,6429766,5981990,9342979,8412170,10396732,7894235,7807792,5365458,9844464,4044565,3882066,3260814,3065959,8543429,9013174,3536734,6911993,3769274,5926519,3463849,7001657,9268473,7711552,10966870,180
35162,46558,40776,47229,55835,59933,63997,67618,79372,85494,114297,73678,235705,239280,231825,221145,243512,309229,252637,406451,372008,237759,487384,639448,448258,600635,717876,752796,873450,893287,569473,558983,595149,1451744,1179779,1536307,403470,1007232,616513,1369493,1165808,1706593,2046454,1106967,2241680,2722425,981082,2930532,2585729,2758686,3160406,1383879,2685227,3117895,2309938,3030651,1870186,3237796,4806358,1751004,4170255,5719882,6755177,6590620,6321723,7495632,7196679,7857166,6864048,4089120,3642572,4996049,5593824,7608817,10070520,11145827,9632744,12645899,6804681,14272848,5434064,5517949,5157499,4707975,11647627,13101568,6174239,12806170,5725195,8440032,5769626,8201243,11794244,13895809,100,10963081
28350,41251,41196,50729,50167,60936,48165,57692,73144,79629,92199,54823,143576,143354,154325,166657,194491,165484,169871,178894,164391,173116,351176,523722,153036,481373,689653,740661,766306,704314,292048,579873,293215,1043447,942625,1368340,348323,810451,578817,1191390,757695,1643982,1627240,912930,2088913,2725012,780838,2934673,2551324,2741021,3166628,1046549,2380186,2469390,1625684,3303725,999013,3399248,4409012,1237719,3580380,6175172,7836461,6500499,7222687,8003604,7538652,8702777,6127702,3520232,2207062,4464243,5067549,7339487,8732402,9405646,9643462,15334803,6371374,13809219,6633975,7367300,6103913,5363003,10723440,16414726,7493885,13332238,7821753,9394002,7666601,9902491,9682334,44,13900626,7710012
34105,46353,39646,42784,51932,57442,48080,63233,67803,83131,95288,62992,161504,178128,180256,163360,215024,220618,224392,205605,176669,177120,426596,548976,206064,638632,737524,736957,846823,787660,264484,550977,360366,1265011,1217387,1561428,323151,956892,662236,1352727,817491,1614059,1735442,971725,2275864,2497693,948692,2878551,2689747,2970329,3284387,1308522,2353066,2466880,1594773,3179857,1004482,3665956,4345370,1207507,4326821,5963146,6809702,6196655,6116444,7126808,7611671,7339966,7319725,2987705,2036697,5043917,4252749,9175532,9621517,11015060,7952933,9515819,4843153,9836179,4406778,4529969,3745450,3590504,10463775,12674483,4870979,10254410,5202405,5713251,4573941,6302807,248,9680774,11795031,9253337
21495,30575,37588,36788,46060,46548,66333,44340,47950,81996,75309,50538,179789,224189,226112,227525,285461,290220,320417,287277,235586,77951,400782,560058,335814,691508,872985,930035,758592,876694,132688,942437,215717,1374495,1223381,1509802,480107,1202474,891610,1474476,646082,1874762,1711841,1743362,2316260,2504478,1065732,2182621,2470363,2702013,2926230,1323298,2447081,2451134,1726853,3251542,1653994,3776862,4231503,2396551,5090701,5084778,7179304,5127427,6299670,6007456,5834320,6048038,4996074,3501452,3638749,3722002,7021440,6656626,5434592,7103448,17208871,17655649,14422794,15059737,14129757,14443808,12683277,14344033,7245467,17470712,16772151,11564920,13123100,14907093,15196718,34,6303256,9903031,8203615,7001760
23177,30357,37383,38114,38751,44038,61110,43279,49269,59954,65948,52648,144670,160639,212322,202792,289102,236319,271027,214954,197062,90284,580277,563458,196176,735257,443911,573178,666652,500225,236300,816647,171045,318906,722735,704211,683534,334108,801939,592962,303738,912581,1166670,367406,1088552,1451673,1042273,3229482,2217595,2067549,1667347,1033043,2759097,2633649,1246925,2680794,1073411,3528000,1902636,942243,1621557,4605952,7664956,6926718,5854693,5117203,5006803,6614237,3529844,1367585,1617098,3883684,2357449,3199735,5549112,4866351,10550684,13487405,13308916,8292080,11782124,14068734,14825537,16341525,7564253,12105232,19920190,12189643,18227179,13486480,56,15196830,4574639,7666546,5771485,3463860
23043,33891,39553,42680,55669,49167,84760,53915,65048,103630,110140,94701,261961,270949,300957,315204,309112,331092,316073,290847,327080,203322,419521,512755,528768,541941,513010,551161,721910,725043,514842,461992,624640,864621,1190770,1071701,361549,1320846,538693,1513813,1164531,1664205,1457353,1218994,1903502,1993367,952402,2215487,2800898,2887544,2799711,1150589,3077380,3724866,1832914,2943457,1691664,3462666,2822720,1977229,2964007,4708576,7064853,6028847,6111419,6114703,5627046,7370055,4248540,2071427,2991758,4880357,3826677,4964125,5608622,5812986,10818831,11067157,11326524,9650901,9752245,10915770,10619925,11733397,9068673,11885987,14711884,11161442,12419737,254,13488407,14907417,5717434,9396346,8449734,5923871
25084,33727,39826,39928,45295,48397,69530,49505,62568,65599,65111,57372,155032,149613,186950,194205,277703,223743,269526,220815,209298,102388,536473,565887,200125,845641,691295,801493,880343,828847,250426,1027184,180842,287630,863028,840033,585753,212956,655279,425254,356709,692667,901880,318395,1138840,1040065,1139792,3695738,2613135,2698549,2027530,1437237,2525559,2780522,987626,2909433,1616303,2736462,2565442,1041160,2176463,4385354,6457044,7742762,6237705,4776103,5346753,6548166,3539375,2104116,1974047,3181983,3717182,3340159,4843937,4337766,10826773,12968854,12111410,7949290,11402572,13559834,13975174,16114623,6544578,11803364,16942155,11592078,178,12419619,18221684,13121643,5203801,7821972,5725325,3769625
28156,47620,39258,47884,44247,47593,48460,49817,56977,61222,70581,47332,126419,129280,144519,135074,168700,157547,148070,128019,121926,93806,193243,274036,140705,360837,319321,367575,609132,411984,198367,284171,169220,587295,514145,897779,274101,809255,265464,989632,620462,1517285,1529416,793077,1503037,1479800,368487,2121489,2466155,2291287,1960461,455473,2979739,2419679,1482759,3314190,592918,3940496,2308584,811678,2054115,4605150,5501277,5081126,5748589,5294163,5149335,6926255,5026295,1693074,1326870,5165531,2036776,5168061,8774494,7529951,8780746,10759865,9035706,10108459,8610525,9256987,8356128,7926564,12027623,12989707,9782541,166,11588854,11158503,12181175,11557820,10253423,13324684,12803705,6911301
21495,28574,34602,36423,42109,41322,64240,43774,53283,61525,58793,51293,144601,135583,184335,207055,259046,305203,290045,191097,173674,96255,455956,466085,159058,476438,472676,566337,717304,685429,225613,749932,171145,717541,1000584,1057977,675432,997026,730902,572602,598155,549651,1007340,1011521,1399411,795005,940915,1707492,1619715,1421062,873503,1068418,2143655,1652281,1149018,1865379,1004380,1963123,1378955,1564333,1462733,4285582,6191156,4955319,5894985,5724655,4767160,6250301,2263271,968318,1848829,3008604,2176324,2277305,3881732,3363954,10967805,12591951,14137071,6766893,12820961,15235556,22340416,19648756,5588546,10346900,22,9787116,16944655,14714354,19922714,16773033,4873373,7494556,6176048,3536862
23174,27746,34344,34780,42887,40289,66664,45074,43535,84274,66911,51005,168177,230159,233309,220221,283412,295768,336273,286466,260200,76201,436814,595085,317049,663230,905171,872853,643123,825463,131878,964651,215173,988641,960989,1130767,412560,777632,776507,991650,594423,1611605,1226866,1187831,1942262,2622808,893004,2177264,2262634,2410392,2822009,1102309,2211538,2525236,1270825,3075436,1172114,3603126,3745953,1393399,3926600,5746080,7446227,5877519,6829824,7426111,6843419,7579464,5681737,2869362,2089299,4025790,3670933,5254749,8380510,7527737,11130609,14576297,9076655,10113493,9408823,9235247,8437817,8115641,9585709,116,10346634,13003138,11803400,11888029,12105598,17471444,12676773,16414059,13104229,9012963
29222,37723,41386,46477,51528,55507,49233,56592,71623,85598,84710,81199,153470,209191,194189,224484,229426,248849,246232,198752,201589,165620,257909,320593,272233,437663,510898,574483,686899,626557,315360,485601,381086,832209,732454,1153499,403675,1147871,463059,1284766,869470,1329050,1485858,1165457,1737470,1755594,586716,1731558,2352061,2138206,2163046,845302,2726624,2957446,1315202,3401115,1354004,4004891,2574033,1604446,2328177,5052983,6016279,5180812,5309570,6036509,5640143,7112519,5220154,1871064,2278244,5198002,3158507,6490286,9097842,9164937,6431415,7536903,6623815,9208047,5652504,6436357,5341875,4638784,312,9580725,5588148,12029560,6544152,9069164,7564478,7245759,10465348,10723423,11651832,8548105
54346,35815,30955,38517,43074,55761,60184,80449,55857,79800,101954,65214,200279,191029,191683,205274,171099,196698,189014,206846,205037,182599,347799,410258,163799,502049,467634,368174,801749,647849,277243,577230,324704,531120,1004785,1000876,417052,861145,748086,493891,1157409,385309,672519,910367,1330993,717755,906474,1148729,1930751,1735166,866416,920699,2512833,1972324,564848,1875017,1369952,2231012,1518658,1794959,1361686,4494087,6823154,6046280,6760585,4679930,6207994,4383012,2256308,1270953,1964119,2898673,1998799,2183603,3443908,2890279,17646000,9844548,19453052,5307333,23476649,18705299,24342078,36,4638806,8114975,19625613,7928847,16114977,11732872,16342953,14344772,3590877,5363756,4708220,3066231
20902,27967,33825,33908,38293,40545,69869,44642,48842,57086,68850,49123,132869,146703,193779,182606,254987,280191,305765,196364,191455,94595,466859,456158,176375,515615,449788,558536,701820,564580,230303,736390,176070,611939,852929,1138484,563894,873870,617562,999879,599539,569155,1136904,819118,1281221,723757,924983,1528316,1192900,1074433,913919,1034666,1436265,1280983,1353657,1343379,1044375,1509281,1302385,1271380,1186368,3266809,3822507,3615918,3584674,4172007,3071407,4549764,1664477,1206436,1995944,2271493,1898361,2014113,3260708,2627817,17022842,10157411,19787284,5450170,20501981,18221696,22,24340240,5341386,8433806,22312027,8356559,13970783,10618999,14822817,12680977,3745781,6103681,5158051,3261155
25425,36441,43356,47179,49286,54981,54128,50698,60148,70755,77379,53109,115544,138639,142116,156955,192787,174949,184961,127070,101410,106001,227217,252055,93827,311500,349658,361626,652550,408601,161087,298772,156580,624993,555928,852876,376002,846735,273319,1043664,598439,1265909,1352618,772279,1256123,1418198,362621,1637301,2032509,1908059,1724687,545029,2301031,2239322,1014799,2326631,557047,2882165,1812158,827905,1728428,3335944,4578697,3724548,4147962,3843604,3704635,5644971,2521435,1670936,1249509,3126709,2157308,2918948,4371195,3332173,15022070,11072385,16731139,6468724,17548790,68,18226295,18707585,6437064,9232567,15231515,9262579,13560390,10915182,14067528,14439852,4533240,7368049,5518807,3881958
53912,33086,29961,30517,40846,43824,60976,68978,41907,72930,60959,44291,173673,214794,220592,205284,241029,259596,297221,208318,209896,93585,331558,408934,259035,549817,643215,685359,680943,664317,114960,533586,158963,750393,654866,945778,345896,909544,391820,1039821,560577,1343158,1077519,1128348,1473436,1619071,489080,1371007,2017548,1966936,1852852,536293,2502663,2167722,871431,2696947,641873,3154704,1934205,929799,2103254,3297494,4243547,3698168,4116211,3558132,3205404,4669841,2611960,1788073,1443883,3327251,2334460,2787629,4339731,3697675,23166410,10044877,24884580,6127701,94,17548837,20513538,23480292,5652784,9410484,12818697,8611811,11400635,9753123,11784246,14126767,4406883,6635540,5434715,4044521
25458,41505,46717,56788,60000,52756,65577,60773,81079,78615,100885,76164,208484,215124,215049,218795,261410,298806,244573,299662,305185,167111,500669,565483,391552,599594,766303,729378,905109,840430,492999,667037,546086,1308780,1181584,1479979,567684,1159974,881284,1622485,1134299,1686017,1813714,1584327,2078764,2341490,1839639,2635300,2870391,2534329,3093147,2421853,3062278,2930685,2654108,3453732,3350540,4578261,4575556,4116300,4545018,5450780,6381338,6853987,5987317,7344316,6197932,6715393,6322945,4226718,6523446,6020600,8771415,8492146,6226322,8302089,11263912,14294750,10556528,334,6127670,6468662,5449701,5307079,9210176,10111577,6766614,10113709,7948447,9651488,8290969,15057186,9836032,13808803,14273827,9845104
28510,42247,44848,56616,58216,67277,62236,66644,81961,98258,111824,107875,231417,241430,235194,289834,282623,362405,338299,297584,277775,228450,304130,634024,327886,670755,671503,576152,680846,876515,340614,725802,430450,1139867,1146499,953409,592260,823962,986324,969348,1117386,1109717,1098198,1237755,1742986,1428935,1635574,2041051,2005416,2110560,1844418,1529751,2654416,2733080,1488374,2557089,2689779,2798501,2199341,3190425,2357693,3329022,4721751,3972679,4473295,3789676,4022488,4448553,2989374,1858619,4151077,3592074,5133413,4194296,4357547,3990057,22917865,10276014,102,10555585,24882940,16730551,19789810,19451620,6623939,9077461,14136254,9038040,12111275,11327611,13311321,14422940,4843337,6371820,6805111,5366168
23221,36908,44504,44299,50220,51745,58477,50428,62389,79905,84364,63088,134857,148599,139314,132254,176420,185730,201351,228598,157134,127474,365722,476626,270567,436833,599253,589588,650962,653955,341374,467099,341896,1061786,834254,1100535,284165,667541,489025,868695,731154,1192628,1193230,736636,1477572,1750934,559069,2467196,1970852,1886035,2084071,818511,2743090,2867848,1212957,2571533,1075713,2976813,3957739,1066792,3260610,6258896,6617691,5964115,6778959,8005006,6424861,7895742,5657548,3055774,2062483,3874454,4041329,5137798,5773028,6513378,12948880,156,10278611,14300060,10045958,11075804,10161859,9845663,7537380,14577455,12594683,10770518,12974847,11067792,13486751,17654829,9519428,15335415,12646714,7808010
53426,36361,30783,35320,43532,48695,49272,80270,60987,98261,85296,69873,185863,216829,200014,230711,279361,299722,286236,256273,236572,208565,388217,524846,372771,585509,723403,692448,719446,596666,362330,732039,333560,744157,889327,1046332,566580,1058956,695698,1329251,856615,1731827,1345648,1177262,2124924,2254774,1016419,2284851,2463801,2372426,3103046,1443148,2644288,2714593,1455946,2952353,1117070,3206335,3983765,2096443,4375086,4374586,5265698,4647533,4813977,5726686,4454090,5532024,4133994,3756360,3629443,3767538,4950839,4991209,4476317,5632940,32,12948868,22922123,11263889,23165473,15022961,17024438,17648813,6431919,11130371,10967016,8783855,10828605,10819246,10551752,17208360,7954197,9643925,9633135,7894219
23847,33998,41827,45091,49412,46518,59101,47482,54283,101306,88455,65661,185141,238475,227114,234317,261561,289478,314523,309568,246928,92777,414652,511270,343265,606379,795086,858500,655623,821093,166132,614124,250314,1024017,968873,1136110,346227,822603,737256,1208671,588842,1602576,1261730,1114415,1912102,2209139,873014,2225227,2713726,2843923,2762799,928785,2928045,2664414,1322981,3890544,918596,4846953,3639535,1203880,3247858,6163459,6439823,5248981,6338216,7138508,6163192,6148741,7808800,3081379,1808416,6593059,3478181,8376971,9371164,740,5632977,6515417,3990397,8308303,3697692,3332233,2627799,2890319,9165947,7528232,3364184,7537422,4337755,5812916,4866321,7103348,11024539,9405603,11148269,10398367
31164,47842,37249,41613,51035,50910,52748,48354,60173,72492,70476,54651,193908,243631,218295,242461,263785,297487,300011,171068,155117,89754,330968,436408,199276,683788,700053,753946,654381,778943,137360,614369,198291,912665,861249,1013390,381708,764496,461694,1045857,523686,1385276,1125388,1104993,1562752,1722558,513624,1640878,2320718,2072604,2059297,699184,2861836,2647325,1002228,3652265,674213,4291825,2629765,892298,2159904,5579512,6521892,5597183,6675843,6567483,6786984,7918951,5743518,2260553,1404210,6408557,2358956,6534639,58,9371366,4476300,5773050,4357551,6229670,4339778,4371209,3260778,3443874,9098547,8380687,3882324,8781728,4844117,5608893,5549200,5434551,9631229,8732364,10073130,8412400
30866,44579,38915,46845,50939,52734,53733,47811,65514,73673,111922,81647,160444,151260,162983,144817,194511,174202,197633,174920,184084,141380,421166,509707,168573,552013,650269,637196,849632,717146,254729,454267,323664,1245547,1178993,1205835,409347,1452870,672965,1494452,877580,1314900,1428111,1443487,1710465,1938405,908555,2095622,3278719,2462814,2413851,973115,3050323,2636362,1531325,4205607,1553335,4815282,4117856,2368689,3105094,5358552,4184452,5488457,4731423,5814743,5364462,5350478,8242871,2883155,3319873,6686560,4396332,236,6531529,8370782,4991078,5137313,4194316,8492952,2787622,2918856,2014022,2183633,6488600,5254281,2277039,5168065,3340188,4963754,3199682,6656318,9182904,7339678,7610272,9340831
57309,32998,28694,31776,38622,42558,41425,80177,48684,84701,67433,57462,177176,238210,204197,239696,275718,358057,373647,222048,213709,122585,555962,637796,255502,985724,1006482,958298,900400,916604,135446,1314990,209732,1302253,1059232,1441916,868761,1165264,977826,1582111,1047316,2241493,2118371,1706066,2373579,2801697,1553174,2975256,3013050,2728259,3295331,2080162,2501925,2698161,2420471,3279289,2947554,2629438,4222154,3646562,5319255,2827587,2349262,2553325,2316720,3001333,3088284,2388569,3054544,5295943,7853722,2482971,132,4395713,2358953,3478050,4951099,4041443,5134414,8770577,2334428,2157331,1898195,1999795,3158565,3670786,2173756,2036760,3715484,3826728,2357418,7021006,4250882,5065820,5591833,5980434
23488,35038,46179,46302,49724,53944,59656,51032,67594,76807,101329,80525,195505,167383,182248,146345,186189,220655,189644,256202,290452,122581,374563,535324,452778,565641,497126,529956,806834,543713,317163,338708,538449,1063860,1077942,1012703,335130,1079031,512296,1404650,845090,1257394,1267755,790378,1535830,1629441,1029192,2167516,3348122,2401203,2199240,1009939,3999070,3440046,1682017,4946123,1510431,4615747,3000628,1100575,1690483,3624851,2899371,3697603,2845068,3314287,3048608,3348301,5757839,1619986,1467946,324,2483213,6679950,6405708,6581703,3767769,3872811,3591749,6015805,3327243,3126699,2271066,2898463,5198879,4025818,3008324,5166182,3181780,4880663,3883405,3721617,5043560,4463706,4996119,6432783
59511,35977,34009,43658,46501,58797,58339,92625,70711,68103,97922,94565,174386,213108,219105,201483,293969,298709,307411,192015,210610,226404,580609,809640,183929,999943,1078775,1045874,1018802,1036171,276520,1296166,257658,1440968,1224288,1920564,875622,1393150,1360163,1817614,1276155,2108931,2166612,1743168,2198968,2534447,1966426,1617924,1414207,1858369,2087777,2456550,1180912,1553621,2637403,1403919,2575340,1236136,2332725,3859521,2628205,1828861,1460769,2080889,1722990,1551309,1768637,1253167,1638697,3242810,40,1467913,7852009,3319468,1404199,1808281,3629503,2062596,4151723,6524249,1443892,1249513,1996627,1963833,2278273,2089144,1847328,1326856,1971917,2992607,1617341,3638051,2036629,2206837,3638054,3025775
25896,37675,46450,48994,59485,59430,69077,66288,63409,90195,108432,76377,182690,163784,148049,169743,188077,160587,174293,158914,189592,140506,272376,477397,126621,420672,591894,579388,614457,706310,302182,485932,328501,1004071,967143,1275176,620003,888737,819636,1492797,712780,2288596,2401147,967481,2524371,2548178,605963,2896143,2542685,2601978,3112760,884752,1720290,2497588,2867754,1885012,973566,1370692,3165900,1727157,3471687,1786731,1746658,1443647,1494744,1493028,2019589,1398208,2319534,42,3242173,1619854,5292162,2883486,2260567,3081365,3756351,3055583,1858767,4226233,1788062,1670937,1207097,1271018,1871017,2869308,968216,1693198,2103800,2071458,1367880,3501392,2989076,3519612,4088581,3605366
28297,35932,43526,45896,51895,53239,53474,54572,64770,69074,89585,68751,137657,124587,171738,138210,163555,175136,173223,189421,198391,134350,471511,387681,228722,433677,568015,578576,800053,594492,303523,428275,438429,1150046,1045756,1107078,286653,874490,546663,1308037,719676,1518136,1354240,925780,1749447,2144026,825482,2999886,3820817,3151767,2910272,966837,3445985,3052096,1612667,3991047,1172269,3655715,3887597,1039177,2871385,4204395,3118330,4056104,3687157,4156076,3578201,3742819,16,2319708,1638704,5760282,3054635,8242940,5745215,7809616,4133997,5657594,2989373,6323061,2611963,2521439,1664456,2256309,5218691,5681161,2263286,5027597,3539636,4248726,3529962,4995936,7323863,6127635,6865707,6921238
53052,36684,35298,39947,43211,49767,42940,77567,72014,67964,79666,58464,128037,163785,121634,135359,172778,140112,142328,127296,138089,206029,253899,259350,118817,365035,385867,384976,629937,414285,264890,331158,227894,617209,621285,877170,401567,981012,291171,1151844,865639,1513602,1650694,834681,2066820,1947175,460584,2506495,2592046,2742419,2623341,604259,2895924,2748953,1076217,2869110,579791,2940069,2294814,932652,1728138,6144146,6937757,6073345,7179923,6462294,6257060,22,3742676,1398175,1253156,3348361,2388856,5350434,7919568,6147923,5532177,7895342,4448548,6715414,4669812,5644802,4549746,4382978,7111382,7578785,6249625,6926262,6548001,7369982,6614233,6048032,7341036,8703498,7863923,6004661
23270,31189,39797,39527,49410,51850,77919,53130,63989,89300,88161,75849,175264,204151,177883,196922,182642,208097,222604,180682,159689,135573,285941,388182,146749,339927,303477,283235,398699,412125,226402,442785,257726,405268,485572,452089,409440,421896,757568,518282,665480,1209520,985908,392307,1617615,1855489,661227,2521057,2372028,2722842,2381677,523948,3071450,2297548,1209713,3060829,834690,2536789,2512306,956542,1882728,6712804,8773573,6927726,9003192,7837963,236,6255499,3577896,2019444,1769582,3049611,3090945,5364236,6787363,6162736,4454048,6424716,4022579,6197690,3205363,3704372,3071308,6207651,5638869,6842641,4766718,5149465,5346557,5627450,5006804,5834201,7623731,7538607,7197524,7174810
29091,45145,40822,45805,45397,51340,50033,52855,55345,67813,83873,60916,168766,198969,174433,199377,216459,319376,351797,219240,182124,88431,396626,445144,265687,459281,313766,362048,438381,397810,215369,501624,324203,679133,861955,509471,424482,741885,645495,906924,549372,1143810,1091958,380883,1489223,1541597,865964,2619126,2098141,1881207,2191653,702682,3614307,2409295,2335000,2875904,1044979,2223328,2587816,876360,1875485,7687604,6891628,6661307,7164578,40,7838271,6461202,4156432,1494320,1551622,3317800,3001740,5814873,6568655,7139420,5726902,8004860,3789837,7348645,3558120,3843321,4172124,4679542,6037045,7426049,5723388,5296697,4776006,6114209,5117204,6007411,7133794,8003653,7497349,7135002
26667,35600,41543,45716,51613,57480,62400,51702,62297,89589,88264,72097,181379,161590,145247,185105,165051,169440,174208,154599,132669,116454,262703,383617,136007,346821,337237,325743,442716,375927,211221,316197,233931,435669,544697,431164,421993,509571,754812,556720,647239,907776,893350,388432,1835486,1340211,739437,2343502,2816019,2430637,2056487,451638,3201254,2861352,813475,2616305,888459,2581821,2502639,1004964,1693291,6769161,9172586,6602151,48,7164220,9003281,7179463,3686662,1494737,1723929,2845481,2318126,4730469,6675067,6337720,4813988,6778939,4473474,5987402,4116207,4147956,3584679,6760528,5309970,6829908,5894932,5749685,6237469,6111541,5854691,6299524,6121691,7223559,6322664,5771318
52059,38332,33641,36032,49050,55312,56133,88207,74677,83576,118907,76015,263899,260643,235938,224536,257304,297318,287351,264044,364769,273537,486380,507374,353306,773456,944389,753083,698143,667227,579985,952473,733193,478662,666321,695783,465247,431700,899269,522658,1176138,928506,841581,587321,1770036,1491694,1437884,2306284,2219092,2496219,2096824,1524053,3199573,3317309,1070970,3206710,2254256,3129337,2342193,1492159,2019905,6335512,6184647,118,6602375,6658384,6927332,6072981,4056141,1443593,2083855,3697689,2554907,5488972,5597920,5249380,4647482,5964194,3973242,6857975,3698169,3724468,3615776,6046546,5181327,5877663,4954453,5083216,7745152,6028841,6930320,5127398,6200435,6500533,6591194,6813888
58686,32742,30961,35960,38650,46479,50593,85185,53698,64971,86950,64865,176153,181489,145235,189216,156808,157568,195116,153295,175625,165472,349558,398807,148386,418093,340966,228269,443137,389848,194225,290573,242671,497052,475295,538833,577850,524624,764147,813308,746778,1070341,780582,481673,1632048,1653712,663355,2619247,2228997,2530528,2303194,505129,2854262,2433410,846166,2702138,800711,2407577,2260922,1036974,1876863,6219580,8,6184030,9172297,6891109,8772290,6936821,3118685,1747297,1460859,2899510,2349414,4184117,6522842,6441204,5265697,6617723,4721858,6381700,4243529,4578603,3822565,6823101,6016150,7445739,6190806,5501874,6457285,7065030,7666034,7179207,6812971,7835983,6756840,5640530
51269,34015,30661,32276,38035,40880,42841,72343,49439,53586,57978,41764,155402,154979,150888,167456,202905,184428,239448,132624,153244,120262,338764,340079,151046,298570,273178,184539,492413,254661,168745,339351,183730,426925,393591,802467,283419,556801,405617,758354,441929,1368142,1531675,453038,1629444,2087722,377800,2549683,2508630,2269596,2268560,520825,3299192,2487342,1434595,2724997,816253,2661393,2716079,710257,2079447,66,6220898,6335286,6770408,7689505,6710123,6144288,4203694,1787767,1828949,3625620,2832633,5357467,5581244,6160810,4374696,6258523,3329356,5452451,3297546,3335540,3267157,4494657,5053005,5745915,4285605,4605243,4386047,4708983,4605985,5084789,5972301,6175836,5719699,6714994
31231,38177,39885,45645,47472,52070,48299,49874,52158,78603,79082,53237,177212,198695,205755,226148,263755,288993,283991,280577,229072,75291,363431,529173,306608,610572,787614,829736,1198510,931540,137750,656374,186132,1126762,1310808,1611315,337048,1281615,644003,1490853,1203884,2207423,1927655,1781022,2205614,3094509,629888,3010377,3140916,3346583,3431947,926393,1914905,2366807,2121847,2540271,1021954,1899632,3309034,1888564,48,2079790,1876640,2016671,1693323,1874302,1882286,1727959,2870908,3471380,2628029,1690247,5322370,3104064,2159935,3247907,4375275,3260561,2357785,4547368,2103241,1728420,1186091,1361412,2328173,3926270,1461619,2054120,2177810,2964021,1621552,5090645,4327792,3580578,4170044,3912972
57659,36544,33604,39734,44651,54754,63019,85376,62930,79874,92725,100979,157306,146276,165398,161809,199421,182816,257269,113312,171629,178805,389605,625104,142819,714180,921938,958927,1184937,1070993,266606,1193571,317273,1731534,1768748,1857545,1290350,2134578,1092586,1664818,1591618,1126916,1279131,2582794,1350143,1050030,1897218,758295,1183784,1355533,1079535,1823816,822095,1137282,1150155,829767,2810378,763147,1242989,28,1888114,710123,1036795,1489198,1004595,876042,956280,932745,1039191,1726929,3861514,1100556,3646642,2369203,892167,1203831,2096554,1066747,3190291,4116729,929813,827806,1270475,1793546,1604339,1393384,1560791,811674,1039463,1977020,942259,2394664,1207289,1237679,1751050,1528664
23870,35591,40240,42849,47292,49512,60481,41306,55412,70787,85038,67532,151278,163931,162620,115778,159287,165503,191204,163091,131866,98846,457862,513719,238751,473616,546652,516531,771429,637082,237852,404971,332238,1315105,1241698,1489684,339405,1136317,454204,1885831,683656,1802798,1821092,970101,2231959,2396404,632873,3106825,4482679,3234453,2617890,691891,4659326,2827627,2531041,3580426,1061588,3174391,46,1243170,3309690,2716419,2260304,2342523,2502603,2587871,2512250,2294250,3886850,3164999,2332439,3000803,4229957,4119639,2629825,3639752,3983637,3957638,2199362,4578297,1934210,1812219,1302974,1518817,2574417,3745947,1378987,2308601,2569484,2823027,1902648,4231351,4348195,4409021,4808261,4091626
21231,27247,32272,32805,40222,37435,59527,40337,39858,86175,60045,44984,182299,239483,271016,234485,268493,305868,309059,193220,138220,59497,302075,329846,196908,454460,473343,556557,521660,575639,98201,466548,137208,595960,508168,665386,353700,772064,401605,789061,510284,1195856,1094638,1015220,1529625,1780668,404314,2234874,4019248,2940652,2132626,477109,5176316,4037322,988363,7101766,551648,12,3169912,763154,1899193,2657601,2406828,3127061,2580411,2221029,2534572,2937910,3648927,1370682,1236249,4611770,2628907,4811665,4290401,4839580,3206132,2976158,2798506,4576260,3154668,2882182,1509299,2231006,4003710,3603136,1963116,3940292,2736014,3462613,3528036,3776171,3665914,3399340,3238501,3869318
27478,38521,44819,49620,57568,66409,56443,62292,82905,110974,124451,74010,245095,203363,249974,329605,304807,380886,368837,310180,299072,241589,638273,644227,424420,956812,858808,1017915,1381783,1281566,629528,1048623,699077,1274162,1253121,1074125,784077,931464,1195891,791584,1464892,657586,623215,1150778,851511,686686,2559563,1047743,944638,749703,861758,2102355,934147,1856004,984604,624407,32,551632,1061329,2808976,1022006,816089,800685,2255054,888643,1044376,834705,579835,1172266,973479,2574870,1509794,2946473,1553290,674217,918568,1117076,1074608,2689877,3350982,641882,557035,1044310,1371893,1353965,1172072,1002525,592875,1615443,1691354,1073833,1654016,1004450,998959,1871255,2043204
21356,27217,32128,32369,41743,39052,67702,43829,39192,64604,53434,46167,166274,232119,281411,261893,306151,292665,345294,156605,125125,59301,282546,308393,167949,438401,529822,492048,450142,556497,93573,452843,127328,579381,507979,650459,309730,800615,361497,721672,415590,1113491,1061295,713994,1292471,1464321,392251,1778246,3333015,1884054,1746258,453548,3875971,2454388,1208692,50,624406,7104459,3580429,829761,2541271,2724269,2701912,3205780,2616194,2875753,3061167,2868906,3991036,1884854,1404411,4946110,3283435,4205771,3652251,3890596,2952379,2571534,2557086,3454473,2696966,2326648,1343361,1875018,3400786,3075428,1865395,3314864,2911295,2943439,2680805,3251508,3181459,3303670,3031864,3122174
22499,26946,32055,35866,39376,41073,58370,44062,46044,55085,73702,52488,161845,169514,228133,142180,194288,244259,156933,224228,202263,94781,300973,312029,228971,369392,288148,287359,463430,355977,209636,184947,250043,800811,937936,861901,201875,1018472,267058,1744232,632869,2395636,3035233,647007,2206009,2204253,605100,2327261,1563532,1469621,2109534,472303,1250061,1307066,10,1208791,985632,988345,2531081,1152053,2122444,1435320,846204,1071897,813484,2338208,1209990,1076319,1613739,2868303,2637445,1682765,2421021,1531247,1002191,1322860,1456102,1212995,1488406,2655744,871413,1014775,1354564,565169,1315226,1270822,1148594,1482724,987618,1833067,1246870,1726624,1594513,1625609,2310085,1802370
28391,37551,41906,45190,55008,63754,70618,67291,76412,110424,113348,87445,222078,245765,271594,269116,224652,268824,253535,369223,369004,287657,383736,429652,529633,442114,511390,530602,464721,514719,474502,428024,602167,569990,511613,741727,352184,658249,495715,717506,885905,1021658,852730,698675,1370781,1397893,847090,2299867,2793953,2482107,2262061,1024534,2527285,24,1307700,2454879,1856824,4038371,2827480,1137167,2366615,2486894,2433230,3316944,2861014,2409142,2297415,2748872,3052329,2497379,1553636,3439941,2699882,2636278,2646979,2664363,2714545,2866539,2732932,2930914,2167724,2239081,1280522,1971927,2957121,2525158,1651988,2419666,2782697,3724881,2633521,2451105,2466384,2468715,3117849,3385036
23502,32998,37493,40094,42521,46355,65688,44566,51979,65324,74618,61201,141093,183803,150833,149836,146242,163941,148850,156962,173751,92571,267502,348881,273210,298618,236700,253974,464906,332288,208199,171993,338347,692788,644613,509471,240337,801721,257270,834513,472679,732290,667166,501831,879306,927967,380793,2390489,3576264,1697398,1140927,386218,12,2525815,1250050,3870721,934323,5177747,4656942,822076,1915276,3297433,2854092,3196610,3198329,3613361,3070505,2895568,3445529,1720400,1180915,3998326,2502719,3049641,2861813,2925521,2644332,2743167,2654405,3063007,2502671,2301034,1436210,2512792,2726629,2211491,2143640,2979731,2525256,3077765,2759116,2447026,2352552,2379510,2684749,2439263
31475,41917,43129,54530,53770,57793,63125,57672,71580,84312,116970,73360,215362,210726,207622,228913,295463,353112,364213,292033,274134,142327,646107,645434,332380,999225,1083748,1063151,897586,936039,366491,1301124,479074,716265,878471,941719,895337,483453,1366834,546183,662393,475529,471248,604263,703010,564228,2560773,492032,540892,462210,1531861,20,386177,1024559,472264,453543,2102508,477111,691792,1824371,926395,520349,504145,1521177,451385,702114,523493,604244,966812,884754,2456184,1010021,2078794,973085,698926,928753,1443191,818331,1529765,2421849,536273,544993,1034533,920832,845297,1102287,1066461,455458,1437243,1150584,1033951,1323253,1307987,1046452,1383723,1358446
57614,35579,35341,36635,46415,43848,55999,80830,56500,78582,88697,61734,213612,224393,207410,238779,239583,283610,306883,278262,380771,155097,385335,507243,399197,613897,660970,648082,675778,589510,244703,567967,374450,678063,708282,1058078,316522,897136,621946,1155113,617301,2104997,1425243,845008,2644184,2559356,872564,2887796,2092076,2566801,14,1531819,1140920,2261564,2109765,1746031,861724,2132640,2617482,1079665,3431029,2268054,2303244,2096793,2056463,2191791,2381800,2623304,2910573,3113062,2089015,2199163,3301491,2413852,2059247,2762610,3103102,2084064,1844252,3093783,1852862,1724678,914952,866510,2163051,2822158,873611,1960452,2029820,2800545,1667167,2926266,3288041,3166927,3161646,3196604
23690,32910,39371,38282,50768,47097,71831,47628,66397,77753,92251,74782,142456,163633,171783,139697,190323,183278,177341,121804,116890,136025,192026,303610,81212,402845,382751,399891,569282,544093,197207,317302,231272,816046,742111,950183,658355,933586,609378,1400935,563484,1374159,1032294,730848,1823878,1882358,380420,2572129,2925078,2,2566216,462215,1697760,2482047,1469931,1884205,749723,2945122,3234040,1355912,3346761,2269640,2530434,2496161,2430620,1880928,2722741,2742437,3152743,2602203,1858520,2401311,2731420,2462680,2072537,2843917,2372292,1886042,2110430,2535403,1966934,1908048,1075429,1735102,2138188,2410403,1421144,2291288,2701170,2887562,2067534,2702136,2972812,2741188,2758657,2575772
31962,42468,40440,44619,47014,52609,50730,51993,60867,68755,90383,67989,157594,134462,145283,135842,152005,159925,151648,146769,129374,119643,327157,389553,180810,423065,476093,435780,782799,481579,245807,386524,266829,973368,1038890,1074474,335392,1126351,347461,1539394,505188,1277703,1073411,702697,1447196,1537168,543655,2969366,18,2925425,2092066,540902,3578123,2792947,1564102,3331922,944601,4024304,4482389,1183716,3140860,2508638,2229023,2218987,2816361,2098223,2372787,2592029,3821963,2542712,1414532,3348290,3017866,3279052,2320721,2713665,2463817,1970846,2005414,2874010,2017545,2032499,1193102,1930823,2351904,2262687,1619600,2466164,2615523,2801197,2217610,2470417,2692156,2551553,2586164,2662062
26197,31590,38365,38074,43243,43704,63544,48877,57115,58147,65304,51438,118286,159548,187666,169452,251859,196209,293477,142877,170908,95550,399362,315646,229376,470954,208321,314652,587288,400927,233241,299528,255988,435092,743305,744514,445761,634624,445994,994390,448038,1578715,1444777,506108,1997482,2156659,495030,8,2968877,2572010,2887821,492108,2391058,2299788,2328527,1778746,1047833,2236866,3105042,758378,3010506,2550081,2618398,2306439,2343519,2619279,2521381,2506472,3000192,2896329,1618732,2167434,2982631,2095717,1640926,2225228,2285243,2467086,2041328,2635861,1371006,1637286,1528637,1148619,1731563,2177304,1707644,2121479,3701053,2215707,3233171,2182610,2884082,2934655,2931426,2797538
30422,43157,46482,51903,56574,59155,59225,55952,75276,84755,104676,94772,232051,231856,233153,298229,304515,314109,434630,280960,252910,195965,721671,797347,326777,919537,1091572,1079384,709639,910338,352999,1266425,532430,709895,1019141,597523,955786,470389,1448106,515012,987076,415839,340212,445038,740757,491360,16,494996,543647,380454,872620,2563336,380787,847130,604581,392248,2558846,404312,632807,1897835,629897,377732,662877,1435617,738796,866090,661019,460593,825471,605961,1964778,1029190,1553077,908555,513646,872999,1016409,559082,1635445,1839618,489066,362613,925088,906763,586714,892954,939816,368596,1140008,952480,1042913,1065679,948636,780706,980964,1096360
26516,29987,34684,34831,45650,45284,65821,44025,45527,83959,62749,50298,181773,254283,213730,205318,251761,332665,304305,193990,170028,73326,419455,451904,217562,558842,699941,688131,676396,701890,129718,620550,162769,810974,941884,1444662,310913,1075316,501623,1659508,494818,2106255,1899521,934237,2260780,0,491369,2156019,1536739,1881998,2558254,564203,927962,1397712,2200877,1463391,686674,1780511,2396537,1050389,3093955,2087135,1653874,1491695,1340213,1541688,1855439,1947175,2144310,2547234,2536299,1629430,2803801,1938398,1722485,2209130,2254711,1750907,1428915,2341767,1619072,1418152,723524,717878,1755596,2622759,794899,1479796,1039963,1993338,1451650,2504396,2497390,2724972,2722134,2681898
26521,34490,38891,40277,52466,46907,67040,48889,54457,83186,66534,71005,169143,251199,236830,237624,259122,276486,271008,188224,164455,112255,288564,408549,224762,607285,610879,557013,686939,812555,156392,470935,185427,927681,819136,1383105,486294,1076928,531163,1671982,678216,2001915,1661177,1066233,6,2261392,740678,1996194,1446991,1823224,2643642,702935,879270,1370036,2205913,1292390,851478,1529699,2232414,1352675,2205580,1629513,1632039,1770040,1835381,1489314,1617805,2066736,1749647,2524482,2203867,1535800,2377867,1710487,1562733,1912076,2124840,1477538,1742864,2078952,1473432,1256115,1281504,1330432,1737417,1942219,1398809,1503037,1138656,1903537,1088528,2316438,2275616,2088974,2241950,2279813
28492,33992,38492,38020,45710,45056,58108,49047,48629,77065,67994,53362,185231,243864,209218,225619,242521,312757,295366,193052,177695,71495,330693,427928,256052,518611,644404,752977,1492460,1095882,112497,639484,153501,2001570,1965400,1757424,344568,2379681,487671,1738074,1109267,1034291,1108742,10,1066248,934261,445033,506101,702659,730929,845099,604210,501826,698682,647069,713999,1150542,1015220,970026,2581187,1781473,453034,481686,587224,388425,380866,392419,834697,925786,967113,1743196,790374,1706125,1443685,1105087,1114415,1177246,736629,1237619,1584355,1128353,772291,819704,909760,1165440,1187829,1009927,793088,318547,1219141,367417,1743822,971729,912945,1107032,1104526
25067,31482,35277,39643,44681,43712,58640,41468,52467,64917,63406,51421,124705,141213,136956,126630,189859,169426,162872,122243,84261,95952,206040,237026,89245,339581,372124,386407,688665,502097,134065,314285,154525,890394,1015973,1533864,457637,1663497,315019,2064708,556731,2555341,2,1108932,1660564,1898668,340225,1442575,1072829,1031377,1422032,471233,667157,852720,3031728,1060099,623159,1094645,1820145,1279404,1926413,1530440,780566,841588,893356,1091521,985842,1650515,1354223,2398004,2166989,1267742,2120190,1428168,1125379,1261716,1345634,1193228,1098297,1813859,1077516,1352599,1136787,672423,1485897,1226848,1006943,1529407,901873,1457364,1166674,1711841,1735417,1627211,2044867,1667178
56411,32570,28554,32215,38994,42398,49522,72166,45956,59014,52293,41629,140996,170786,173528,218339,217228,219589,244146,154117,155923,92026,335174,364176,162541,591431,639947,557192,752321,672406,100287,558428,137311,843267,996048,1515633,331800,1332771,372874,2222651,468789,0,2564268,1034448,2003002,2107755,415845,1578754,1277759,1374230,2105669,475530,732286,1021560,2396898,1113495,657587,1195858,1802626,1127017,2207331,1368409,1070378,928526,907779,1143736,1209588,1513700,1518257,2288365,2109997,1257391,2243942,1315161,1385308,1602576,1731760,1192622,1109717,1686351,1343179,1265919,571195,385334,1329043,1611600,549619,1517290,692662,1664595,912593,1874981,1614044,1643929,1706620,1970185
32268,41126,47240,56245,66711,82448,84551,80678,97548,119744,135765,106643,195573,230484,235506,231238,202395,307365,268564,200592,221968,330239,299624,394968,227947,577546,591524,480709,1036063,1247186,527242,670513,593015,1293051,1102360,805031,444271,934452,626357,748721,16,468786,556744,1109578,677632,494864,987413,448089,505187,563554,617349,662474,472683,886115,632851,415588,1465528,510283,683588,1592276,1203776,441915,746732,1175798,647128,549851,665565,865663,719630,712593,1275812,844893,1048558,877678,523672,588801,856653,731099,1117961,1134549,560558,598422,599406,1157061,869519,594362,597570,620473,356509,1164379,303648,646066,817326,757572,1165574,1074968
32259,35892,41399,42421,45456,47654,50815,56438,53439,64285,77793,64287,134159,124449,144232,127537,162368,154216,143363,120842,108169,94641,265493,312156,115402,243400,333288,373572,502071,372526,148379,256274,199939,962893,1374752,1613974,291440,1578551,287247,0,748793,2220859,2067203,1737894,1672062,1659687,515011,994068,1538844,1401079,1155082,546224,834509,717496,1743045,721655,791616,789055,1885163,1666121,1490428,758021,813691,522712,556711,907073,518312,1151840,1308043,1492782,1817316,1404652,1582428,1495785,1045879,1208666,1329221,868648,969344,1623297,1039818,1043665,1002745,494194,1284770,991649,572268,989636,425271,1513830,592958,1474912,1352762,1191401,1369504,1283463
25225,33423,36631,40526,50817,60417,68527,50818,63811,70812,104041,78991,199970,254410,255074,229536,353834,424613,363674,209080,204551,138678,552215,792187,145620,668616,685380,666504,412203,699979,177639,921661,246507,452856,579340,395228,1012333,302809,10,287255,626366,372872,315013,487713,531253,501724,1447814,445343,347467,609399,622135,1366705,257268,495873,267027,361512,1196366,401586,454208,1092471,643998,404714,764037,898218,753971,644660,757077,291149,546660,819598,1360592,512436,977853,672979,461698,737248,695712,489014,986424,881247,391826,273321,618046,748139,463041,776517,729925,265470,655046,538707,802621,891575,662252,578819,616505,819470
23240,28874,33907,37950,39797,41316,57487,37811,45975,63246,69142,59557,119448,153277,181180,127968,176058,192260,191864,112964,87321,80588,274765,300803,97219,312040,356746,325822,899528,502979,126327,291304,185152,1408150,1789355,1407211,310808,2,302796,1576908,935151,1332280,1665720,2379240,1076891,1075286,470392,634432,1126317,933469,897108,483452,801725,658242,1018622,800622,931318,772029,1136166,2135933,1281573,556817,524625,431684,509562,741884,421889,980971,874508,888784,1393749,1079015,1165152,1452822,764489,822584,1058952,667525,824366,1160022,909528,846732,873448,860106,1147864,777635,994498,809252,212970,1320992,334111,1202405,956891,810451,1007224,882026
23141,28812,32394,35071,47970,44227,67605,46356,48805,71817,86457,67006,155058,191042,256708,186866,344620,363905,323156,107981,123756,113902,536723,429043,90482,371032,333492,382239,337980,433948,171723,612647,160689,420562,491698,319715,4,310809,1012865,291448,444232,331789,457637,344554,486304,310894,955601,445167,335402,658344,316450,895118,240317,352178,202137,309748,784117,353678,339412,1290501,337046,282674,578027,465133,422017,424500,409630,401565,286663,619971,875505,335128,867778,409343,381706,346221,566599,284181,592173,567658,345896,376006,564233,417111,403697,412512,673746,274004,586031,361546,685068,480103,323142,348314,403460,503668
55027,33866,34454,33708,36638,41236,40230,81054,52150,52064,62788,43143,124860,160439,150832,160845,192257,176818,179949,140709,128019,122119,343781,438023,99785,445770,510598,541125,1011199,667539,138736,478373,151806,1068702,1414984,14,319657,1408057,395265,1603454,805010,1508306,1534272,1754883,1381210,1444296,597570,743671,1073035,950007,1056259,942341,509447,741707,861271,650467,1073342,665391,1487883,1856683,1609309,802374,538826,695595,431166,509454,452158,877170,1107065,1274588,1919335,1012706,1441325,1205728,1013341,1136094,1046295,1100537,953408,1479878,945765,852858,1138347,999310,1153488,1130747,1054499,897776,838343,1071407,704484,1509450,1561427,1368280,1536277,1230478
28342,36034,45997,43673,51218,46173,55316,49915,54474,66104,79616,62591,171473,184058,218392,205337,242171,195011,292756,121878,92537,83343,364459,422416,125102,583540,662664,599939,1099118,1093251,147859,474506,222476,1557052,10,1414132,491589,1790377,579317,1367738,1102189,993905,1015869,1960931,818929,941729,1018854,742127,1037030,742135,708313,878465,644600,511573,937239,507980,1250504,508166,1241101,1768927,1308988,393593,475281,666254,544737,861971,485618,621279,1045752,967070,1223809,1077930,1059104,1179027,861244,968857,889264,834222,1146532,1181528,654850,555905,852654,1003942,732441,960990,996373,514128,860085,1189442,722753,1222980,1217322,942621,1179761,1150546
26442,39593,44742,46876,51894,54875,52072,41562,61323,69845,80218,65663,136612,158035,170946,160580,199406,226752,237729,109644,86104,113460,415630,436226,89976,426637,399075,408652,1368990,1031622,128844,418642,215472,0,1564048,1071153,420583,1410039,452987,962877,1293842,843227,891359,2003251,927784,810982,709838,435090,973376,816052,678084,716319,692798,570019,800803,579377,1273737,595959,1314444,1732889,1126911,426860,497111,478533,435684,679122,405309,617224,1150061,1004067,1441542,1063827,1302826,1245639,912653,1024019,744152,1061779,1139886,1308821,750409,624986,612024,531170,832207,988634,716835,587285,287640,864663,319031,1375036,1265018,1043423,1451768,1109272
30194,52308,45700,54420,64578,74966,72800,85033,86432,121421,150391,119497,190022,169279,141606,143188,137428,132001,138809,294745,309899,305666,184413,246740,376562,147987,141968,162889,237286,127003,519568,145672,12,215475,222462,151804,160712,185159,246487,199892,592742,137280,154519,153488,185441,162775,532297,255941,266766,231275,374475,479081,338321,602148,249888,127321,698905,137212,332038,317259,186141,183681,242477,733057,233858,324121,257727,227883,438330,328266,257633,538041,209765,323683,198240,250309,333558,341947,430429,546142,158971,156615,176105,324718,381261,215179,171108,169217,180844,624488,171018,215728,360313,293150,595155,698549
55615,34349,31730,33689,41400,43602,49685,95989,44631,76026,74158,47460,181745,239256,240178,261644,349707,378074,411030,205601,199853,98352,655286,649680,174844,848769,873915,948907,519770,897653,130353,0,145674,418658,474594,478451,612975,291308,922059,256268,669823,558429,314288,639377,470930,620500,1266465,299450,386524,317301,567986,1300726,172004,428027,184935,452834,1048039,466550,404965,1194353,656336,339152,290636,951769,316329,501751,442703,331175,428243,485843,1296520,338699,1315471,454267,614418,614118,732036,467094,726119,667183,533594,298772,736488,577559,485601,964621,749370,284168,1028092,461964,819776,942439,550999,579882,558962,832446
30284,44814,49336,58172,62028,78858,86597,78953,87132,126181,166202,124759,166889,136693,145345,136970,121555,123786,93893,238067,283269,395282,139789,201129,333956,113695,107214,116541,141858,108556,8,130329,519652,128843,147854,138718,171720,126330,177644,148379,526855,100265,134060,112455,156399,129666,353035,233155,245782,197279,244719,366541,208091,474515,209604,93576,629208,98198,237650,266570,137764,168709,194181,579944,211161,215358,226331,264883,303590,302010,275911,317054,135421,254737,137314,166140,362338,341385,340540,492932,114956,161109,230217,277293,315197,131872,225520,198365,250423,514917,236331,132702,264295,291904,569573,444848
22165,31232,41007,40869,47952,44224,66825,42814,47225,87032,68387,57060,243672,297052,280070,313781,350254,422210,354724,177919,143910,60496,443285,594242,157801,850545,778784,730889,1138921,0,108554,896899,126997,1033228,1095534,668262,433864,503025,700075,372533,1247452,672360,502103,1095953,812673,701930,910370,400951,481573,544096,589554,936853,332346,514687,355918,556494,1280694,575645,637084,1071426,931903,254527,389892,666929,375938,397942,412185,414277,594490,706314,1036501,543707,916617,717136,778989,821089,596663,653965,876604,840293,664320,408609,564428,647794,626542,825462,684051,412010,828179,725159,500553,876694,787665,704315,893312,982687
55672,34830,30595,33430,35781,51595,47176,75708,52493,47137,78052,50573,154568,163793,148433,182955,211853,257332,256310,159076,147001,122550,549315,313842,107727,656204,594062,630519,0,1138491,141861,519539,237270,1368541,1102219,1013290,337991,900294,412122,501956,1036727,751758,688664,1492644,686887,676398,709555,587292,782795,569287,675776,897782,464911,464769,463429,450145,1381108,521662,771435,1185564,1198760,492291,443168,697962,442722,438307,398648,629947,800064,614454,1019053,806821,900520,849670,654373,655618,719436,650955,680734,905082,680938,652552,701817,801832,686903,643120,715809,609142,879494,721914,666276,758592,846819,766280,873447,754511
30567,46476,38488,43777,49358,49461,53088,54228,60677,82396,78323,51296,190107,266471,231038,258005,293516,335148,354523,252930,210244,72248,659529,765544,203581,988242,1095032,0,630589,730774,116540,948129,162897,408640,599982,541134,382143,325829,666612,373573,480624,557184,386421,752916,557018,688136,1080252,314653,435767,399936,648085,1063996,253988,530676,287352,492045,1017868,556555,516519,959688,829847,184456,228358,752779,325798,362130,283271,384978,578559,579342,1046175,530003,958444,637182,753934,858495,692452,589589,576191,729389,685353,361620,558396,368166,574481,872867,563996,367592,800932,551193,574004,930055,736968,740660,752751,834599
59682,32451,29602,32858,43259,43187,50348,80393,46264,66209,55894,44775,184533,242195,253281,275618,292871,307436,381717,210763,180430,99235,531930,640655,169563,971061,0,1095047,594098,778636,107201,872956,141970,399016,662778,510609,333368,356745,685410,333292,590862,639968,372115,644256,610856,699955,1091228,208267,476086,382759,660999,1083488,236691,511313,287999,529815,858244,473338,546655,922338,787892,273231,341007,943569,337254,313895,303553,385876,568013,591901,1078888,497098,1006440,650275,700003,795086,723391,599259,671510,766454,643205,349649,450101,467591,510873,905170,472485,319320,688467,513003,443949,873001,737521,689649,717884,979776
58874,33346,29430,32510,41452,42012,47195,76659,41478,62329,57478,45599,190160,245063,269122,267567,343264,315246,356730,214520,208082,105153,628248,679782,182822,0,970718,988197,656297,850437,113683,847983,147982,426618,583584,445772,370851,312040,668957,243392,577442,591439,339587,518639,607262,558847,919921,470853,423068,402854,613934,999550,298647,442262,369451,438397,956745,454456,473602,714650,610658,298576,418122,773146,346903,459434,339985,365045,433702,420681,1000165,565959,986177,552004,683784,606374,585525,436825,670754,599597,549824,311513,515451,502057,437647,663223,475955,360856,845169,541953,735843,691502,638623,481362,600648,732306
31573,47664,37825,43686,48514,60285,52430,52118,58220,85176,89101,56151,184967,191688,172338,190031,159138,243938,184050,374575,442174,94125,234188,352234,10,182839,169577,203581,107743,157809,333992,174848,376610,89974,125104,99778,90483,97221,145641,115401,227853,162543,89251,256029,224769,217582,326755,229366,180796,81238,399212,332470,273145,529970,228822,167937,424418,196898,238684,142841,306607,150969,148396,353109,135973,265672,146710,118827,228728,126619,183941,452387,255509,168565,199290,343263,372772,270666,327843,391299,259039,93827,176291,163768,272288,317050,158965,140722,200103,528922,196150,335830,206100,153028,448102,410918
28303,42673,45115,54971,52167,61597,61639,56679,65524,67718,84170,62355,188004,204025,228448,236647,217455,261972,280552,239212,209044,93933,453789,0,352221,679825,640581,765503,313856,594223,201165,649375,246776,436078,422395,438028,428812,300808,792024,312157,394948,364178,237031,427930,408566,451917,797009,315598,389546,303601,507307,645377,348916,429868,312120,308387,644320,329851,513736,625105,529166,339802,398829,507220,383611,445320,388235,259350,387703,477375,809440,535469,637720,509708,436397,511274,524844,476618,633972,565553,408933,252060,456185,410319,320586,595083,465360,274033,565717,512728,563660,560060,548969,523722,639138,553476
60335,33183,30486,34527,46275,45411,40207,79491,53345,51613,63833,51400,164218,169942,213476,201790,248963,261880,304892,195331,183156,118445,0,453828,234173,628232,531946,659636,549348,443311,139791,655000,184387,415599,364495,343767,536691,274762,552043,265490,299606,335183,206032,330691,288559,419457,721436,399327,327168,192017,385344,646147,267524,384038,301084,282541,638418,302071,457851,389619,363426,338669,349495,486434,262735,396770,285907,253907,471542,272375,580550,374773,555798,421150,330943,414655,388214,365708,304147,500703,331556,227216,467064,347776,257896,436809,455103,193238,536528,419576,581145,400784,426604,351168,487405,556672
61781,40893,38993,47579,59989,75749,81965,130070,93767,123793,135551,128863,99051,77361,77981,92673,65032,71081,70947,117664,145170,4,118425,93931,94121,105166,99241,72247,122544,60490,395455,98368,305631,113443,83319,122132,113901,80591,138614,94621,329992,91999,95947,71470,112280,73313,195903,95564,119645,136067,155156,142323,92558,287579,94774,59289,241586,59491,98847,178771,75287,120270,165413,273394,116422,88398,135590,206086,134251,140430,226311,122591,122588,141369,89675,92769,208562,127457,228515,167128,93599,106007,94557,182649,165585,76192,96231,93799,102388,203376,90281,77954,177082,173124,237606,257441
61968,35091,31628,36912,44920,56422,63246,88095,55309,93616,97700,57596,176334,163492,149922,161230,105824,198995,114195,299437,2,145138,183151,209032,442081,208100,180427,210237,147019,143906,283391,199870,309912,86104,92538,128002,123779,87320,204561,108166,221974,155911,84265,177704,164441,170023,252872,171097,129370,116882,380832,274123,173723,369451,202284,125116,299221,138216,131851,171619,229072,153238,175621,364907,132654,182130,159694,138112,198379,189550,210607,290376,213707,184073,155048,246925,236564,157110,277745,305296,209891,101413,191431,205059,201610,260201,173629,121917,209296,327078,197093,235584,176626,164376,371935,396546
28758,34302,40241,42160,51430,59374,82847,58513,58065,88234,86260,61552,175339,175814,131597,170727,157118,203216,154793,0,299423,117652,195309,239171,374458,214522,210768,252926,159087,177903,238041,205621,294688,109647,121878,140695,107985,112968,209071,120851,200589,154111,122241,193045,188226,193993,281000,142920,146782,121811,278272,292040,156986,369661,224247,156590,310363,193217,163094,113322,280572,132622,153282,264040,154582,219340,180664,127309,189390,158919,192021,256400,222045,174922,171071,309559,256268,228633,297599,299615,208319,127065,196367,206876,198753,286473,191116,128011,220828,290893,214931,287248,205610,178887,406471,285196
25342,29017,33442,33581,42729,41716,71778,47991,43383,66025,62054,50127,148732,193515,274100,255571,365954,384345,0,154791,114210,70944,304945,280707,184045,356762,381804,354606,256313,354715,93893,411058,138822,237735,292922,179964,323285,191875,363765,143362,268585,244146,162864,295362,271004,304329,434649,293316,151635,177355,306894,364234,148866,253571,156910,345310,368887,309057,191194,257289,283976,239388,195121,287334,174194,351932,222518,142339,173227,174299,307491,189655,373781,197631,300030,314508,286241,201357,338412,244604,297230,184993,305975,189079,246249,336277,290009,148064,269558,316072,271431,320432,224383,169869,252645,356911
22858,29622,37240,36398,47915,43952,73579,45995,47216,63910,62437,53964,170292,217466,259538,273664,377245,0,384175,203226,199013,71090,261883,262025,243926,315266,307469,335155,257385,422256,123787,378031,131991,226733,195012,176823,363912,192245,424747,154220,307493,219585,169434,312747,276508,332684,314198,196248,159928,183266,283662,353193,163940,268833,244288,292681,381159,305864,165512,182870,288986,184378,157570,297296,169471,319472,208066,140115,175133,160593,298752,220802,358106,174199,297510,289488,299723,185722,362475,298816,259601,174959,280125,196731,248838,295753,305184,157543,223780,331120,236400,290223,220617,165487,309270,300441
22595,29386,34904,37357,45892,43556,70784,41497,49199,68162,58240,58038,162437,223319,261889,245808,4,377244,365814,157122,105826,65038,248897,217457,159141,343346,292875,293499,211858,350216,121567,349688,137434,199390,242247,192250,344652,176053,353823,162365,202387,217231,189852,242521,259111,251760,304527,252029,151999,190319,239582,295512,146229,224656,194296,306161,304806,268487,159281,199435,263754,202822,156814,257309,165066,216508,182661,172777,163559,188076,294000,186193,275751,194483,263790,261563,279354,176415,282682,261412,241028,192789,255011,171176,229424,283407,258947,168701,277700,309122,289211,285456,215041,194479,243528,287273
30588,39058,42152,46076,52241,55786,63264,55769,55026,86973,70473,49443,185956,224053,279594,2,245827,273585,255434,170750,161231,92682,201794,236699,190040,267593,275625,257967,182950,313739,136980,261603,143174,160580,205319,160852,186753,127975,229512,127540,231189,218343,126635,225619,237623,205369,298225,169452,135840,139692,238785,228946,149820,269184,142192,261893,329455,234487,115781,161814,226164,167425,189183,224547,185094,199441,196887,135360,138198,169732,201486,146368,239660,144816,242457,234315,230725,132250,289664,218851,205283,156974,182632,205277,224489,220218,206916,135071,194193,315255,202783,227525,163341,166658,221164,375465
22777,29474,33207,37776,48338,42338,73046,39645,51248,64688,68148,60883,196282,250818,0,279456,261857,259540,274024,131616,149921,77991,213483,228446,172335,269123,253293,231040,148430,280023,145350,240180,141611,170952,218356,150829,256040,181055,254927,144229,235421,173519,136956,209238,236818,213753,233150,187622,145288,171777,207415,207618,150838,271754,228144,281414,249954,270725,162624,165389,205754,150878,145279,235949,145211,174453,177930,121636,171748,148048,219060,182257,204195,162984,218295,227116,200017,139314,235097,215087,220592,142126,193789,191687,194183,233309,184323,144517,186933,300962,212314,226113,180253,154326,231819,273761
27598,34151,39754,42514,52615,49167,80748,53730,54261,70051,77925,60426,217840,2,250920,224061,223342,217505,193533,175821,163493,77353,169936,204017,191687,245063,242195,266470,163797,297158,136689,239274,169284,158035,184139,160436,191085,153271,254397,124440,230561,170796,141212,243863,251211,254291,231802,159562,134479,163648,224404,210799,183775,245863,169474,232111,203425,239480,163913,146280,198686,154976,181500,260752,161548,199030,204225,163779,124600,163778,213153,167387,238229,151260,243628,238459,216830,148591,241566,215122,214793,138640,146714,191003,209186,230166,135583,129282,149606,270949,160671,224198,178117,143337,239332,275369
30648,41870,44197,51728,58406,59304,68723,61610,69475,83170,112857,72075,0,217829,196303,185944,162423,170335,148711,175329,176338,99048,164226,188018,184995,190159,184540,190117,154575,243685,166884,181747,190051,136617,171469,124857,155056,119452,200015,134165,195587,140996,124705,185231,169141,181778,232110,118296,157598,142454,213636,215358,141102,222162,161845,166271,245206,182294,151296,157318,177215,155404,176128,264021,181395,168795,175202,128046,137673,182703,174396,195632,177186,160435,193912,185142,185872,134854,231436,208483,173670,115547,132861,200140,153456,168186,144599,126420,155037,261979,144695,179791,161494,143569,235795,250599
30991,44113,53848,69862,66572,68512,67383,75347,119489,77334,94848,0,72072,60429,60875,49432,58047,53973,50121,61541,57593,128875,51393,62341,56154,45599,44781,51294,50570,57061,124758,47463,119525,65672,62597,43137,67015,59559,78995,64288,106712,41627,51426,53317,71020,50305,94782,51449,67998,74740,61738,73371,61205,87429,52486,46162,74008,44978,67523,100977,53237,41769,64847,76017,72044,60910,75850,58455,68727,76379,94533,80504,57466,81644,54605,65655,69898,63068,107850,76169,44286,53106,49104,65216,81198,51021,51286,47326,57381,94704,52641,50552,62992,54821,73688,71909
32676,43142,47929,58058,67012,81203,99389,86310,92058,143597,2,94877,112862,77930,68149,70461,58233,62444,62058,86258,97703,135528,63836,84171,89090,57478,55899,78305,78046,68392,166208,74155,150375,80232,79627,62797,86462,69155,104065,77796,135749,52295,63411,67998,66540,62754,104673,65307,90374,92271,88698,116976,74628,113373,73701,53431,124542,60045,85073,92761,79084,57970,86965,118929,88253,83871,88191,79678,89592,108453,97934,101327,67447,111919,70476,88456,85297,84341,111834,100889,60966,77405,68854,101956,84711,66904,58793,70581,65121,110150,65954,75307,95296,92192,114292,113083
27495,40776,45705,52836,63992,72314,94680,83087,75029,2,143586,77352,83172,70058,64684,86970,68164,63916,66029,88228,93635,123810,51612,67713,85190,62334,66219,82393,47141,87027,126194,76023,121427,69851,66112,52074,71817,63247,70811,64281,119807,59009,64915,77064,83203,83972,84746,58154,68758,77750,78595,84328,65323,110503,55082,64606,111025,86170,70789,79876,78600,53592,64948,83583,89570,67813,89321,67990,69077,90194,68116,76797,84716,73672,72478,101303,98260,79900,98252,78619,72932,70758,57084,79798,85595,84265,61542,61218,65606,103628,59958,82001,83117,79622,85491,105813
34287,50194,60327,71743,78025,77235,67975,70698,0,75044,92016,119524,69481,54254,51246,55026,49197,47211,43390,58059,55319,93773,53346,65523,58231,41482,46255,60673,52489,47231,87154,44638,86454,61334,54480,52141,48816,45979,63819,53436,97521,45954,52476,48624,54465,45530,75269,57117,60866,66412,56497,71570,51983,76428,46046,39182,82893,39857,55416,62907,52170,49439,53670,74651,62303,55339,63954,72017,64786,63374,70685,67596,48690,65514,60174,54290,60999,62394,81969,81088,41919,60163,48840,55856,71627,43538,53277,56978,62585,65053,49287,47958,67808,73143,79354,62787
60459,37695,35018,39963,54653,69905,60671,0,70704,83078,86296,75371,61602,53727,39642,55763,41487,45993,47982,58513,88091,130102,79479,56680,52109,76669,80396,54208,75725,42809,78963,95995,85050,41561,49919,81055,46354,37813,50810,56439,80661,72170,41463,49045,48886,44018,55957,48873,51997,47634,80821,57668,44567,67291,44056,43831,62294,40336,41304,85377,49875,72351,85202,88198,51705,52842,53132,77563,54573,66271,92619,51022,80177,47806,48353,47473,80266,50427,66644,60768,68974,50696,44635,80451,56585,45073,43763,49819,49518,53915,43280,44350,63226,57677,67621,98056
25550,35202,44885,47452,61539,68541,0,60658,67974,94661,99385,67384,68721,80763,73043,63247,70796,73607,71787,82848,63243,81979,40202,61638,52414,47195,50345,53072,47171,66820,86605,49684,72799,52064,55323,40233,67641,57491,68531,50815,84539,49517,58658,58115,67046,65821,59235,63575,50734,71845,55993,63120,65695,70613,58369,67700,56437,59532,60482,63013,48294,42843,50601,56130,62395,50043,77943,42940,53476,69083,58338,59653,41427,53731,52746,59097,49282,58472,62233,65576,60982,54121,69868,60181,49230,66667,64243,48457,69546,84765,61116,66335,48082,48167,64004,59382
32956,45372,50625,62882,80568,0,68550,69894,77248,72323,81202,68526,59308,49169,42339,55791,43559,43957,41722,59373,56431,75757,45413,61593,60290,42022,43185,49461,51608,44227,78862,43605,75019,54875,46181,41242,44229,41314,60412,47644,82427,42402,43713,45060,46920,45282,59160,43711,52619,47100,43857,57801,46353,63770,41075,39052,66417,37433,49507,54759,52072,40880,46484,55312,57489,51347,51850,49764,53238,59440,58801,53935,42560,52736,50920,46511,48704,51749,67277,52768,43829,55007,40541,55776,55504,40292,41324,47602,48399,49165,44045,46559,57420,60934,59916,58007
29412,44401,56137,71178,0,80558,61530,54642,78021,63984,67003,66579,58389,52621,48329,52230,45888,47918,42726,51430,44930,60007,46278,52167,48518,41454,43257,49353,35790,47952,62022,41401,64574,51912,51233,36633,47977,39814,50816,45446,66700,39002,44687,45712,52470,45648,56566,43245,47017,50765,46417,53779,42528,55013,39372,41742,57568,40220,47293,44648,47479,38034,38657,49051,51609,45400,49419,43211,51901,59482,46500,49717,38623,50937,51034,49403,43541,50226,58209,59999,40864,49284,38289,43072,51534,42885,42112,44242,45297,55681,38747,46070,51926,50158,55835,47332
31858,52031,61252,0,71187,62867,47450,39965,71764,52850,58049,69919,51724,42527,37774,46074,37364,36397,33583,42168,36911,47597,34534,54979,43689,32525,32876,43778,33436,40865,58182,33698,54418,46878,43694,33709,35058,37947,40520,42437,56232,32221,39647,38028,40278,34835,51912,38081,44630,38282,36632,54543,40105,45199,35867,32367,49618,32807,42844,39739,45642,32276,35961,36041,45722,45813,39540,39948,45916,48997,43663,46291,31787,46847,41630,45090,35326,44309,56636,56822,30521,47194,33910,38524,46480,34783,36424,47897,39940,42677,38109,36794,42790,50733,47268,35895
30470,48387,0,61241,56153,50630,44891,35023,60334,45714,47936,53865,44198,39760,33214,42163,34901,37235,33445,40248,31641,39002,30503,45115,37828,29443,29602,38492,30605,41011,49347,31739,45707,44753,45998,34443,32391,33913,36644,41396,47249,28553,35282,38487,38892,34691,46489,38367,40455,39382,35347,43131,37495,41903,32052,32133,44817,32273,40244,33604,39892,30664,30961,33646,41543,40823,39800,35295,43527,46451,34016,46172,28701,38916,37254,41829,30781,44507,44859,46734,29966,43361,33805,30960,41389,34337,34603,39257,39820,39549,37378,37579,39647,41196,40783,31803
37227,0,48388,52033,44408,45372,35204,37688,50200,40770,43134,44124,41872,34155,29474,39065,29389,29621,29019,34312,35095,40896,33187,42682,47669,33355,32460,46471,34837,31235,44817,34347,52323,39607,36056,33867,28821,28879,33429,35899,41122,32574,31490,33993,34506,29991,43156,31590,42488,32920,35585,41922,33002,37554,26948,27214,38518,27248,35597,36540,38188,34016,32743,38341,35613,45137,31192,36697,35944,37687,35982,35038,33013,44576,47859,34008,36385,36918,42249,41509,33088,36462,27973,35814,37728,27752,28577,47643,33737,33906,30373,30577,46352,41258,46564,32905
0,37225,30470,31855,29416,32954,25548,60452,34283,27494,32667,30981,30641,27597,22772,30587,22592,22858,25347,28752,61976,61775,60330,28297,31574,58884,59692,30564,55673,22166,30285,55626,30189,26435,28342,55029,23147,23244,25223,32254,32262,56395,25062,28492,26521,26521,30415,26205,31964,23695,57623,31471,23499,28388,22492,21356,27471,21234,23875,57655,31242,51263,58694,52067,26666,29090,23266,53048,28300,25891,59503,23495,57319,30865,31162,23839,53427,23227,28503,25461,53919,25423,20896,54346,29219,23173,21491,28155,25084,23040,23184,21503,34093,28350,35164,60115
