76271,160309,53841,99475,36559,26120,27878,29005,38276,24991,66387,16880,15327,77738,103894,40207,38416,151644,19640,135473,17690,75832,15969,18393,20413,133661,140286,17294,19452,27172,129825,17994,146022,17796,127569,107893,89602,18182,22343,129002,60458,17795,100103,146176,103136,15989,21089,16228,144144,23531,20850,122529,17171,21855,19723,87699,86820,145837,84833,134800,55600,17875,134420,97723,18233,19466,113294,22526,21164,142188,125071,18485,80792,19262,111960,82870,57437,20389,19436,42938,20492,18789,16326,23996,79794,137188,21640,22941,98907,27412,23357,19803,20983,118820,75787,6330
78322,138948,53776,60966,81542,69324,78772,26897,34643,78789,54258,15427,13796,71448,56165,33573,35593,134855,17501,82174,14772,66867,14512,15915,20160,119861,124670,16798,16136,22534,79909,15586,132394,16545,112122,51838,81043,16572,21170,109582,57915,17002,52882,43257,57363,15762,16691,14878,136091,67381,16913,76649,18581,19912,18331,103372,77937,137233,73490,79284,44273,16610,82046,133941,17302,18439,80478,20699,18299,128609,118513,14477,125606,16149,101550,75601,50044,19190,18635,16989,22426,18053,17048,21460,124091,134358,20959,18469,44651,73804,71837,16579,20570,107973,7730,75779
122424,4178843,95255,135222,113589,96027,98406,84845,331409,107187,120615,80067,57325,3306872,130383,104991,97220,4215740,83273,148861,61990,106775,52352,77081,77461,3449111,4291285,68677,74094,99684,131047,75583,4227827,70262,3498557,218796,798898,79927,91393,3652076,115130,82956,132906,88344,310645,69107,72162,72859,4212850,90784,66642,164872,73425,76521,75152,123194,746618,3907284,102789,139359,87296,67979,136262,939224,68455,77787,189795,80166,79676,4239272,3492899,67377,930012,74775,2833089,910490,111861,78025,67561,73386,77074,73645,67151,91785,998521,2855191,85444,72535,155126,92609,96182,70803,67980,83286,107968,118836
100265,125627,43038,89026,25967,20382,32638,17635,101720,21818,50733,18554,17730,55472,19491,98745,100544,119597,14951,23288,13958,29841,14008,15008,18082,103741,113864,16075,15527,18682,20569,18050,118103,15347,80166,28656,40567,18658,22134,100940,51936,18165,44717,20033,24367,13825,17179,13870,104359,19711,16483,21704,16081,137006,137949,30949,64698,118669,56582,21436,21022,17957,21584,78119,17544,21791,27674,78185,34781,114948,69002,18367,69991,14495,109642,67650,50275,18771,138273,18499,21881,15671,15515,19167,65602,91116,16434,139710,68789,19450,21595,16017,9606,67983,20564,20979
41203,114920,29717,42259,29718,21213,20296,15662,25326,17519,44907,104314,104001,80679,19564,24466,15159,114042,105314,19255,105659,24242,12953,111149,15974,101661,105283,15725,19477,17341,18533,18863,108691,15554,78452,22578,33648,110757,15128,100754,44304,15411,41188,16216,21556,33990,14567,15252,106234,19646,95529,21065,22462,18199,17618,16730,57599,112754,16874,25067,16068,18499,20194,72938,13032,15855,20633,18492,15482,105468,73250,30747,69137,116358,79299,61305,39093,18665,15584,110984,15825,109935,16027,28692,57782,87718,15164,18186,34521,15855,17333,7608,16018,70808,16579,19804
74087,167284,68858,58173,121202,179466,139577,17476,27409,168033,66517,17146,14608,68373,21481,50866,19906,152366,17380,28528,15068,33296,15826,16753,28652,139402,143516,17664,16582,32628,24486,18283,147569,16887,101252,25550,48957,16373,36045,133740,96518,18979,56631,96073,27853,17491,16091,15741,134526,172869,17577,27999,16388,21473,19694,26035,81972,149155,22143,26569,22170,16797,24998,146158,22589,19187,25229,31182,18802,148140,87499,16453,150674,17597,106343,86252,56587,20164,18103,17650,22095,25229,15846,36472,126313,108832,30611,20006,48916,176189,11964,17333,21597,96167,71729,23362
77759,155824,77154,64361,133069,190187,148033,18095,27679,181052,67681,16413,15025,67727,22988,53518,19175,150417,23254,26232,16544,39607,14663,17393,20607,137577,147194,18856,16687,27514,23877,16473,151315,16167,100239,27489,44090,16905,24446,135339,96261,18346,57773,106676,30683,15892,19368,15699,130201,184970,18867,24737,16703,19746,19206,23855,75671,149557,21217,25848,28061,17593,25715,145698,17205,20503,25290,21050,21942,135518,87778,15472,135674,16493,114227,90181,59021,19945,17195,24335,22146,18591,15063,23223,124937,118574,23339,19315,51848,12318,176132,15856,19454,92460,73737,27414
617472,1052846,738367,693963,237775,53914,206141,40484,97390,49428,823749,34268,30131,116401,96857,68323,55425,906903,34910,112849,28495,65866,48171,34651,43055,714500,876088,33072,34350,50148,103839,38270,763323,30787,166636,137610,93966,34744,45147,752565,773732,32547,767950,96462,138709,33454,35325,30052,493987,50002,36738,107783,30855,64883,68174,51170,322315,839803,45846,111308,48117,33824,107147,666365,49099,53174,123603,60180,50283,853171,151470,29030,779462,34479,887722,828544,553439,59638,65712,36777,53715,34257,32831,50941,514640,788532,44698,67703,27646,51831,48934,34519,68801,155098,44643,98915
88151,127118,41354,84881,24117,22270,30745,17439,101411,18581,52212,14967,12732,57722,21806,96051,100751,120653,15661,20831,13822,29031,14899,14888,16364,105274,110752,14715,19016,18393,20657,16854,110805,14267,85108,24597,37108,16418,18517,100663,51487,16187,50485,18981,23751,14896,14077,13439,102994,19500,19603,21784,14987,137037,135154,24797,61380,116406,55868,24119,18470,15006,22316,76904,15426,17821,23162,80410,30625,108281,68337,15888,67459,18506,107488,69332,49266,19741,137606,16692,17502,16618,14847,22073,61765,91952,18311,9012,67705,19326,20009,18182,139722,72522,18470,22940
51354,122187,92849,56755,41244,21531,32817,16795,21814,21908,116120,14707,16222,76068,18969,30342,15992,123164,14129,22150,17024,76017,16528,15725,80124,107584,119347,16070,14289,151336,26839,13918,121090,15120,83767,23708,39729,16252,148667,106123,101285,80846,82132,26158,23762,13775,13421,13905,105914,21351,15544,24324,13247,16099,18034,62427,102194,117228,19341,22969,19789,15683,24927,80338,18745,16511,27571,83216,18967,117838,73564,12673,85553,14572,87882,74708,70377,16604,19089,15589,16429,15407,14361,147768,64046,92613,8456,18313,44696,23338,30611,15162,16434,85408,20959,21644
1146463,4484362,758672,1193508,331193,122601,256268,89982,110535,119449,1250291,81476,69787,2629526,118120,490080,101396,4190339,94739,161983,71241,562796,65048,85300,102556,3706834,4156118,81433,81281,107348,150206,85846,4106157,82974,2650066,126223,147067,94837,101277,3856085,1346026,87649,899041,136004,133238,82133,84874,78758,3837556,108494,86426,150880,85694,97775,96718,126215,1010139,3931798,127216,156511,124645,85592,158097,1512676,86891,95826,136572,92630,90790,3911902,2223380,79217,1179390,91636,3430927,1551272,1101461,92992,88799,88897,95055,86288,78560,101914,883159,91538,92629,91960,788029,118604,108831,87718,91149,2854870,134370,137168
855022,2553648,459985,878819,311535,122326,183012,60797,312618,134347,586507,54100,52239,122033,81218,511209,78816,2367703,62778,103565,45767,564628,41315,61078,65789,2015206,2272461,52541,55117,73132,78095,56253,2185922,51411,1551206,167558,1298050,55272,70061,1172701,720130,61038,487710,69821,244272,56746,56429,57310,1921861,125384,74116,82661,51545,61730,65208,78896,1593529,2399238,86475,85285,82081,59761,86824,2312014,73349,74268,123365,61240,74661,2375893,1307842,54116,1950650,57806,603810,1926503,817680,73448,58659,58352,77397,57665,51160,69936,64036,882622,64049,61768,514696,124964,126212,57792,65592,998850,124137,79808
57046,149095,86114,57988,49840,26852,34188,17436,34425,24123,124581,19529,13216,81475,22423,32001,17158,138840,16973,23236,15239,75886,13986,16427,82299,118107,126498,16769,23282,155167,21198,20615,133831,16764,90071,28734,40809,14966,146523,119031,104566,83531,88991,20985,24835,17673,15117,17549,117280,22582,22984,26045,15283,18064,18517,66376,106101,134288,19642,28008,19347,15651,22373,86670,15231,18122,27813,88277,18317,120455,77757,21524,93060,19379,96515,80452,76167,27580,16463,18347,18244,18682,16272,9532,69933,101911,147790,22062,50922,23226,36458,28689,19169,91790,21456,23997
41296,112615,32348,41933,21465,18674,22149,38589,17911,16468,38171,12977,12418,72321,15947,23143,13748,107566,14007,17220,15934,20852,96103,14394,69634,87369,93762,102414,95374,15515,16573,40271,98200,93356,73623,16968,30851,13096,14379,84611,39150,38577,35259,15317,19859,77539,92792,84755,89127,16219,14194,18905,85579,15247,13751,14499,47990,107338,15005,17849,14341,83970,18511,62867,12282,14807,17001,13968,14172,93049,68387,79831,55882,13683,71191,53606,38248,14365,14521,14713,14859,16290,6250,16180,51165,78541,14365,14851,32836,15068,15849,16023,15514,67129,17054,16319
43847,116635,30797,42795,21924,16676,24403,15111,19886,17307,41578,107129,104316,72540,17334,24197,15641,111091,107246,19347,105164,24928,13242,114875,15933,103573,104183,17400,15123,17472,19144,16289,103959,13858,78212,20085,37578,111775,18751,89651,42942,14147,35356,16921,21406,34976,14595,13289,101049,16042,87779,19229,22249,22032,16020,18144,54928,106355,17005,18739,16581,16719,19036,71295,16959,14825,18652,15280,15988,97932,67299,25898,68280,108442,74913,58726,42556,14784,14368,111142,16256,6738,16281,18679,57689,86273,15406,16618,34264,18591,25229,109935,15670,73645,18052,18792
55779,134757,35086,47527,29374,19434,28188,74840,35161,26650,51679,15730,12705,60106,41130,33704,19058,120592,21325,21526,13527,28041,13999,16601,16850,109280,115921,17306,15363,19308,20927,72829,116248,16098,94132,40694,73350,15993,18176,109077,53778,17562,43969,18724,42238,15385,17303,24594,110730,19177,44438,19792,23750,18016,17452,18225,64038,124353,26502,22011,114754,24461,19801,86345,130476,134188,27191,16950,123524,109179,71600,14671,69018,16501,84806,114790,89023,131125,17934,17767,8066,16257,14856,18247,77376,95041,16430,17500,53713,22139,22091,15822,21868,77073,22417,20488
47060,120125,33502,46697,21650,19207,22508,15233,21308,18313,47196,103896,101788,77315,17472,24755,16353,115139,108605,19888,103084,26116,12446,111221,15133,95156,109191,15193,16041,20902,18580,15145,112115,13589,78991,20590,33872,108985,17104,95743,44740,15351,37843,21735,21319,32144,19467,14432,100100,16828,86751,18682,22359,15483,16146,17106,54690,114138,16066,20239,18222,17036,18388,70534,13522,16121,18874,19044,16447,104895,67831,26087,60457,106915,79684,59146,39701,16964,13447,6714,17762,111124,14692,18344,58316,88907,15598,16697,36782,24340,17654,110974,18523,73383,16995,42938
85007,109731,42214,95489,26020,19445,30851,16096,97625,18744,47781,14311,15873,49339,17492,92597,100580,107680,13981,21210,16972,26387,16684,15352,15452,96311,106663,15104,14543,16778,25181,14964,108025,13713,78242,20373,37021,14021,17266,93789,50731,17573,41935,23027,21875,14192,12839,15581,95445,18694,14232,20257,14557,136395,135254,23176,57824,112827,55494,20417,16329,13927,23464,75352,18784,16402,21708,75303,28847,99904,62370,12587,64347,14131,99758,61596,44773,16033,8644,13451,17936,14370,14514,16464,58673,88791,19091,137600,65717,17194,18102,15580,138259,67556,18633,19431
51484,126196,35960,48462,26009,22160,22483,75529,36572,19521,50648,17628,12309,59339,43634,30814,17815,124564,14843,19663,12162,28015,12485,16412,16562,110022,114050,15500,18956,18026,19529,79120,117472,15585,90767,46612,75283,15600,19171,104005,51766,15903,47425,17310,35882,14907,15845,23407,107783,18635,48969,20879,15321,16985,16764,20786,61406,117782,26371,24523,108733,23281,20031,82706,127772,130600,28936,19704,114720,111663,71634,17276,65975,18084,84331,106538,86664,7866,16039,16966,131106,14784,14366,27576,73483,92981,16603,19746,59623,19949,20168,18663,18778,78029,19188,20392
1162374,1398373,577607,1157056,267378,63097,168260,79276,52996,57150,898505,36920,31738,100268,54857,372852,49995,1224818,39909,58566,32910,419638,31364,42867,49020,1058943,1199421,41421,37252,76579,51289,75168,1093737,39531,492020,54435,113843,41019,73458,1031477,1047716,59389,585520,54881,54629,41411,36048,35994,862234,59813,47536,61765,35726,49518,51191,53961,676391,1285171,56472,55761,91757,43278,58754,1062245,87180,93774,55699,50267,83880,1047021,110053,38455,842582,38338,973429,1219577,35856,86661,44776,39710,89024,42547,38247,76171,818060,1098803,70370,49268,552988,59018,56596,39115,50301,111928,50046,57437
1230138,2817422,784653,1222254,337255,94034,249079,101006,306592,94332,1324202,59375,49937,123684,82494,474369,72673,2666002,69850,85532,50853,564131,44815,63259,74703,2256642,2539991,55633,57300,82725,76040,97019,2339829,53952,1328062,163475,887873,61394,79867,1759604,1383178,63674,976508,79004,251341,61622,57496,57488,2364974,84444,62193,81741,64280,72223,71805,81137,1816454,2644379,84733,82578,116048,58851,83536,2569595,97711,108637,124022,69833,97829,2324363,889859,56024,2170265,62097,1415421,60122,1220886,106527,61601,59157,114755,58712,53600,80433,1924500,1551320,74706,69338,827024,90173,86238,61303,67667,907015,75618,82872
1146720,4460854,841131,1200171,364430,105360,273018,85510,104197,114118,1345606,76424,64000,2650543,116900,170347,117243,4066234,84904,126005,67612,190863,59529,77944,81839,3320950,4098126,73196,75264,95203,118795,75908,3948687,71646,2510809,119087,123086,82225,91018,3805098,1360057,79954,1010490,101576,122426,73418,73795,77272,3672754,105160,77467,120177,78499,108148,109412,90617,889110,3849884,103027,121385,83494,78816,123931,1337771,78149,95032,115367,109959,79321,3727180,2164095,72358,1352815,78128,91394,1417567,972073,84311,99761,79802,84798,74896,71348,96493,603693,3421296,87884,107493,887860,114220,106365,79277,109628,2831845,101545,111998
42471,124065,29005,62029,23762,18510,20668,16199,19923,19949,48474,106673,99440,79422,18860,22651,14133,125258,103438,18756,99115,24939,12063,108128,15438,104306,113659,33354,17418,15820,17705,16363,113635,15732,81869,21353,36331,106950,15414,97081,43543,14459,39858,16608,20403,35541,14848,14222,106783,16136,93992,18084,20493,14706,16357,16230,55125,116943,17069,21341,15239,17504,17040,73045,12867,15733,21405,17483,14502,106150,69880,29736,63166,6504,78159,62087,38321,18089,14130,106925,16497,108438,13685,19385,57805,91649,14572,18507,34470,16491,17606,116310,14496,74787,16148,19261
937543,2840098,738531,929877,366948,134135,275497,60123,298924,133973,1158311,58588,51273,123534,76290,103308,71482,2688165,64015,90247,55324,109048,45139,61057,82283,2311304,2544839,57073,56696,90674,79153,60852,2456372,52820,1546909,153137,1234973,61881,90031,1409596,1194278,65513,848059,79834,254392,63340,55978,60639,2191308,131204,68497,116826,57101,75894,71161,81883,1815702,2768488,78597,84478,73622,58950,82725,2613338,58450,65312,125580,82828,67893,2449782,1259645,54392,68520,62981,1351209,2172081,841826,65953,64304,60435,69034,68291,55649,92945,1948769,1178662,85528,67463,778477,135718,150620,69075,70007,929153,125559,80817
40845,112231,29012,36862,21749,18581,18570,28099,22409,16460,39932,25612,22465,69378,18708,18866,13522,109333,24912,17237,24405,22400,78588,25257,60355,94967,101988,83094,85063,15226,14560,42731,101147,79491,74815,21431,36327,29739,14641,84193,38582,32873,36823,15028,19047,77968,78930,72824,98134,15481,23843,17133,71707,14302,13196,14013,50275,100291,14094,21505,14104,73628,18498,67333,11446,19053,17760,17116,15212,88748,63071,6438,54389,29732,72403,56041,38494,17275,12588,26085,14673,25896,79813,21542,54154,79246,12672,15891,29031,15470,16442,30745,18355,67350,14473,18482
119316,3802941,96537,136613,100212,90494,94339,85590,293986,95659,117796,69250,59335,2530319,123110,95880,88743,3783945,72445,144734,61191,105990,53028,69774,69351,3074317,3741789,69331,65881,82018,134593,75120,3804939,63266,3436687,244424,1057432,69792,74347,2845810,118170,72283,130541,84379,277508,65864,64569,65384,3739132,83458,65396,138418,66107,70670,68595,110041,1027815,3514252,108149,145305,79502,61711,141478,1302573,62708,75551,163772,69838,63284,3722384,71912,63071,1260193,69860,2164723,888963,110044,71614,62381,67835,71597,67300,68378,77779,1307291,2219082,73580,68354,151406,87591,87515,73227,69005,3489948,118529,125075
1032264,6066652,807454,1122488,382362,147043,291463,107667,370902,150445,1159527,108028,85292,3140680,138028,532150,120133,5926390,108985,159758,89189,608278,75937,100193,119371,4883149,5849114,95369,98360,134825,143017,102388,5779382,95568,4134591,236456,1275058,111230,128775,4582320,1283636,103073,1023479,129479,300042,106754,97143,100563,5465105,137658,100907,158964,98731,111969,115816,123196,2000828,5689339,123838,162031,114625,98673,156322,2790529,97862,113252,184934,115337,110141,131394,3721853,88734,2452306,106085,3729596,2323696,1047000,111655,99917,104909,109190,97910,93027,120459,2375472,3912310,117850,108291,852636,135539,148172,105468,114976,4240071,128631,142223
52197,126091,36948,45020,27797,21203,23095,68669,30433,19189,48448,17974,14098,53957,39084,45649,16742,117647,16289,20257,12913,30524,14231,15665,17999,102213,107908,15512,18758,19809,19703,70309,117150,19245,82202,40452,73550,16942,21344,101586,49922,15456,41579,16787,37882,15893,16254,24872,104428,18257,32841,20417,15882,31057,29814,18833,60413,114546,16882,18921,92659,26874,19956,78737,111069,110360,29211,16490,6736,110130,63282,15207,67933,14504,79312,97839,83880,114723,28846,16442,123440,15989,14177,18320,74659,90801,18969,30624,50279,21949,18800,15481,34778,79671,18296,21165
88448,127796,40297,80467,42319,23188,30065,15070,68290,21296,60255,16204,12678,57043,33850,61297,73214,117442,15892,22415,13209,35906,12896,14980,81065,108557,113451,14309,17596,85919,19964,19562,116564,17863,78928,24018,52281,14915,80944,105139,59477,15307,57493,20189,23087,15355,14882,13643,104663,23974,20550,24886,14569,82153,75642,20687,59155,115807,55415,22900,16622,14073,20985,79850,15040,18709,40293,9212,16489,115326,69829,17117,82854,17487,109973,69840,50271,19701,75302,19045,16946,15278,13968,88285,61252,92623,83211,80403,60174,21051,31175,18486,78203,80151,20701,22533
72167,194966,57580,104492,37578,26826,29233,39400,77148,24949,65187,22155,17313,91593,178838,39295,38601,182759,17872,123672,16787,67118,16553,20140,24356,171656,187651,17460,20225,28850,120222,24966,181038,18266,161851,154556,123770,21168,31181,172144,63402,19814,106102,74162,177580,16472,18080,17318,185449,24781,20383,115659,16297,22571,21739,70311,126824,197538,71360,122789,31024,19557,125658,133436,25467,27599,8358,40217,29206,184807,163705,17755,125395,21411,115347,124101,55706,28940,21716,18874,27196,18656,17000,27819,123097,136530,27578,23159,123682,25301,25230,20633,27652,189727,80487,113303
57535,151639,35680,47548,27870,18888,22412,74767,34506,18202,52986,15673,12731,57561,38934,32289,17845,120870,16415,21475,13423,27178,14060,16448,17980,115231,116449,17369,13906,19050,19585,73904,119565,16162,91927,38790,73553,16162,17849,102567,52002,17069,43116,19026,36820,15630,15142,28575,107409,19883,42112,20526,14008,18407,17129,18331,62458,118342,26690,19800,108413,26008,20576,80518,129402,7746,27598,18705,110375,113251,75554,19055,65325,15733,95035,108640,93835,130605,16400,16122,134181,14822,14811,18120,74249,95813,16508,17821,53165,20499,19190,15851,21796,77756,18443,19462
48190,108539,36250,46672,25439,17085,22531,73739,32295,16791,45566,13356,14597,51504,37538,29071,15213,107432,13821,23566,15415,26190,16198,14175,14751,103097,105477,13974,12545,15900,24078,70805,105005,13774,82301,36938,69081,13697,18804,95135,48952,12557,40778,22752,33646,12351,12623,21272,106471,17756,41338,18783,12618,15705,16059,16710,57466,106076,25760,19035,106603,21441,22935,76403,7332,129406,25467,15041,111071,97862,62694,11448,58453,12870,78163,97717,87180,127783,18784,13519,130472,16964,12361,15230,73342,86895,18745,15426,49099,17205,22608,13035,17544,68448,17302,18233
1092526,3276568,654056,1085484,348661,147271,293596,79520,317226,150460,1213162,69209,56508,148953,97096,504654,81831,3063209,77909,103779,58933,585471,51191,68057,76048,2583406,2924078,65547,68615,92792,87454,69060,2715257,67237,1775607,179784,1263579,73718,91434,1706574,1343125,73818,807087,85018,278268,81535,66073,71618,2665088,147425,83727,92439,64026,81747,84495,90294,2242042,3109040,97073,96496,88560,68582,96155,86058,76419,80526,133595,79859,78742,2791012,1302618,67333,2611969,73032,1334659,2569847,1061982,82703,75351,70543,86352,71301,62798,86642,2312588,1513443,80345,76904,668542,145690,146165,72947,78145,939976,133898,97766
81513,168879,58727,122178,45926,23494,28649,32780,47120,24045,58587,16862,19814,100609,109752,40012,53164,164926,18082,152812,21220,75615,20395,20280,21601,148388,160729,18981,18794,23423,156197,18556,162027,18958,142346,118997,92865,19043,22394,138838,61967,19408,112255,103502,118545,17617,17202,18297,159630,24478,17615,142918,17634,21397,24715,83962,86231,161950,85618,148347,46239,17729,8538,96160,22933,20575,125682,20983,19956,156271,141472,18496,82731,17040,123954,83532,58695,20031,23457,18386,19803,19032,18514,22373,86836,158105,24928,22316,107129,25711,24998,20195,21580,136258,82049,134420
41221,118760,34709,41839,20347,18007,22654,29401,21643,18450,42149,21316,16483,59108,15310,22178,15167,114064,16759,19689,13621,23423,91509,17213,69669,98089,100083,94494,89495,16622,16216,34772,102157,88503,71951,18387,36569,20081,18500,89407,42498,35977,34308,15840,20334,81510,87030,82672,93827,14666,21894,17588,89933,15490,16831,16533,51580,106246,15789,21685,23308,7232,17731,68572,21444,26012,19558,14075,26867,98699,61715,73635,58953,17496,78794,58836,43274,23283,13925,17036,24465,16721,83977,15654,59758,85550,15684,15016,33826,17588,16795,18500,17960,67978,16608,17879
73653,135762,63307,46820,28645,20987,24873,53078,34159,23544,52856,16072,12909,63124,19088,38414,19005,127709,17505,47672,13415,50869,13461,18918,17877,112539,125146,17226,15720,18758,48186,51047,123303,14622,97178,24191,82238,15697,20620,105731,51630,16764,45735,41554,25662,14912,15601,24879,111736,20532,43949,44368,17190,17184,16952,45127,69002,124467,52741,48228,7628,23308,46239,88545,106609,108419,31020,16618,92690,114600,79518,14101,73636,15226,83497,116046,91751,108743,16330,18218,114734,16583,14336,19349,82093,124599,19788,18473,48103,28070,22167,16065,21030,87291,44275,55594
84828,178294,58915,112800,40302,27658,30611,28829,44230,24833,59450,38016,16426,100332,106590,39426,35978,172581,18538,180289,18803,73838,16335,19359,20902,150182,159721,18549,21978,23711,144436,20904,164965,19323,142150,119869,105744,19666,22124,140532,59212,19149,113856,99704,114397,17307,17834,17656,161515,25493,20734,139665,17700,23627,23805,85009,87760,163090,83509,8790,48230,21688,148335,96498,19033,19804,122794,22901,18924,161978,145310,21507,84494,21334,121391,82610,55753,24534,20419,20242,22007,18740,17842,28003,85282,156534,22969,24117,111340,25851,26570,25073,21440,139330,79279,134808
119796,134421,53118,54420,34093,21020,31103,31716,78277,22294,57562,16126,16875,61205,62366,77235,68391,141629,16322,87548,15641,69683,14978,21383,20189,119161,140292,18891,16309,20986,84278,15396,132890,15514,105269,52367,85546,26016,19665,106447,60274,16567,50150,47290,53067,15291,17281,15453,126688,21980,24995,81203,14758,58692,58384,79073,87388,130680,7750,83505,52744,15782,85617,97075,25755,26690,71370,55428,16883,123805,108131,14097,78582,17067,103028,84737,56475,26370,55490,16068,26501,17011,15007,19647,86507,127205,19344,55880,45852,21212,22145,16874,56580,102785,73487,84831
1212923,6106161,784060,1271713,379144,150622,310271,116553,345251,166339,1369226,109802,95445,2942784,150647,558301,125689,5933662,120832,174224,97353,621218,81090,106055,117011,4932650,5902287,108022,109040,136036,151973,108605,5639804,101273,4009601,225487,1275560,112129,133687,4565848,1495352,112175,986026,141676,307281,106390,106726,103123,5526755,144250,109527,161175,103555,120016,117639,129711,2232616,143026,130702,163087,124401,106116,161910,3102002,106034,118333,197611,115814,114594,5673691,3512918,100012,2764377,116808,3845810,2645071,1285295,117760,112777,114110,124307,106335,107302,134225,2391573,3932316,117241,116415,842308,149571,149128,112748,118683,3919224,137225,145868
674553,2348400,332745,651146,142598,80369,110729,62175,265451,82737,804593,52806,44270,108915,87810,418917,72431,2190248,56608,91254,50044,549888,42821,56441,59601,2149638,2120770,48335,57838,109204,85029,52670,2021262,51305,1457761,152048,1027597,53584,103317,1204775,896241,97811,453226,66049,216443,54017,51921,55014,2096887,77920,58832,87836,49938,61349,61887,125632,53912,2230693,87385,87682,68929,51577,86223,2239547,57465,62402,126735,59004,60405,2000981,1027911,49992,1815241,55122,889214,1810863,675996,61410,57823,54676,64049,54942,47981,106086,1593525,1008242,102164,61384,322200,75693,81801,57598,64659,746619,77952,86835
84731,156755,93142,52519,34671,22866,28877,24535,45569,23155,92614,20674,20599,64324,55252,36006,37583,136472,16056,93342,15368,124036,14742,15603,19592,123033,127162,16094,18904,62481,85915,16531,127134,17322,110190,60082,82617,16125,58581,104062,93405,54961,48784,50015,52277,15246,14712,16992,129291,22403,16571,80304,15456,23171,21117,6830,125619,129787,79065,85000,45126,16528,83957,90287,16712,18329,70310,20688,18829,123198,110054,14020,82014,16232,90674,81127,54013,20783,23176,17112,18227,18136,14499,66395,78888,126248,62425,24795,51204,23855,26028,16733,31015,123237,103370,87682
87088,123403,44927,89387,26892,19248,31834,21351,97137,19751,52719,14592,13139,54773,21079,96008,99379,127702,14978,22982,12722,28492,13725,16800,15588,109110,125929,15761,15260,18117,21562,15776,117737,17523,80544,21383,38648,16068,17672,105382,56709,14911,46834,18594,22931,14706,14973,14616,106531,21276,15852,21076,14717,132368,8420,21124,61884,117673,58386,23804,16949,16850,24700,84492,16064,17131,21722,75621,29822,115847,68543,13202,71182,16354,109431,71825,51198,16765,135259,16148,17449,16025,13747,18523,65280,96733,18029,135140,68225,19208,19681,17611,137958,75136,18330,19724
86671,123254,40218,86831,29616,19888,32301,18502,99592,19891,51946,15612,12977,59033,20080,97143,98947,123699,14933,21573,14884,29627,13769,18654,19040,108375,115731,14927,15678,19037,20120,17743,118979,18617,81421,20266,40219,15336,17774,105368,58754,16872,46709,18562,22012,15553,16528,14772,108141,27159,17325,24415,15045,8814,132369,23173,61350,120038,58690,23625,17182,15493,21395,81745,15700,18409,22569,82172,31059,111944,70685,14296,75931,14703,108165,72209,49515,16988,136353,15484,18012,22039,15248,18060,61712,97770,16098,137039,64896,19745,21467,18199,137004,76512,19927,21854
37427,119501,28804,38948,18875,15852,19703,28110,20650,19440,37809,21226,19809,65216,16215,23991,19059,106810,24675,18407,21637,23365,96426,21245,66237,93871,100356,91003,89861,17462,16300,41587,103449,87070,74738,17899,33249,19880,15544,82886,40438,44897,29632,15153,24101,86037,88607,77065,98806,15888,15332,17384,6232,15043,14717,15462,49923,103807,14754,17696,17190,89925,17633,64020,12618,14006,16294,14568,15885,98748,66097,71712,57073,20495,78499,64105,35721,15320,14557,22361,23755,22254,85587,15279,51546,85360,13248,14989,30850,16700,16387,22453,16077,73414,18570,17168
78847,170570,59564,119294,41467,24046,28781,27100,40830,24338,57446,18103,16438,90141,103375,36646,33880,165316,17932,143077,17656,70207,16933,17620,22804,141825,159472,19915,18646,25683,139513,20173,155815,21124,138287,113577,83555,18718,24052,136633,60814,19801,106253,93837,111932,19330,16518,17774,157079,24947,18360,6934,17389,24417,21077,80322,87852,161241,81198,139659,44368,17573,142898,92438,18780,20521,115647,24890,20420,158963,138413,17130,116830,18084,120155,81743,61775,20882,20266,18686,19791,19232,18898,26049,82689,150915,24326,21779,107767,24676,28001,21069,21706,164842,76659,122520
51766,118231,37163,41698,22708,23473,26213,14584,28838,17356,50130,79396,80803,71493,21709,23417,16485,118214,80864,17795,81330,22759,12143,86866,17630,103769,109199,14564,20263,16213,17074,19802,108078,14517,76688,20731,36057,83915,15314,99435,48982,15964,47173,16936,19594,15231,13599,17668,100913,17110,6390,18360,15335,17327,15846,16571,58873,109463,24991,20734,43945,21894,17615,83740,41343,42118,20385,20552,32840,100900,65382,23844,68494,94030,77470,62195,47535,48970,14233,86736,44445,87757,14195,22980,74115,86416,15544,19601,36744,18868,17575,95514,16487,66622,16910,20849
73131,157028,75963,57012,137418,180100,139417,20156,24579,166194,62195,16496,14368,64919,22862,45582,19251,141223,15462,23874,15341,32586,14859,20437,20221,129855,143117,16666,15199,21493,22252,16950,138774,18103,96513,26107,49134,17029,21046,125222,96194,17730,50918,104104,26408,15402,16425,15512,125149,10724,17111,24950,15813,27174,21269,22406,77988,144434,21982,25478,20533,14666,24482,147383,17757,19887,24778,23960,18256,137698,83468,15475,131237,16134,105222,84455,59833,18638,18687,16830,19172,16038,16222,22575,125458,108700,21353,19496,50006,184837,172820,19664,19710,90825,67352,23535
855220,5876837,382620,813922,240873,137327,254540,104231,340912,143114,994130,101409,82382,3242464,148876,500217,122208,5762990,108271,162814,85531,605874,74375,96526,108507,4739506,5683542,93783,102559,121093,147843,100117,5623395,96877,4187794,227685,1219028,96949,113179,4529617,1071360,102709,641525,123679,309260,99312,97622,92434,117702,125103,100937,157055,98727,108154,106474,129302,2094450,5529552,126661,161493,111743,93839,159560,2664333,106483,107420,185430,104684,104439,5474078,3736442,98139,2189345,106728,3670359,2365278,860166,107751,95460,100056,110742,101029,88972,117206,1923868,3836192,105896,102988,493743,130188,134565,106197,104385,4209381,136085,144199
38705,121975,33580,39282,24239,15735,18608,29786,19122,16747,39736,14346,13625,70095,14783,28780,17591,111089,13915,18872,16084,24443,86583,14191,65859,97620,107392,88974,87642,17563,16360,37755,100993,89948,78113,18214,37959,15661,14331,82938,41115,40716,32043,16742,20472,69795,84421,6208,92427,15513,17675,17766,77049,14769,14610,16990,55030,103110,15452,17657,24876,82671,18297,71609,21269,28589,17318,13640,24861,100588,65385,72834,60650,14220,77305,57519,35991,23407,15584,14431,24591,13289,84761,17550,57375,78803,13905,13440,30112,15701,15738,15249,13868,72873,14877,16225
42188,115663,27888,37719,21467,17253,19327,37606,21179,17581,43011,14295,12738,74150,16965,21596,15411,112477,17152,17888,16265,21594,96249,16444,64353,93769,104976,96982,98569,20489,16362,44401,107494,95004,72476,18421,33254,14333,14642,85621,38484,42354,32832,18122,23246,75376,6500,84419,97636,16429,13596,16521,88595,16525,14956,14717,51917,106710,17275,17838,15596,87030,17199,66135,12623,15144,18068,14892,16249,97178,64572,78950,55981,14851,73808,57502,36054,15841,12842,19465,17305,14591,92807,15115,56453,84925,13420,14077,35328,19363,16090,14564,17170,72136,16693,21097
44478,116965,42817,51640,20425,16644,23465,22182,20744,23216,41485,30961,29492,52262,16064,22178,16146,114806,34342,17335,27313,26313,79048,32516,63267,93130,108037,84332,80354,16615,15862,30074,111779,83721,78878,16386,36866,33104,15762,89023,44241,28914,34753,15109,21906,6014,75410,69767,99311,15398,15230,19326,86046,15551,14749,15242,54096,106541,15293,17302,14912,81509,17614,81547,12363,15634,16471,15352,15896,106742,65871,77965,63288,35539,73444,61618,41409,14908,14194,32140,15383,34965,77545,17670,56768,82151,13770,14898,33467,15883,17485,33987,13826,69121,15767,15986
55363,339693,44595,115575,36142,27144,34491,44349,196562,30666,58971,21646,18078,103240,119056,37278,38676,326506,24516,118441,17882,52688,17365,21161,22413,276225,305331,22410,22433,27602,150314,33927,318843,18947,279612,205176,219495,19414,24533,297572,58124,24023,111014,72444,10010,21912,23248,20478,309000,26409,19592,111914,24098,22007,22931,52273,216291,307474,53043,114387,25668,20338,118530,278560,33647,36824,177524,23091,37866,300479,277537,19045,254365,20397,122437,251245,54629,35880,21882,21326,42236,21407,19860,24829,244615,133312,23763,23749,138659,30669,27852,21558,24363,310570,57361,103120
90023,140951,92900,104265,52870,98958,64626,17255,25977,91704,61767,16569,19949,77838,57834,31906,17987,137117,18541,99112,22054,50065,21124,16193,19353,126752,137661,16042,16391,24582,106027,15064,135797,16363,99192,71954,43121,17414,21455,116497,60016,16918,96066,7752,72439,15109,18120,16747,123687,104038,16937,93837,15153,18558,18593,50014,66129,141690,47295,99700,41555,15841,103500,85027,22750,19020,74158,20185,16789,129446,84367,15026,79945,16608,101585,79013,54871,17307,23023,21741,18720,16917,15315,20988,69797,136050,26168,18984,96461,106634,96150,16216,20034,88361,43254,146158
605573,1101258,716689,679081,206183,62411,205721,41670,48466,53769,867776,32553,30122,131036,106623,118336,40489,992973,38156,112083,29383,116470,27931,35889,56932,865584,967455,36959,38558,85898,109257,39182,888390,35239,163211,115101,78440,39506,84213,866416,904240,62491,31116,96074,110993,34757,32836,32047,641330,50911,47171,106259,29632,46687,46840,48783,452485,985961,50154,113864,45732,34294,112239,807018,40777,43119,106103,57499,41575,1021620,130530,36837,847547,39848,1010305,976286,585196,47436,41943,37811,43971,35356,35240,88993,486810,897686,82108,50453,767406,57772,56637,41199,44729,132840,52872,100104
39908,121799,76780,40378,22415,18933,20899,34236,24280,19164,94758,15123,12865,91689,17159,25437,18983,114057,14248,21568,15625,62094,47816,14956,15248,96618,107767,47218,46388,82179,18629,46221,113197,44319,82980,21028,41554,14642,81033,92463,80481,6944,62510,16919,24022,28900,42354,40713,102690,17731,15968,19803,44870,16880,14914,54953,97823,112310,16568,19149,16770,35964,19413,73814,12555,17029,19815,15311,15453,103107,72266,32860,65507,14458,79934,63717,59386,15905,17548,15363,17558,14149,38573,83549,61036,87686,80843,16183,32561,18344,18973,15411,18166,82976,16995,17787
1103008,1646827,781588,1149351,336689,93555,261610,47990,57857,93439,1243208,40528,34386,91489,61975,302766,51856,1519532,45079,60491,35144,385235,32761,42610,57876,1248728,1559687,39698,41878,105821,56057,40189,1296325,45875,407189,56407,86998,43381,102125,1238188,41384,80475,902884,59999,58109,44243,38486,41037,1068896,96122,48971,60819,40451,58726,56708,93447,895249,1496322,60265,59188,51627,42501,61955,1343414,48952,51986,63397,59473,49915,1283256,118175,38527,1192671,43547,1362041,1381874,1047610,51759,50724,44741,53816,42943,39131,104550,719580,1344515,101294,51480,773327,96243,96490,44302,51943,115148,57916,60458
1071883,4924534,697794,1138166,345373,143293,274310,103073,289913,139292,1150348,94490,81178,3072955,130311,467837,105268,4920156,103223,136594,77107,509810,68723,89647,103690,3936972,4759964,85565,90661,111081,129585,99099,4956313,91364,3180548,211790,401503,95956,109979,110576,1238149,92452,866323,116494,297799,89021,85586,82927,4532790,125219,99425,136625,82896,105358,105372,104044,1206995,4557497,106450,140488,105746,89397,138765,1701387,95153,102608,172139,105128,101609,4572642,2847007,84314,1406804,97096,3805154,1755421,1032634,103971,93789,95747,109094,89652,84587,119034,1172505,3852837,106129,100681,752845,135317,133718,100695,100957,3653646,109584,128998
55387,136068,87588,57464,41958,23279,32664,16836,24144,23357,115725,18119,15235,74669,19154,31604,17624,127220,15908,22286,13839,76175,13303,17755,80082,117829,127778,16276,15264,148927,21078,15466,127141,15683,89867,25278,47283,19952,7970,109987,102118,81038,84209,21455,24539,15772,14641,14335,113215,21044,15313,24053,15538,17774,17671,58588,103306,133672,19663,22117,20620,18499,22395,91406,18809,17844,31173,80943,21346,128839,74355,14584,90039,15416,91014,79867,73456,19171,17266,17100,18187,18749,14381,146547,70054,101275,148664,18519,45150,24433,36041,15128,22133,91382,21166,22337
44646,126848,34905,45207,21799,16494,24657,14977,20686,15983,43874,109826,101389,74229,16167,22521,17354,114956,102650,19755,100146,22792,12305,108257,17886,98829,109606,14895,14514,17884,18365,19796,111595,14541,80702,19268,37070,6498,19949,96017,43377,14652,39520,17418,19421,33109,14341,15671,96968,17027,83922,18712,19881,15338,16063,16130,53586,112110,26017,19669,15686,20084,19042,73729,13698,16163,21171,14913,16941,111206,69802,29752,61880,106952,82247,61375,41018,15599,14018,108988,15999,111799,13101,14962,55271,94840,16255,16419,34748,16905,16377,110745,18655,79896,16569,18184
81974,1421175,64681,68854,63606,44053,55056,82695,246629,50511,94922,39944,30696,100344,87603,68539,56931,1237212,38846,94894,32287,87677,29359,38434,38200,1054873,1225640,34651,35258,42650,85807,69941,1247900,32939,1077573,151459,31038,37075,47285,401549,87014,41552,78416,43133,219418,36681,33255,37950,1219481,49120,36054,83560,33236,40234,38658,82619,1031827,1275167,85550,105743,82236,36572,92878,1263126,69068,73561,123731,52286,73547,1275698,1060963,36327,1234440,36326,123116,887630,113843,75265,37025,33877,73382,37594,30847,40814,1297226,147218,39728,37109,93969,44102,48955,33661,40580,797437,80991,89580
58897,259414,43161,113169,34764,28421,32250,50168,116358,26009,56650,22255,21669,104539,124911,33948,64012,243416,19724,116718,17427,52113,16630,19737,20473,209224,222760,19938,23410,24510,115192,41272,211063,19152,198458,9326,151381,19262,25283,211731,56410,21030,115100,71958,205028,16381,18429,18217,227663,26110,20728,113579,17894,20267,21388,60091,152115,225546,52373,119837,24195,18336,118995,179617,36950,38788,154634,24010,40454,236441,244442,21506,152968,21356,119099,163281,54415,46625,20375,20586,40696,20083,16970,28744,167582,126183,23709,24595,137642,27493,25556,22577,28702,218838,51845,107901
424221,4294224,105717,477770,163625,98689,107743,77833,312985,111727,403891,81321,66823,2550833,122920,310679,94632,4234316,84361,141984,70055,401976,61311,77581,78382,3452419,4165371,72353,71999,88831,138281,79015,4103973,67506,84016,198520,1074329,80731,89851,3179938,407217,82962,163226,99207,279685,78855,72488,78122,4188456,96489,76696,138309,74730,81423,80469,110194,1461932,4007233,105304,142181,97201,71913,142329,1773224,82294,91938,161852,78945,82187,4132669,3436806,74898,1546641,81866,2518231,1327632,492532,90762,78249,78984,94150,78229,73601,90042,1550966,2655781,83768,85113,166690,100259,101250,78445,80168,3495786,112111,127569
39946,113963,28346,41168,20863,15922,19994,38569,20088,22502,37550,15120,12647,70703,16043,25184,14493,111921,15117,19029,15583,23786,101006,13878,66034,89333,92921,99637,102650,16562,18198,47572,94932,6792,67537,19154,32954,14532,15682,91390,45873,44325,35250,16363,18944,83736,95010,89940,96882,18110,14514,21119,87079,18615,17515,17327,51324,101259,15514,19316,14623,88500,18965,67244,13778,16159,18265,17861,19196,95635,63246,79497,52814,15738,71678,53960,39534,15581,13718,13589,16101,13857,93346,16775,51415,83005,15115,14264,30786,16170,16892,15551,15351,70289,16545,17794
1093477,6144181,720263,1164663,375144,152885,279403,110724,317386,159725,1214643,111927,86626,3149896,143524,457468,123534,5963809,116072,167642,90540,517011,78866,106020,117089,4899176,5919476,97957,103908,131059,150173,104783,131648,94952,4099747,211050,1246308,111497,126953,4954542,1298965,113204,890119,135791,318990,111756,107475,100941,5639579,138701,108038,155797,103453,119013,117674,127064,2022456,5638402,132896,164959,123319,102117,162018,2714289,105010,119627,181076,116551,117128,5787485,3808522,101214,2454419,113597,3948029,2333654,1092995,117477,108007,112159,116209,103906,98001,133649,2184900,4098222,121077,110815,763554,151368,147564,108694,118131,4220100,132421,146050
42540,120491,28841,43585,22338,20675,20408,92471,23228,17408,43846,14684,12638,84260,40865,22886,19556,113416,13982,17714,14071,23735,49821,14109,15454,95598,108504,46903,49918,16165,17011,7476,104762,47577,79015,41271,69926,19782,15472,99133,40199,46238,39208,15066,33925,30079,44408,37747,100152,16954,19792,20172,41616,17746,15772,16530,52673,108637,15395,20901,51041,34774,18560,69056,70798,73907,24956,19557,70279,102400,75137,42744,60868,16366,75915,97025,75166,79135,14970,15144,72835,16286,40263,20619,56291,85849,13918,16859,38272,16474,18291,18860,18055,75569,15573,17993
77614,155609,58503,112231,35097,25060,31162,28289,37497,25373,55749,15755,20319,94558,117584,34779,35636,155931,17978,151006,21663,76001,26191,19014,18800,135685,149636,16587,16750,22999,7666,16978,150167,18204,138254,115179,85805,18365,21067,129575,56069,18627,109270,106030,150296,15862,16361,16363,147918,22255,17077,139526,16302,20117,21557,85908,85042,151993,84275,144427,48191,16215,156193,87450,24076,19589,120219,19961,19716,143013,134593,14558,79173,17704,118836,76039,51293,19528,25179,18584,20939,19146,16572,21201,78099,150213,26846,20657,103844,23877,24483,18534,20569,131056,79911,129818
56304,141954,88958,56582,43874,22973,34535,17169,27606,24228,119166,16612,13785,83255,21522,31612,21101,145512,19018,23867,15912,77078,14326,17178,86950,116589,127271,16295,17134,9052,23004,16161,131115,16566,88830,24504,42644,17897,148934,111091,105820,82199,85914,24609,27599,16622,20516,17569,121112,21493,16211,25681,17470,19042,18357,62491,109212,136021,20984,23712,18763,16620,23424,92784,15899,19062,28855,85927,19813,134835,82086,15230,90677,15820,95354,82708,76583,18027,16780,20902,19312,17472,15520,155204,73152,107388,151360,18392,50146,27510,32632,17343,18681,99692,22533,27176
38750,122982,27026,39710,20133,19731,19455,40490,22980,16197,44688,16626,12885,91852,19777,22635,15046,104640,15351,18652,16471,23818,102109,15037,65587,100314,99313,102670,7828,17132,16749,49923,104186,102664,72014,23405,35239,14516,15262,90633,41867,46395,38549,16391,22425,80377,98581,87626,102530,15201,20269,18638,89872,15675,15258,18894,57835,109043,16309,21966,15720,89508,18793,68595,12548,13906,20224,17599,18743,98355,65979,85077,56689,17415,75250,57295,37260,18956,14544,16042,15367,15124,95372,23289,55126,81271,14296,19015,34354,16636,16579,19481,15530,74095,16142,19450
38603,109468,27678,61837,21337,16992,21081,43874,19804,16847,38988,15255,13929,71050,16532,36996,15445,105898,15310,19832,16772,22571,102914,15858,69742,88255,95664,7654,102642,16295,16590,46923,98102,99664,72371,19938,34637,14901,16278,85495,39685,47210,36953,16037,22393,84369,96992,88979,93729,16669,14573,19911,91009,14929,15769,16088,48339,108165,18907,18551,17229,94457,18978,65524,13976,17368,17453,14312,15517,95340,69428,83129,57065,33023,73173,55649,41422,15498,15103,15196,17316,17407,102438,16773,52544,81420,15995,14713,33069,18856,17666,15729,16076,68674,16793,17295
1308266,6318691,827827,1247882,407607,146450,308204,117984,326778,152388,1319067,108423,88912,3220223,144953,576451,123515,6135138,122672,162778,90859,574254,79573,107581,112516,4923706,130518,95659,99316,127286,149633,108572,5934228,92930,4164570,222956,1225902,109619,127740,4757877,1559541,107732,967166,137649,305494,107989,104997,107312,5683236,143341,109191,159447,100340,115736,125891,127156,2126495,5900247,140355,159790,125160,100072,160723,2923151,105498,116460,187730,113464,107928,5855701,3754450,102069,2544785,113660,4106191,2539889,1201587,114067,106681,109217,115970,104186,93790,126494,2273296,4155846,119369,110742,876721,147232,143511,105288,113889,4290563,124685,140319
1089449,5154788,677902,1152457,343692,141226,273722,99813,319486,144032,1192867,97428,79529,2568151,136836,461338,107622,5070421,103376,153396,85648,547932,74589,95775,101579,108798,4922311,88266,100345,116595,135695,95597,4903160,89341,3460448,209237,1055258,98792,117858,3938226,1247270,96613,865404,126764,276098,93076,93760,97537,4738175,129827,103774,141829,93889,108393,109070,123011,2150004,4930193,119179,150194,112577,98112,148379,2582051,103080,115209,171698,108585,102227,4886114,3085564,95244,2310872,104303,3325946,2254852,1059244,110005,96335,95165,109251,103534,87367,118095,2014177,3709301,107587,105265,716641,137545,139419,101669,103734,3446783,119900,133667
57121,134735,39446,54402,39320,21992,33912,18244,21540,22274,57220,15791,16642,54356,20639,29547,19695,123252,16364,22245,14315,35292,65781,19931,7364,101565,112537,69717,65580,86921,18798,15458,117135,66021,78411,20477,38221,17882,80079,103681,57882,15255,56922,19348,22408,63287,64354,65860,108578,20234,17621,22796,66238,19048,15590,19587,59602,117060,20201,20909,17881,69648,21598,76055,14758,17974,24354,81053,18000,119412,69357,60379,82284,15440,81811,74714,49005,16560,15451,15130,16853,15940,69635,82295,65893,102547,80121,16362,43059,20607,28647,15978,18088,77483,20152,20419
50925,114029,30697,43442,22583,17731,25390,17224,20010,16953,40749,106242,104899,71902,19362,23321,15244,109916,104903,19434,102000,24688,13354,6354,19932,95785,107624,15861,15032,17173,19014,14108,106045,13877,77601,19736,38447,108257,17757,89707,42616,14958,35893,16194,21148,32526,16449,14180,96643,20439,86854,17620,21236,18656,16796,15603,56451,106093,21371,19363,18916,17214,20280,68071,14177,16451,20154,14980,15663,100208,69771,25262,61067,108148,77935,63255,42929,16410,15348,111233,16600,114878,14393,16421,61110,85319,15732,14889,34650,17348,16754,111129,15010,76999,15907,18388
30187,78522,28093,34221,17351,13948,16166,36822,16779,13863,32383,12742,16769,57748,13872,18738,16923,83245,13381,16496,20691,20873,6322,13353,65790,74580,79579,102897,102083,14327,26214,49796,78859,101016,61303,16629,29357,12306,13303,68720,32758,47811,27931,21124,17365,79034,96251,86590,74397,14859,12138,16933,96372,13767,13727,14745,42820,81072,14978,16334,13462,91517,20394,51195,16197,14057,16553,12896,14236,75938,53040,78595,45140,12063,59535,44816,31363,12486,16683,12444,13999,13242,96114,13985,41314,65049,16523,14895,48170,14667,15827,12951,14007,52353,14513,15970
367776,668331,99306,366124,76804,38048,40868,30598,42831,35778,259966,23881,20780,76287,53465,454527,40643,626208,27296,77611,20434,18008,20873,24672,35304,547708,573825,22579,23820,77067,76013,23738,517649,23784,401739,52116,87671,22796,76169,509688,385206,62124,116630,50064,52680,26323,21600,24453,606104,32587,22759,70210,23360,29629,28498,124038,550320,621316,69680,73847,50882,23420,75619,586826,26192,27176,67103,35911,30518,610218,105963,22543,109145,24940,191175,564067,419504,28018,26386,26114,28039,24935,20837,75893,565995,562182,76019,29032,65829,39605,33299,24237,29841,106782,66869,75827
32197,97947,26350,37041,21964,13778,16134,17956,19977,14261,36187,94750,103408,64928,15075,19718,12820,93239,97885,18457,5840,20437,20688,102012,14311,85846,90860,16774,16468,15906,21664,14075,90569,15584,70042,17428,32283,100156,13841,77106,35136,15624,29381,22051,17894,27318,16268,16083,85536,15344,81337,17658,21635,14888,12723,15366,50044,97357,15648,18792,13415,13618,21215,58930,15415,13425,16788,13208,12914,89202,61191,24409,55239,99122,67597,50851,32913,12163,16969,103078,13531,105167,15941,15237,45754,71242,17019,13821,28495,16539,15068,105685,13959,61992,14771,17692
91103,188452,59416,119827,37354,23982,29316,31899,39753,24967,59160,17512,17174,93679,106152,41960,38592,171730,19149,7704,18459,77613,16495,19437,22251,153510,162773,19838,18650,23866,151008,17715,167626,19018,141972,116725,94876,19753,22283,136610,60485,21569,112087,99110,118454,17339,17892,18881,162817,23873,17798,143071,18411,21569,22988,93343,91261,174192,87545,180297,47677,19691,152816,103781,23568,21473,123675,22409,20260,159732,144740,17231,90228,18749,126049,85518,58553,19657,21212,19890,21525,19349,17220,23239,103608,161995,22150,20829,112860,26227,28532,19256,23289,148859,82169,135462
47225,141990,32603,44506,23849,18107,22285,17186,21960,20610,43966,101479,96256,78193,15754,25711,18209,127982,5772,19150,97885,27256,13383,104916,16355,103503,122651,15309,15351,19008,17982,13987,116042,15118,84348,19725,38848,102662,15906,103196,45081,14249,38191,18544,24506,34358,17157,13916,108252,15458,80881,17933,24673,14923,14969,16056,56617,120890,16323,18538,17508,16757,18077,77907,13821,16416,17842,15891,16293,108952,72454,24915,63987,103461,84905,69828,39905,14845,13977,108626,21330,107255,14008,16969,62800,94753,14130,15659,34915,23267,17377,105316,14952,83228,17495,19644
1295009,6323254,806674,1335268,388353,153441,333791,120100,358537,158848,1407493,111138,92781,3115662,155453,563875,138783,141606,127903,171691,93225,626244,83224,109921,123222,5071676,6133042,105859,104667,145497,155987,113406,5973637,111911,4234333,243482,1238032,114963,127179,4924077,1518277,114061,994199,137161,326486,114763,112433,111034,5758861,141152,118232,165405,106767,123669,127667,136292,2191092,5933998,141662,172598,127726,114078,164937,3068056,107425,120854,182658,117453,117646,5945920,3785461,109253,2692198,125343,4068358,2665833,1225425,124456,107690,115151,120607,111095,107402,138785,2373203,4186495,123138,120646,905488,150397,152327,114051,119641,4201050,134860,151709
88110,141085,40158,93699,33911,18896,32530,26848,80153,20112,53280,15231,13011,69435,37350,71663,6592,138794,18214,38599,12819,40616,16928,15238,19699,107642,123516,15443,15046,21100,35638,19560,123611,14505,94627,65667,56932,17374,17625,105273,51865,18976,40487,17986,38677,16137,15415,17600,122327,19244,16487,33879,19004,98934,99367,37583,72450,125659,68382,35976,18996,15168,53168,81829,15216,17840,38601,73214,16750,120183,88748,13522,71506,14134,117228,72678,49997,17812,100583,16359,19064,15637,13743,17156,78814,101387,15990,100752,55431,19169,19905,15160,100537,97217,35597,38436
333155,601044,62176,355646,71157,52910,61201,31450,71992,54549,210138,22341,19302,72867,34032,16820,71646,562940,25719,41966,19715,453738,18739,23321,29556,461123,576290,36999,22637,31607,34781,22874,457341,25169,310567,33951,68538,22516,31605,467579,302180,25438,118327,31905,37274,22184,21588,28776,499105,45594,23422,36640,23996,97140,96010,36012,418199,558222,77237,39431,38378,22186,39987,504580,29074,32299,39263,61303,45651,532388,95848,18817,103375,22673,170443,474688,372191,30810,92608,24756,33703,24199,23119,32001,511548,490021,30347,96056,68331,53534,50881,24465,98744,104978,33556,40209
62548,161102,40450,109787,32798,25356,28085,52563,41910,22750,60842,16860,15751,78120,6188,34035,37346,155432,15754,106148,15073,53453,13874,19363,20630,137014,144914,16542,19778,21524,117591,40871,143528,16039,122927,124925,87600,16165,19159,130306,61964,17158,106618,57834,119060,16069,16978,14772,148774,22859,21707,103367,16215,20084,21090,55254,87807,150591,62364,106582,19089,15315,109742,97103,37527,38935,178894,33820,39084,138029,123090,18712,76292,18864,116917,82506,54861,43643,17492,17475,41135,17335,15952,22426,81233,118120,18972,21805,96865,22983,21479,19566,19490,130336,56164,103899
87782,3137787,81879,120305,77655,66783,75572,73239,82043,73747,116607,72361,59276,66600,78105,72855,69450,3120629,78186,93642,64920,76253,57747,71890,54373,2569608,3221877,71045,91862,83186,94540,84243,3155478,70666,2551104,104561,100328,74227,74787,3070127,91498,91702,131057,77860,103245,52266,74159,70083,3241679,64901,71488,90137,65237,58959,54767,64330,108991,2934608,61204,100243,63255,59114,100519,148907,51521,57480,91501,56955,53965,3140071,2529584,69355,123563,79436,2652147,123671,100263,59337,49363,77349,60113,72517,72299,81477,122040,2630210,76079,57719,116387,67760,68369,80686,55484,3314918,71439,77779
42309,93194,28756,36871,18438,13538,19209,13982,17027,12866,33646,97198,4718,59279,15751,19295,13011,92813,96243,17174,103380,20781,16762,104901,16647,79513,88910,13926,12887,13783,20322,12640,86614,12645,66818,21701,30692,101387,15234,81175,34383,12868,30123,19945,18079,29484,12741,13616,82421,14370,80810,16438,19804,12977,13143,20602,44272,95431,16867,16429,12912,16486,19812,56541,14597,12727,17317,12676,14094,85310,59328,22463,51266,99456,64003,49934,31738,12312,15871,101775,12704,104319,12417,13215,52196,69794,16223,12732,30126,15046,14608,104001,17787,57338,13796,15329
40086,125235,30582,39411,22114,16882,18486,15623,24716,17942,38792,5542,97214,72355,16861,22337,15234,111202,101451,17507,94724,23895,12739,106225,15802,97568,108447,15262,16628,16615,15755,14680,112061,15130,81366,22243,39939,109833,18117,94534,40530,15116,32557,16572,21634,30961,14302,14342,101503,16495,79394,18103,21224,15612,14586,20672,52813,109838,16126,38012,16078,21306,16862,69223,13358,15674,22146,16196,17962,108084,69286,25620,58588,106698,76422,59377,36921,17628,14308,103907,15733,107163,12973,19530,54100,81478,14703,14966,34269,16418,17148,104335,18556,80118,15420,16881
1012016,1535283,746493,1063070,281719,65445,209329,41053,57285,64547,39224,38787,33644,116721,60826,210422,53287,1407509,43929,59160,36187,259929,32387,40740,57222,1192224,1317175,38979,44688,119134,55721,43837,1215586,37551,403092,56691,94941,43860,115745,1148104,1241148,94719,867758,61781,58982,41460,42959,39734,992609,62168,50135,57460,37818,51941,52697,92582,804917,1368965,57550,59481,52865,42118,58584,1213576,45562,52981,65196,60261,48314,1160778,117827,39923,1160842,48518,1347696,1324310,899418,50640,47790,47206,51696,41580,38128,124587,586227,1248377,116129,52200,823859,67684,66515,44905,50735,120644,54268,66391
72177,168249,76061,65028,128879,172337,139716,17337,28903,10672,64547,17938,12864,73757,22751,54549,20112,158878,20603,24970,14259,35784,13865,16948,22270,144289,152422,16846,16199,24230,25372,17400,159918,22499,111673,26015,50503,15986,23359,139294,93438,19180,53757,91711,30662,23205,17581,16752,143155,166110,17360,24347,19436,19891,19752,23157,82731,166401,22294,24830,23543,18451,24042,150454,16790,18197,24944,21295,19192,150426,95628,16455,133939,19950,114117,94354,57165,19520,18745,18310,26637,17306,16466,24122,134356,119452,22071,18582,49421,181061,168307,17515,21813,107162,78733,24998
92036,389121,44256,64176,37449,25167,30185,27943,13036,28895,57290,24714,17023,82097,41905,71991,80132,358325,21949,39756,19984,42839,16772,19998,21535,319500,326415,19799,22975,27596,37495,23225,317586,20084,312185,116625,246547,20684,24153,289549,57852,24284,48462,25976,196494,20720,21170,19107,340665,24577,28836,40837,20649,99597,97171,45598,265284,345149,78275,44225,34196,21642,47124,317840,32295,34511,77137,68276,30436,370896,293812,22397,299762,19920,104227,306981,52978,36576,97624,21305,35160,19879,17912,34421,312924,110545,21815,101411,97314,27681,27409,25322,101730,331405,34538,38280
42275,123711,32600,46852,22559,17779,19890,6082,27949,17340,41054,15616,13985,73212,52564,31452,26668,120081,17187,31897,17956,30592,36821,17229,18241,99819,117984,43851,40493,17170,28288,92448,110748,38555,77887,50160,82682,14972,16835,103064,47985,34229,41678,17255,44358,22182,37595,29788,104230,20160,14587,27100,28109,18494,21355,24540,62155,116613,31692,28826,53074,29394,32778,79509,73727,74758,39403,15070,68655,107668,85629,28094,60117,16200,85475,100995,79285,75507,16096,15235,74837,15114,38586,17437,60815,89965,16794,17436,40478,18086,17479,15658,17642,84875,26899,29003
221568,329765,236630,130084,192424,147049,14530,19881,30186,139578,209393,18481,19281,75579,28097,61170,32528,333759,22291,29319,16147,40795,16168,25371,33901,273745,308147,21083,19458,34533,31172,20406,279290,19991,107718,32254,55052,24657,32666,274347,262130,20898,205923,64599,34492,23463,19320,18609,254376,139340,26199,28784,19706,32299,31836,28872,110849,310917,31102,30610,24870,22654,28655,293564,22530,22411,29237,30070,23091,291436,94342,18547,276217,20662,273387,249094,168568,22481,30851,22514,28194,24398,22142,34187,183087,256306,32822,30731,205589,148058,139584,20288,32652,98207,78709,27878
77952,158396,76056,64435,130511,10968,147104,17784,25165,172166,65496,16870,13534,66795,25358,52879,18899,153439,18109,23972,13777,38044,13944,17733,21982,141238,146452,16984,19732,22972,25059,20677,152890,15925,98661,28417,44075,16495,23281,143601,93535,18967,62419,98861,27140,16643,17249,15733,137405,180174,23465,24042,15853,19891,19251,22869,80483,150667,21019,27663,20981,18020,23492,147243,17088,18887,26832,23185,21211,147058,90468,18580,134134,18512,105367,94067,63106,22164,19443,19195,19439,16678,18667,26841,122308,122621,21529,22270,53915,190276,179557,21208,20390,96044,69303,26122
326873,438516,248034,335348,16396,130286,192630,22563,37451,128862,282111,22109,18440,78076,32802,71160,33907,389310,23848,37349,21952,76840,17351,22585,39314,343320,407623,21342,20132,43865,35093,22341,375111,20862,163756,34762,63624,21802,41960,345638,336837,22420,206426,52824,36142,20429,21468,24240,240662,137413,22709,41462,18880,29617,26899,34668,142682,379462,34112,40289,28643,20357,45908,348152,25447,27867,37576,42324,27794,382514,100200,21722,367207,23759,364393,337543,267371,26001,26013,21657,29379,21927,21516,49845,311600,331185,41248,24112,237669,132996,121187,29732,25964,113620,81519,36575
1366262,1477228,650400,40640,334726,64427,130126,46863,64134,65022,1063875,39415,36831,120265,109791,356693,93677,1336366,44485,119832,37035,366217,34221,43424,54392,1154173,1248331,61964,39680,56563,112215,43473,1164332,41143,478478,113178,68855,45178,57478,1139368,1151195,40384,680370,104265,115548,51664,37707,39278,813952,56999,41702,119418,38939,86813,89385,52520,651739,1272633,54432,112790,46822,41851,122190,1086324,46670,47528,104508,80480,45024,1123468,136587,36859,932872,62516,1202873,1222044,1158160,48457,95469,46687,47527,42811,41821,57962,879292,1193185,56756,84864,692875,64369,58158,42244,89010,135170,60966,99478
633447,903285,26048,651149,247871,76053,236631,32594,44281,76061,746072,30599,28755,81918,40436,62155,40158,805631,32609,59386,26352,99284,28096,30674,39386,678715,829883,27683,27027,88950,58504,28812,719921,28326,105759,43183,64670,34901,87589,699649,779568,76781,713796,92879,44593,42851,27885,33554,381640,75950,37159,59492,28810,40232,44922,93135,332703,784577,53113,58915,63294,34721,58722,653944,36254,35668,57550,40294,36934,807758,96505,29068,738326,28993,840741,787176,577539,35969,42209,33483,35089,30787,32341,86090,459873,760623,92827,41351,738225,77058,68757,29719,43045,95228,53764,53832
1415864,118172,905059,1475935,438697,158329,329866,123649,389002,168248,1534999,125226,93194,3138263,161133,601160,141108,6320197,141952,188360,97925,667911,78523,114011,134670,5154966,6316413,109497,122970,141948,155584,120437,6121880,113881,4294393,259497,1420310,126822,136079,4926711,1645960,121514,1103135,140961,339715,116958,115759,122013,5871738,157000,118146,170534,119434,123278,123363,156699,2340253,6107169,134391,178216,135735,118619,168889,3275503,108570,151621,194994,127791,125993,6065187,3798437,112238,2837281,124006,4461468,2818074,1396237,126181,109753,120079,134660,116634,112576,149017,2552465,4483543,122212,127082,1052830,155801,167194,114932,125668,4181561,138925,160218
35810,1412650,632814,1365967,326511,77525,221512,42273,92028,72201,1011268,40079,42273,87727,62529,332707,88117,1293919,47210,91094,32203,367463,30190,50889,57099,1092352,1311142,38546,38772,56295,77662,42435,1093446,39931,424601,58857,81999,44656,55388,1075448,1100194,39855,604257,89986,55272,44346,41948,38729,852395,72971,51779,78813,37456,86662,87079,84734,674549,1212822,119774,84819,73658,41250,81509,1091988,48245,57527,72175,88452,52194,1032654,119311,40850,937994,42468,1146344,1234640,1162074,51455,85025,46909,55765,43836,41199,57035,854793,1148952,51325,88154,617526,77793,74051,41207,100265,122418,78325,76290
