56769,115334,125043,65491,54789,62465,45630,54886,45339,48383,67980,4604871,1539955,56845,302817,4414088,3668629,43283,70487,55095,54045,117211,45280,50391,62199,160187,75413,57269,76844,87667,51438,44047,47740,51732,51165,61762,273028,99462,50711,59545,115877,108888,50258,53496,68390,52585,3679800,50263,4314440,112612,56310,59913,4198183,56331,53510,4469693,51375,70962,64940,66522,52736,50765,72127,50428,53195,94820,55083,57167,54464,4567366,72354,3195287,3195099,56046,52291,59157,58553,65108,4831267,73764,95769,98977,49961,60224,1835836,51290,54078,56154,51062,65553,93838,67603,53667,4613010,63771,65234
54941,41202,38693,2325740,407666,40754,62882,33519,87646,82497,44045,69698,41977,730831,46276,69466,1023726,75043,47954,36042,50771,1401735,86234,35892,1483001,55347,29545,1068699,88359,46142,35883,63915,32911,38953,34663,40669,242105,48762,57809,81715,50470,1500832,669360,31931,1594351,34339,67355,35700,77106,73992,304436,1737633,72624,46718,45009,71980,33363,1821005,39579,1597083,40417,38114,1948486,676021,45062,56755,31933,44043,45844,72266,263942,58818,60971,41672,42736,1483633,34921,1143688,73350,94857,49742,1763101,87757,86127,53756,38327,52464,44739,36756,404987,1762004,92091,42367,71005,39546,63774
70759,168699,140910,65124,61414,72550,54057,66163,51771,52970,68760,5619665,1462823,55965,264836,5374561,3634577,48641,72482,60755,65013,303522,50115,63087,66556,157984,82148,62353,76903,70448,57205,45683,52273,61214,56109,68568,1326978,111918,60826,62697,111156,115803,54479,58018,71206,64171,4621988,54790,5292095,104729,61060,63422,5126637,59801,59531,5462717,62513,72481,76413,66595,63953,57412,78653,161964,60051,87418,57895,63109,60152,5578325,76626,3142504,3176037,58449,54876,61900,65851,71498,5778956,59884,97201,104027,53700,58828,2977955,55810,63744,59231,54599,69622,101670,69193,60065,74020,71008,4612652
85188,32789,27433,48965,28350,22511,42500,16876,25406,23521,16978,63467,27814,33452,21753,57891,73162,18812,51517,16217,50899,45747,53705,14180,39274,27893,74251,48001,81854,17572,30644,20962,14052,16945,13597,34341,52618,26964,26256,14697,21433,49042,33772,23132,39311,16100,56676,16962,56922,22525,24562,39469,61670,15982,21313,60348,17680,45946,20452,40891,16366,18585,75128,29471,17437,20115,16547,15004,105721,62409,26571,46596,47412,121758,102910,34628,15470,33029,60495,32060,25896,47523,17943,19789,39558,15647,74134,118086,28204,29539,44181,24585,7894,60076,42370,53668
104556,20421,58521,97402,89908,25168,45821,18526,118906,120343,20956,70434,44820,83210,54331,70711,124860,114491,58182,18151,20421,49862,27837,21190,55396,158054,14939,93426,112184,19369,22955,106549,15833,19328,16405,23427,125101,97964,112294,18528,55264,88454,72067,17630,60061,18823,63114,21996,69502,158774,92254,61844,71860,21110,88703,68864,18524,81956,19329,67441,18506,18785,60425,87779,88095,23609,19033,19720,20882,70686,41266,71300,73958,28165,23227,54645,17041,52933,68991,49626,28743,55296,138593,141722,53195,21820,105010,27697,16988,38054,63122,12086,24586,69206,92088,67603
123348,43692,96397,2056924,310496,43211,39176,36982,46762,43067,45637,102541,98593,646621,100643,98337,895677,48567,50053,52133,48270,1288184,71557,51390,1290865,111641,38251,924336,90356,44755,38749,45880,44559,50381,36113,44994,212430,101382,62921,39244,97067,1368524,593062,35661,1362976,47617,92562,48643,100261,44660,276158,1512843,98843,47811,56573,100943,48430,1627340,42869,1405805,37928,48813,1695534,583621,50160,100487,36876,38953,44067,100435,288756,89375,93352,43646,48014,1321979,35751,1021242,102352,57136,95939,1641081,48226,53301,110711,49360,55531,45460,40482,346380,34960,63096,44180,101658,1760777,93832
30332,22964,29646,502116,32456,22741,19478,87862,27011,27170,22577,69809,36876,339611,34487,75001,76666,23926,36439,27152,24968,157049,21133,29965,344535,33145,15456,234520,28333,30058,25766,26887,65164,30359,83160,23187,196571,28305,54904,84171,29549,382422,381890,21266,336193,29626,64789,30817,66841,27206,180320,354007,74072,56798,27964,69277,29602,385374,23588,341207,148296,29562,425267,31803,87706,33455,82707,83228,29698,66372,162753,55639,58142,30330,39733,169703,80108,342946,72078,30132,29302,350336,26223,27591,45186,34377,30905,28752,30416,13246,346128,37968,29565,69607,404665,65549
33301,22886,20371,42326,26450,15324,53925,51717,25972,17781,14135,60968,26323,27849,20130,53194,60601,15291,17419,72476,13204,37442,14234,51459,33302,22901,24485,36687,20982,15258,16488,13552,56180,49502,54171,30957,28899,18411,17685,51146,19876,32622,22314,13034,34929,47268,49488,45378,59019,17026,20277,33684,55785,48375,48969,58554,47984,34655,15509,38166,56075,47420,35890,24789,25428,20565,51807,54953,27802,54968,21594,39623,41358,27564,16518,37844,46553,32764,53660,15095,25959,42220,17741,19810,33792,49346,30528,28179,7054,30415,40475,16992,28213,54614,36760,51060
87007,21850,26405,50646,29246,33284,43183,16885,23435,16697,29486,59132,30736,37152,25989,62011,64860,16270,44506,15755,60212,48711,39505,15850,42414,28303,75381,42803,85537,26097,37343,18759,13333,13746,16306,45941,49948,22146,21271,16513,21636,44188,36952,16125,40670,16953,56276,14805,58466,19450,29162,43286,61811,16270,18570,60502,15581,44829,27352,42698,16194,13155,77474,26241,16933,20582,16502,16268,93746,61776,25271,46513,44301,123978,94384,37840,17120,37016,59572,31627,25828,51698,17698,20245,38489,16416,73625,8170,28179,28751,45464,27701,118083,59216,44700,56149
178701,23547,25205,60822,104081,33569,36421,15699,88088,88626,31374,60403,32629,35539,24245,65134,125097,101891,22293,18038,70624,51668,26169,19627,50078,109529,70624,89692,113398,31384,36480,103499,16324,18944,17150,49690,96112,105689,114665,15314,21575,50814,38920,33432,50639,17994,60843,19986,60149,102392,101968,50636,63328,18303,100213,59693,17603,69063,31798,65576,18414,19020,88762,97323,94215,24145,16219,15845,73884,61767,32955,47312,47190,70287,51790,45223,17099,40277,64975,18105,34570,58416,104763,109508,38958,20304,11072,73630,30513,30900,55528,105019,74132,63741,52476,54072
19919,17490,23722,45128,23538,18452,20245,22715,16286,16056,14189,56699,26894,31585,23186,58435,62397,16500,17757,85123,15512,40351,12611,111092,36482,26173,11181,29393,20240,18988,13153,13611,32747,110356,15512,17116,32025,21496,20952,20951,21551,36004,23707,11486,32957,108438,53716,112947,55981,19014,23412,31476,55409,91658,74794,57118,108493,38582,16135,34550,20950,109633,37781,24249,16038,20418,16944,15100,20463,56136,27205,42962,44562,16559,17118,31311,25022,44718,57589,22293,17792,41256,17615,16512,38631,10058,20312,16411,49351,34372,49361,21820,15643,55791,38332,51290
44648,157925,130053,57283,49730,47695,46379,40622,33121,36366,44200,2711040,1516873,43617,300207,2665357,1294945,23934,53654,41130,40616,259782,29947,44275,57659,175727,61084,45192,55889,51166,41999,30038,32680,38281,37731,41111,1321571,123680,33298,34946,135569,103551,33046,36703,48984,40001,2407927,36578,2589711,94329,38564,48546,2613700,42424,37027,2758217,37423,67662,52945,49194,38527,41324,56678,148110,46728,114179,34504,38617,35950,2805589,101168,278946,187756,37816,35758,48701,46048,52303,2871374,38307,109810,118192,37828,34772,41230,38657,38957,38482,33789,45192,110704,53186,39564,2980436,53755,1832048
113568,19109,21966,71293,85428,19366,40896,16330,141795,137700,17400,62941,25494,72312,22542,58046,112145,123187,20430,16544,17618,49309,38643,19784,49867,94643,13334,77976,72332,17754,15870,111942,13123,17434,13917,22917,84726,102618,108928,15324,20092,47161,70868,13516,49280,16333,51467,17642,55530,122226,113876,49043,57177,17438,90199,65323,18302,72683,17143,59541,15553,15887,52700,91401,85502,33688,16054,15745,20071,56618,48774,50805,50974,19964,17240,42907,14068,41028,55367,56676,29604,53686,139140,10348,34757,16507,109456,20238,19801,27584,53285,141868,19789,58851,86123,60220
115233,17617,22725,72189,93036,19752,44054,17598,121827,135966,15562,56278,24936,64958,21225,55833,109457,119268,18792,14661,15333,44437,38940,16752,47162,94192,12233,99916,71995,15789,15299,106676,13592,17308,12874,15864,79689,98164,106378,13284,20495,42808,62447,15614,45683,18170,51187,19842,54578,122216,111121,47699,60202,16697,87912,50954,17717,64178,16566,52863,13982,15903,49040,89233,84164,33148,13030,13281,16439,61621,50868,39627,43455,17863,16452,42996,14860,34812,57864,56975,29652,52009,9184,139163,37830,17617,104758,17695,17740,26245,48225,138656,17945,53694,87752,49954
59131,54319,94675,2104642,388247,50470,41667,37110,51453,49272,53614,103569,100306,569477,102513,101723,982578,52924,48729,37554,60803,1309922,82211,40196,1292009,108299,37018,917278,84010,54576,46992,81451,34187,40278,37610,44447,211500,107193,63495,37958,95282,1333840,542580,44697,1385522,39591,96642,35743,103552,47862,282662,1515600,105088,52632,45209,115617,39512,1623677,52120,1428132,38715,38842,1691278,619542,51411,102269,38358,40927,49550,102748,287521,87626,89246,46320,42554,1374720,40947,1039688,102518,57793,97127,37784,52009,53700,118195,41256,58418,51705,42221,350376,1641317,55255,47518,104058,1762971,98973
38427,17518,78017,47648,24024,18403,27149,17398,24147,35125,17641,97308,87025,38489,87641,84401,80585,26180,24921,17604,16988,55224,22187,17320,47447,80401,39660,37933,25785,16535,17348,25703,14218,16314,16789,25136,31662,73068,34784,14994,78282,39901,50864,14078,47166,17003,89806,18061,93296,29191,35686,41488,89556,17006,24464,95295,15871,49441,18025,42678,19305,16416,42647,23137,23202,86472,15521,16507,24239,98860,81001,76668,65603,25508,19853,69256,15188,36209,101530,22290,7580,97197,29656,29604,109795,17799,34594,25823,25957,29303,95937,28739,25891,97201,49674,95788
20642,14763,22853,84753,26745,19737,39031,13308,55381,58485,13956,54231,25716,70425,25794,56195,65054,45137,17079,13444,13441,48056,47456,20724,50776,21848,11572,52244,29468,16982,15960,38539,12185,20350,13097,14259,28813,21981,31707,13195,26944,49798,66259,14394,49460,18579,50430,19181,47763,47014,36291,48321,64209,20916,15972,48620,20696,56274,14089,54318,15141,19552,57640,39037,14376,40531,12321,17333,19931,59974,52875,41482,50433,31671,33429,41116,18926,42585,53986,7154,22295,57791,56977,56683,38314,22304,18102,31627,15093,30127,57133,49615,32031,59878,94844,73757
68115,156924,120286,72103,61881,70579,56077,62351,50476,53054,72047,5591945,1462178,54811,285766,5377018,3672417,48789,80551,62049,67166,297388,53830,56640,69810,169981,86373,62259,81947,73545,61787,46725,55192,57886,62786,72672,1246055,106345,55795,63048,115992,118604,53124,58932,71542,66786,4619929,59344,5241279,109264,60622,64061,5152566,62358,60921,5521913,59949,74463,75088,69232,62445,60908,79770,152640,66458,92207,58066,65782,58311,5509851,79290,3207940,3253582,59092,55456,59715,65128,73493,76830,53925,101633,102296,57706,55410,2860182,57628,64977,59435,53665,72105,102318,69002,60461,5777868,73311,4829179
41519,66181,33818,1365827,350529,33825,28071,27704,36386,34971,36349,74972,42065,601586,44549,67634,488819,34380,32382,41693,37225,723517,57758,46725,879304,46046,27708,841108,73600,35703,29171,44428,24148,44147,27504,36614,213490,35581,46775,31808,35593,808717,544771,26298,956395,41978,64651,42172,68393,34960,254060,1006621,68361,49504,45020,72321,43139,1133684,31860,978073,32655,42781,1137945,302349,34444,41975,33059,28457,33964,71562,215257,58733,59094,36161,46056,843992,27869,24134,73669,42562,36153,1038338,34808,41012,52312,44728,40260,37029,32752,342542,1021291,52896,33019,71498,1142743,65122
18255,15883,22555,39500,24829,13804,34015,93741,24023,14355,14025,66923,28851,23279,20939,64970,63085,13245,17792,30225,15020,35452,13286,21848,32625,21812,12251,33641,18543,14729,13752,11935,77712,31826,101811,15043,34498,16865,16842,96468,21132,33277,20558,11977,35408,25996,58192,22440,70215,16623,47279,36361,61405,39774,16561,65234,22055,36209,14761,31864,95874,29965,48422,21251,74517,19086,93558,95826,13891,62779,28532,46197,50191,14722,14534,33767,6088,27863,65281,18929,15179,40947,14865,14068,46033,25003,17094,17129,46556,80097,35755,17045,15466,65854,34921,58541
48819,62967,34981,1708629,356115,33560,33990,34437,42406,47226,36769,62134,39175,444964,35439,62076,834122,41577,43156,32885,36535,1275623,60259,35565,1135612,50242,31116,833563,83928,36689,31657,50388,30633,32467,36420,35624,49296,48910,53305,30466,38173,1147887,386319,29312,1216157,29058,58176,30589,63810,39670,322729,1312463,85058,38718,37464,58527,29357,1383071,37724,1216882,39796,29791,1452145,615149,36051,35729,34974,41052,35454,61572,103376,52513,51337,34711,48444,29004,33766,845819,59749,41127,70140,1374719,42997,42903,48700,31297,45217,37831,37848,169757,1322483,54625,34630,61900,1483273,59135
68583,34665,20955,60116,25776,22813,22741,14500,30204,17733,18435,58090,24566,42493,20721,55913,58408,15170,53541,19834,52274,61295,41566,14552,53326,23803,56674,55525,75528,24674,31633,16257,14239,15452,14348,18368,46111,18519,26367,12754,19809,45592,30282,30115,53655,14990,54750,18451,53158,18263,22305,48188,54741,14109,17925,58866,14839,57336,18273,54087,14351,17407,76387,25582,18484,42268,12158,14242,80183,52629,24346,41544,42727,102186,6918,48448,14535,46060,55423,33409,19858,42564,16460,17262,35762,17119,51779,94367,16524,39775,48010,23211,102928,54871,42752,52282
84592,25540,22362,46323,30727,28476,42866,15834,24535,20191,26576,60098,27107,33915,31154,59856,64416,15616,52744,14329,53923,48873,42583,16325,40671,29614,72815,42297,81684,18147,31267,21372,14660,17993,13836,41535,52708,21808,19396,16493,19924,43478,45206,23467,38769,18885,58809,15876,60474,20671,37050,37806,55945,16071,18202,58750,15473,47025,20426,40130,15005,16219,74590,27713,16780,19614,18007,22915,106431,57490,23839,46495,44146,7852,102194,34709,14714,36184,59160,31651,25507,46328,17864,19973,37831,16561,70286,123980,27559,30330,43664,28159,121758,58456,41679,56048
54444,54052,153355,54829,50257,48404,37527,45716,52711,41772,53916,3241384,202214,41602,197479,3117556,2586901,39126,76205,49191,44931,119444,44090,38998,54891,154791,42214,51016,77782,48366,42435,37716,38224,42862,40659,48962,181981,62804,46326,46920,151842,112444,45894,41558,56561,44843,2490477,42370,3030919,71649,48955,54464,2971184,50841,43426,3101888,47704,61433,53933,68769,46226,42221,61287,46202,41269,113621,42491,48628,44630,2991179,70860,3164570,48618,44142,42715,51345,50223,59092,3255218,50429,65596,89250,43456,50976,187725,44567,47186,44265,41350,58148,93367,73963,47400,3175780,60984,3195109
53823,50796,147808,56289,42270,49354,41393,44428,36450,40126,52171,3157599,262092,49393,256628,3136912,2582555,36342,74302,45718,44156,112485,42466,42775,53243,157145,51630,51384,76979,49202,40668,41297,38016,42504,40598,52110,208392,67226,48424,47409,133671,111012,48541,39540,60578,42888,2512113,41538,3016001,67736,50762,52497,2950615,42719,46127,3063244,46658,60992,52086,58861,44659,40275,65852,41713,38717,108922,45523,47093,45524,3039273,66078,49830,3170807,46494,41537,52515,46192,58726,3216107,41479,76681,87633,39631,50810,278313,42962,47315,46527,39618,55782,89344,71306,46575,3139435,58797,3187378
37592,20934,85270,304087,87684,21898,20016,21778,43404,47290,21132,75817,89857,179177,86469,82768,127969,42234,24282,22833,21167,101283,44453,25816,198891,86857,19387,172463,33315,21985,18960,38001,18671,30271,18681,19653,158969,82210,42297,21036,89094,181901,172238,16952,218267,23511,69378,21619,73226,38241,57495,211480,80201,38345,30066,76548,24462,242303,21245,215206,21099,23084,252150,110506,29527,111966,21388,20402,19756,75280,12272,66074,70877,23835,24352,103391,28514,215206,79292,52880,80987,287599,50882,48780,101177,27209,32957,25270,21597,162825,288869,41258,26572,76630,263941,72341
62334,164505,121281,69501,62726,69656,52686,63385,50722,51554,70745,5396615,1418711,51875,290833,5199766,3506769,45192,79566,61214,64060,301709,49434,58153,66536,171722,82270,62266,78262,74083,58500,44642,50850,60568,57120,71210,1274752,109033,57053,61175,110849,117163,47238,54716,67841,66686,4453059,54302,5031539,107026,60252,88399,4956513,61115,64861,5220283,58661,71644,76352,65602,57894,59423,78341,144151,57823,87293,57741,60968,61269,77154,75272,3039073,2994014,57505,52633,61562,62778,71575,5509394,60067,98870,102874,61606,56630,2804604,56135,61778,61778,54963,66397,100428,70694,62416,5575979,72284,4567651
85353,43784,23088,46249,21884,39172,43336,14111,25496,17059,43825,61537,28341,30238,29498,59098,68889,15280,59364,15307,70985,45609,27256,16198,41868,28153,74697,34359,77738,41502,33380,15322,14341,14845,13958,57038,44095,25065,24620,14565,20772,43886,40214,43596,42807,14231,53493,16227,57847,17469,34081,39435,62661,15842,16084,57930,15015,43877,37471,40009,18258,17590,77831,23903,15779,18105,16683,14765,8462,61267,19756,45517,44665,106430,80189,35451,13907,33974,58310,19932,24232,49573,16438,20068,35954,20460,73886,93738,27814,29697,44331,20880,105741,60147,45831,54448
25520,14714,20644,45584,22256,17112,38699,98725,13845,13442,16821,59793,28762,27491,24215,61194,74584,13927,15644,37029,14403,33479,12050,15612,31021,23608,11129,26748,20104,13365,11500,15090,84245,15751,104366,15630,29999,17284,15905,108429,28220,35787,22655,11350,33647,13529,54464,24851,61534,18286,52447,33138,58793,39108,16806,59501,23918,38556,14116,34926,105458,14179,45696,24592,75601,19235,106814,7330,14762,60974,20408,47089,49317,22913,14235,41058,95819,28453,65784,17338,16505,40938,13280,15746,38611,15100,15847,16263,54962,83215,38959,19716,15001,63120,44609,57161
16287,13334,22867,42173,22389,14830,35936,96228,13238,13051,15924,62188,26022,29492,24768,54971,64317,13788,15828,34872,13127,35010,10615,14486,30911,23520,12202,27691,19630,13076,12053,14965,81114,14919,100673,17123,34615,19133,18101,102677,19360,32627,27057,10513,31819,14036,52883,13218,57407,16728,52497,33247,56369,33624,15576,56587,13437,34922,15783,35545,99384,16018,47886,21449,73215,16670,6406,106828,16684,57733,21393,45528,42508,18014,12155,34998,93556,33055,58069,12322,15523,38466,13040,16057,34489,16949,16216,16502,51797,82707,36934,19035,16539,57895,31945,55084
30082,46969,126313,51605,27548,20241,19278,18893,33232,34248,19898,87622,134077,35381,134263,112874,80193,25767,19127,19742,19037,65857,35944,18953,43120,103542,19090,42241,22958,18488,17714,25943,16879,20342,16950,19347,49374,71184,24744,18741,133467,52899,41743,17431,41752,18123,80693,22764,89681,22630,36355,42088,113943,21573,21434,85983,18315,45250,19437,40565,18454,20919,45555,34723,22634,11360,16667,19229,18106,87292,111953,108910,113662,19622,42198,35726,19087,41977,92216,40537,86458,102313,33150,33690,114177,20427,24150,20590,20568,33469,100496,23607,20115,87414,56746,94820
93621,18424,24713,55273,77537,15685,15236,78383,69492,69426,17644,59005,33470,29371,22863,56574,99532,83111,19349,25151,17012,41633,20792,16208,40738,83025,17372,77534,57936,17080,19062,76040,63533,17484,79949,15156,75567,125736,85622,73988,23116,41381,30171,18030,38612,15025,52766,17228,58103,79953,110087,40717,56946,33738,79868,117576,16851,58013,15472,44054,76378,16895,57543,72352,7798,22637,73212,75571,15774,57829,29530,38714,41387,16779,18499,36047,74515,34463,66461,14376,23195,51737,84166,85561,46731,16036,94232,16922,25423,87715,50188,88118,17439,60131,44982,53260
92598,52889,27377,752976,366793,26253,23439,25606,77445,78198,24679,141287,27429,71057,26773,151725,548019,89084,26919,24150,27777,563728,62070,24229,507566,84835,19873,344696,65415,24965,21809,84750,20573,28127,22580,23999,180111,79172,93349,26100,30882,538244,48433,21632,535390,27784,155031,20528,137211,96347,93765,607581,135358,27548,73740,149843,24508,663124,28058,573000,22616,23894,625107,16822,72331,34728,21443,24625,23900,144220,110397,41717,46244,27713,25583,615075,21255,301843,152669,39035,23144,619919,89119,91413,148010,24241,97076,26253,24789,31791,584237,87978,29472,161973,677155,50416
88878,42338,40100,2286304,371180,43276,38281,46174,45728,44814,41827,73565,47255,745018,42960,76825,953656,48236,43490,34315,85293,1375186,77675,37915,1407015,55364,69815,1077429,131723,44752,44126,45421,32130,36999,50745,41765,232387,50261,55531,47376,40620,1490536,666504,38201,1546351,33714,74582,34457,78577,46380,340421,1646828,74907,57498,46303,74432,32768,1803632,39973,1574202,47704,35759,41354,626351,57538,45552,47976,45698,77823,78331,252105,65842,61340,74581,76379,1451853,48423,1138418,79770,57651,42643,1692439,49049,52710,56688,37776,88775,77472,35885,425546,1696287,60451,75126,78632,1949440,72118
19952,22091,24314,39333,23052,15357,19727,24180,24083,16763,14286,61582,27190,26437,22244,59961,59276,15794,17062,81586,13594,35117,13041,104828,34193,24900,11831,28931,17516,13995,13262,13266,32003,110004,14714,14973,32710,22534,19127,20246,20842,35066,22346,12384,32872,105675,51895,109483,54492,17423,19847,32750,56509,87830,74917,55157,105193,67885,15223,34680,15111,9220,35758,23890,16899,20915,16012,14174,17585,59388,23083,40283,42276,16220,17385,29788,29817,42788,60902,19559,16420,38731,15904,15871,41445,109653,19027,13158,47413,29570,48838,18790,18557,57402,38119,50739
19316,17360,25538,41191,25776,16695,41189,102693,15184,19172,14332,59839,28621,28372,21831,61449,65868,14219,18125,38378,13174,38909,12349,16935,34248,24568,11321,30886,18549,14199,12498,14028,85546,14501,105684,14516,32051,17580,18885,102613,21427,32550,21388,13059,35245,15246,55965,16381,60738,18606,46022,32924,63103,33647,17551,57207,13969,36423,15293,33336,6884,15109,47705,22619,76396,18455,99391,105478,18248,57894,21096,44658,46223,15006,14354,39808,95884,32611,62447,15148,19324,38731,13989,15559,38530,20978,18409,16195,56085,148318,37914,18506,16362,63946,40406,52713
59882,67210,35414,1880012,362893,38585,32964,30488,67506,46768,41824,89642,41593,592086,43620,64371,814865,54879,40601,35989,46329,1154189,58989,35433,1228833,57931,27684,933459,97576,39441,33679,58380,29736,36991,31117,41937,205716,50840,63484,36300,38359,1243534,565854,31469,1474179,30034,61680,32079,64421,48332,285820,1406430,65095,38693,47255,67682,31110,1487310,36917,30426,33350,34675,1574269,573282,44062,40563,35559,34927,40005,65627,214977,58860,68796,40145,54075,1217864,31857,977985,69236,54271,42674,1429406,52839,59565,49212,34557,65607,42701,38198,341026,1405575,67497,40897,66589,1597508,66529
25340,76707,22924,48420,60412,127391,17089,20281,16982,18763,133916,71157,37667,24851,27230,74311,71571,16524,76525,16054,94566,40134,52696,18918,39855,25073,17831,37223,26427,130693,114009,13896,15770,17556,15334,107008,71707,34005,54998,15526,21747,42065,22722,122619,38376,14266,68859,15016,74749,22343,20956,39692,71082,18066,94169,67823,20048,41245,10786,36910,15294,15222,39977,28061,15468,19448,15769,14123,37448,76368,21241,52103,53973,20422,18277,37752,14759,31874,75090,14091,18026,52204,16572,17149,52955,16133,31772,27357,15518,23595,42870,19333,20451,76439,39575,64931
72936,72585,39009,2138681,426847,40774,50902,35482,57484,66508,41509,73551,44436,696048,45967,72641,959975,68027,47619,36835,50196,1350017,68980,40368,1363602,63677,30463,1043463,100763,43651,34886,72540,32477,41965,35920,40873,230726,63051,74012,36644,43036,1410519,572433,33993,1464906,35098,66657,36719,73857,66538,299041,1626577,69231,49700,57763,69627,37114,40266,41238,1488151,36429,67529,1803541,662816,58086,45257,35056,38554,43887,71667,242272,61005,61302,47057,57342,1383743,36195,1133810,74446,56271,49449,1624853,64201,72703,67779,38601,69083,44821,34655,385587,1627982,81990,45948,72496,1820398,70963
36196,17215,23987,37877,26418,13900,18509,22754,16435,21100,15420,60307,32614,25749,22909,56851,69151,18499,17627,80135,14646,34122,14828,114732,31027,25333,14817,35620,19792,14230,12915,15756,30843,113664,14528,15364,34243,18270,18576,19597,21011,34252,19326,13271,31121,110142,55428,125703,58686,24595,20295,32810,59776,89439,79129,58434,10334,37119,19997,31111,13964,105203,32764,24499,16856,18317,13442,23910,15012,58653,24456,46656,47743,15474,14834,29375,22054,43139,59927,20712,15867,39505,17715,18319,37416,108487,17603,15586,47980,29587,48438,18508,17674,62493,33349,51356
64458,166225,118263,69145,60272,67173,52762,59565,51862,50688,65652,5344499,1394166,53528,254787,5100104,3393247,43332,71113,95214,60541,265669,49382,57386,64537,154130,83033,61253,78614,74316,57697,43253,69210,56671,57334,72045,1278488,96762,54202,58819,110856,105237,51025,56719,70459,61567,4429432,51638,4923592,105343,57489,67946,4892948,59241,56304,74016,58432,69633,67825,67681,57211,55163,74436,149848,117567,85992,56594,59497,57931,5218867,76549,3069336,3110106,58750,58887,58538,65228,72304,5523199,48582,95297,115820,50957,65311,2766460,57126,59691,60504,58554,69282,100953,68871,60351,5463742,72041,4469979
111234,19199,25079,49979,78010,16774,14958,20004,76650,80592,15917,59535,29249,28981,23845,62878,102858,88148,20084,72806,14479,39901,16820,76713,40411,85250,16786,75525,65366,17737,16203,133821,28774,77177,15118,17511,74083,84792,90786,17408,22840,39832,29999,14464,42969,73079,54826,74361,55093,82298,75962,40097,56870,61421,9440,56312,79153,57753,94169,47254,17546,74896,46261,73728,79795,21440,15572,16805,16087,64874,30072,46109,43423,18197,17926,37465,16559,45023,60913,15972,24465,45210,87888,90116,37018,74790,100216,18563,48964,27961,56516,88696,21299,59645,45108,53493
22798,18833,23037,51602,22971,15588,18167,41427,16671,17505,15691,58553,31690,37101,24042,59037,64821,16704,19010,67046,16855,42740,14016,91096,45659,24396,13697,31324,21884,17289,14858,14390,13962,91961,31636,17718,33444,21258,17795,41171,27615,45236,30267,12183,38951,86293,54818,104252,57877,23132,25111,43985,58706,8268,61421,59234,89436,49693,18072,38690,33616,87829,57506,27533,33749,21571,33623,39121,15849,61115,38349,42715,50839,16063,14109,38716,39773,49514,62353,20905,17010,52621,16703,17444,42422,91660,18302,16274,48374,56785,47809,21125,15984,59945,46799,56418
67838,142985,141429,65994,62406,69709,53400,61012,52344,52632,69066,5045024,1372278,50398,291386,4877692,3296162,46121,79898,58840,62676,258862,56016,56829,65035,151677,60054,61061,82155,80534,58486,47138,52058,56683,56899,64482,1188047,95041,55244,60873,131817,113688,50363,55654,70942,58288,4104315,57995,4706143,105031,61321,61336,77366,58635,56837,4886940,59780,69237,71078,65085,63103,56507,74872,135361,56938,113948,56374,58785,62676,4956422,80202,2952912,2972767,55953,54747,76521,61405,68364,5153576,64216,89554,105106,60206,57175,2612529,55403,63336,61818,55786,74080,98849,71841,61671,5132235,72649,4202087
52809,61510,34041,2017620,374065,37934,32932,32002,42800,41456,37823,63970,40217,631196,42778,62883,849732,45277,42538,35186,42409,1221594,57172,34097,1304041,46975,30418,943333,86124,41943,33432,51726,28157,36494,33517,38419,209035,45209,59263,31275,37943,1325380,571353,30639,1362423,32454,59655,32433,64052,40070,279768,31508,61760,43999,40104,67929,32815,1625949,39621,1407884,32925,32768,1646561,606397,40588,42082,33238,33035,39421,88401,211435,52468,54470,37816,48198,1312566,36349,1005846,64102,48324,41486,1515568,47702,49059,48539,31484,50638,43281,33675,354006,1509108,61848,39466,63492,1738836,60010
98614,22210,23062,391810,79267,26223,18418,48626,86370,95394,37647,62023,30432,263018,47805,58013,101894,90164,23036,18647,18900,292048,41796,20149,254185,95199,15253,250538,101528,21691,21067,92771,44226,20596,46500,26697,79656,82860,113449,50882,24535,286822,372188,17691,263212,20618,53444,19526,59634,85428,14446,279325,61358,25108,75915,57491,20293,298885,20953,285909,46031,19846,340886,93740,110036,36345,52452,52450,34086,60198,57491,50742,48956,37050,22303,322680,47289,254575,60580,36291,35696,283265,111238,113888,38550,23418,102073,29156,20267,180360,275751,92199,24563,61050,304259,56307
107708,20549,55591,67729,76518,19929,43828,19053,99015,111822,18383,101121,87833,62966,50160,111200,142233,106921,54826,16675,18885,44148,28066,22682,42326,147210,17252,73062,105676,19403,17641,92930,14978,19934,15471,18266,105929,92293,101879,18034,58422,73077,54644,15920,43177,18915,94222,17942,109675,9878,85438,40058,104972,23123,82210,105296,24582,66477,22349,48333,18617,17433,46166,96360,79888,22613,16732,18277,17472,107051,38201,67752,71674,20664,18271,39660,16631,34960,109256,47010,29195,47857,122319,122259,94367,19015,102459,19437,17037,27208,44634,158730,22528,104750,73996,112813
59488,154749,122235,71203,61325,69984,52688,59682,49440,49925,68967,5127712,1325378,53831,276269,4910645,3338558,41831,76936,56396,60442,276902,47499,55880,64293,160947,75955,63384,76592,65758,58107,45593,53369,54171,54386,68798,1187431,101723,52042,61215,110627,109983,55132,53216,66510,59176,4264926,53397,76346,109686,59634,64020,4706030,57878,55070,4920815,58688,73853,74774,64413,60684,54474,78559,137264,58075,89680,57407,61513,57848,5029444,73210,3018396,3032010,60470,53149,63812,70173,68391,5242195,47766,93280,103488,54576,55520,2589478,55974,60133,58456,59049,66811,100242,69489,56912,5296532,77165,4317216
36020,19125,21548,40181,28569,16526,17489,19448,14777,17511,15608,53730,30707,27019,21234,52243,65819,16691,15961,77555,14304,33078,15286,109540,37924,26530,13442,28758,20459,16438,16929,14847,31067,110171,17246,15027,35663,22592,18599,19604,20936,41749,20729,13446,34243,106347,49743,9374,53472,17936,19530,32447,58034,104258,74354,51639,125756,36705,15025,32063,16376,109492,34450,20521,17192,22767,13218,24834,16228,54295,21605,41531,42391,15869,18442,30585,22442,42168,59347,19183,18063,35740,19844,17642,36585,112941,20003,14807,45365,30818,48643,22008,16966,54832,35879,50262
60265,143630,110996,63705,61704,61413,49106,57273,49157,46596,61089,4489601,1098972,52738,227200,4289505,3007658,40165,71132,54857,60086,262918,46538,53051,60365,139694,79679,57963,70073,66651,52735,43145,52382,52384,52029,59327,1223547,93750,49125,55813,101938,103164,45593,51122,66793,54991,58402,49741,4266173,94242,53432,59575,4103438,54810,54790,4425042,55429,66639,68520,61673,55935,51855,74594,154861,52762,80628,52879,54456,53495,4447233,69385,2513264,2491625,58781,54753,58176,58194,64658,4620326,50413,89811,96603,51206,51481,2409360,53721,60840,56278,49486,64799,92543,63103,56668,4626905,67465,3683223
19812,17420,20768,40815,25590,14813,19394,22856,17575,22641,13701,62368,27817,25508,21764,63059,63610,15178,17899,80924,13457,38666,13914,108144,33033,23736,10600,34392,21620,14574,13728,14355,30373,113761,13878,16139,32136,18200,17861,19787,23069,31404,18918,12284,37532,8798,54985,106326,59218,18915,20614,32458,58295,86305,73068,61581,110144,35101,14263,30018,15239,105690,33716,27777,15021,18119,14030,13531,14232,66675,23510,42890,44833,18881,14981,29058,25994,41972,66772,18585,17002,39594,18167,16327,39999,108437,17996,16958,47264,29622,47616,18824,16100,64182,34456,52588
49330,66131,35897,1852096,354769,36829,34871,32996,42738,41498,39930,68006,41115,580250,41429,68737,790068,45413,44163,33484,39327,1111349,61436,33994,1198136,49231,29852,891953,82270,42110,34751,50987,31637,34480,33323,38441,196123,44334,56403,33781,40110,1220545,544335,32487,28910,37524,66802,34251,66522,43156,263549,1362512,71417,38936,42911,70443,31131,1465110,38365,1474213,35247,32880,1546798,535371,38601,41767,31814,33664,42809,67838,218285,60607,56542,38769,53649,1216169,35397,954003,71546,49444,47188,1385514,45687,49298,48986,32953,50650,40671,34940,335950,1359432,60027,39309,71317,1593981,68410
18679,82769,21894,38506,55858,114800,11632,11876,18375,14955,119724,57816,32123,21640,18545,54546,61176,12442,83132,11699,90859,32368,66990,12451,31124,22230,15625,29125,26397,122853,115107,12502,16135,13252,14771,97025,65638,30329,51043,11173,17732,38330,17575,9264,32484,12280,51146,13446,53252,15919,17694,30642,55672,12179,14460,56718,13272,33983,122606,31471,13065,12385,38209,21631,18035,17431,10515,11351,43593,54719,16951,39628,41546,23459,30112,29314,11974,26292,58934,14400,14073,44703,15610,13516,36710,11486,33429,16126,13032,21219,35664,17628,23127,58009,31931,53668
36228,22428,26959,808017,36460,25008,36764,19760,56586,62866,40519,52984,29581,596225,54711,52421,62890,52944,23296,18529,20674,329899,41404,18962,528266,41115,17215,461460,80100,24988,21005,50247,16872,21229,19845,27571,209157,34390,45807,22678,25976,554078,18826,17576,544137,18906,45635,20702,55615,54583,372229,570990,50448,30274,29996,51546,19326,572325,22724,565888,21392,22336,666547,48427,30159,41737,27065,22662,40214,47229,172536,48730,45630,45125,30286,385318,20557,544293,52529,66244,50856,541890,62433,70834,33044,23705,38912,36934,22308,381861,593141,72025,33789,55162,671034,50572
52929,61987,76523,1795392,281886,42268,36100,32187,43244,40059,43849,110588,89877,606490,98593,111975,780806,42046,81014,35004,45280,1107818,65928,35163,1173755,110696,34629,775658,112686,44321,38252,54294,31295,34874,33004,40545,263796,42796,50108,32282,76135,33492,554416,38338,1220711,31397,103212,41747,109992,73083,287118,1322554,113706,45239,39818,105297,34260,1410408,42065,1245845,32555,35077,1493195,538210,41385,52859,32620,35795,43891,117152,182019,111010,112481,43390,45582,1150980,33275,810740,118558,49789,39921,1334836,42814,47169,103578,36008,50821,44189,32616,381942,1366815,88469,49047,115928,1497487,109106
26888,33915,164088,41971,26794,22703,19958,21374,19495,22295,20995,108717,147466,27788,159161,134066,97954,17181,54597,22101,19003,68192,23122,22902,38896,133666,21982,34031,55797,22047,18193,15133,18814,24914,20067,22087,79015,71642,20811,24276,12776,76128,25979,17732,40109,23076,101999,20941,110666,58435,24542,37940,131866,27603,22836,110859,21005,43013,21755,38361,21425,20835,40611,30867,23089,133459,19357,28235,20777,110845,89097,133798,151857,19919,19805,38000,21138,35591,116038,26942,78288,95299,20498,20090,135567,21550,21576,21628,19874,29541,97071,55259,21432,111338,50667,115981
17455,15207,20177,38379,24756,15443,43271,98322,14988,13844,18167,61362,27219,28413,24877,61723,59480,14476,16043,33961,13777,33673,12370,19324,33757,23313,11840,29028,19747,14132,12712,13363,83180,21769,102093,17399,30647,16418,15232,7568,24281,32287,22769,11173,33778,19786,55833,19604,61212,18028,50903,31272,60869,41153,17411,58802,19594,36646,15543,36300,102612,20247,47378,26094,73993,18745,102672,108435,14576,61148,21027,47396,46919,16492,12748,30457,96488,31808,63300,13194,14993,37941,13280,15320,34939,20947,15317,16501,51116,84157,39237,18525,14686,62693,81715,59527
107798,19233,24893,67379,79082,55579,16119,16568,94119,98891,51638,58953,24503,47710,21125,57372,118069,98248,54576,16275,17430,58916,68046,19426,57570,94221,13674,88540,74076,53575,54868,101060,12825,17325,15717,54856,125165,95240,10624,15234,20811,50015,45803,51084,56406,17867,49128,18603,52045,101832,113461,59268,55230,17806,90810,54196,18578,73995,55005,63477,18883,19118,55525,93376,85657,24744,18108,15909,24617,57043,42311,48416,46341,19397,26236,53313,16835,46761,55878,31697,34777,63466,106273,108918,33280,20944,114490,21244,17688,53137,62894,112519,26228,60729,57836,50714
103304,34008,78232,58727,95211,35812,25728,18509,83092,87738,32870,104359,81237,37947,70031,95044,125268,95202,21701,18937,32069,74523,24376,20859,48636,145779,18049,90796,68526,36383,33837,87680,16211,19394,16194,20854,82357,9608,95234,16418,71646,42803,34402,30341,44328,18207,93701,22586,101787,92363,82844,45248,95017,21254,84702,96730,18269,63036,34003,50826,17590,22562,50243,79166,125749,71189,19135,17283,25058,109057,82181,67210,62812,21817,18525,48965,16866,35577,106422,21956,73064,107396,98143,102650,123635,21514,105659,22149,18412,28305,101373,98098,26951,111953,48790,99442
92029,146807,82711,264323,91066,76613,30306,29991,71209,85598,70368,1236930,167850,200679,172191,1235503,226443,70866,112793,31266,33202,238982,68514,33881,185364,160183,28221,199776,110648,73628,80315,61960,27391,31029,28610,69991,28312,82251,125149,30645,79022,263754,209370,65653,195874,32144,1222594,35654,1188517,105996,79640,208885,1188088,33444,74070,1273861,34242,230705,71680,206012,32039,32701,232409,180300,75543,49387,34614,29980,44088,1274587,158951,208826,181968,52702,46078,49287,34501,213675,1249574,28810,31661,211525,79672,84727,1321549,32024,96137,49963,28910,196559,212174,125120,52619,1326416,242024,272278
40924,57232,22199,46572,34663,109369,31504,14172,17387,17538,111841,70865,27194,27557,24489,72823,68258,15008,74473,14277,71624,38992,50567,14929,36941,26902,30806,31681,31496,106799,89242,16658,11727,14495,13085,10050,70007,20853,54835,17398,22081,40547,27520,97082,38414,16114,59338,15032,68804,18188,26694,38415,64485,17731,17497,71949,15372,40882,106965,41904,14519,14971,41766,23998,15157,19345,17126,15629,57028,71206,19657,52127,48975,41536,18370,35644,15054,36578,73147,14258,25138,44451,15862,22911,41123,17116,49674,45944,30959,23190,45002,23437,34325,68578,40666,61742
17169,16754,26086,40311,27819,13247,41271,104123,14092,16248,14226,57194,29749,25150,19857,54806,64860,13676,15607,37241,16113,33464,15466,12764,35580,20329,13918,27896,16088,13514,17500,11271,92571,14154,6498,13118,28625,16193,15809,102095,20076,33003,19843,14771,33316,13876,52034,17243,54395,15477,46495,33519,56906,31644,15123,57327,14531,35933,15341,31114,105682,14714,50746,22587,79953,16943,100685,104361,13958,57126,18681,40595,40650,13835,14351,36406,101820,27502,62797,13090,16788,37614,12874,13914,37730,15521,17156,16312,54170,83166,36101,16404,13598,56117,34663,51168
19117,16627,21924,43990,22691,13925,16690,19995,17616,19837,15197,58001,29164,28352,22447,59188,63146,18999,18838,80568,17168,37873,16734,112060,34748,24043,12359,31749,21400,14027,13489,14568,31427,9448,14154,14497,31023,19390,17319,21783,24920,34874,21238,13251,34468,113756,52389,110188,54183,19936,20596,36490,56696,91970,77166,56682,113646,41957,17598,36978,14500,109989,37064,28116,17475,20363,14903,15749,14853,60568,30174,42495,42869,17994,15455,32529,31817,44142,57955,20346,16314,40279,17312,17435,38282,110340,18941,13744,49495,30362,50400,19318,16945,61213,38968,51737
16341,13819,21098,33757,24260,12455,38088,84729,14938,12170,12708,52481,27875,21736,18792,52339,59854,11475,14441,55108,14325,30480,14638,30323,29033,20345,13539,29009,16328,15502,15351,10363,6568,31422,92576,11726,27391,16208,12823,83188,18799,31287,16869,16139,31637,30377,52348,31069,53361,14979,44225,28157,52054,13967,28776,68988,30841,32474,15785,29739,85546,32008,32133,20582,63537,16885,81120,84238,14343,50851,18677,38014,38224,14657,14234,30639,77712,24144,55192,12186,14220,34186,13590,13113,32679,32748,16327,13328,56197,65164,44552,15835,14044,52274,32916,47734
104537,22716,19152,57846,87913,17133,26866,12374,85930,97392,16744,46465,21401,45345,19018,44075,98185,112421,16878,12288,16290,39731,32392,13997,50845,86296,9423,81709,63675,24180,13229,5968,10368,14557,11272,16663,62038,87787,101024,13365,15135,54290,50257,12503,50967,14351,43115,14849,45581,92960,92755,51739,47166,14392,133869,43207,15759,72537,13897,58405,14026,13268,45434,84749,76055,25935,14955,15081,15322,44640,37983,41261,37714,21328,16285,50335,11931,44436,46806,38557,25704,81004,106581,111950,30045,13611,103387,18757,13550,26829,45892,106585,20985,45549,63898,44053
20930,59314,23796,44381,57524,116828,13167,12726,15534,17643,109474,57796,31450,23335,19763,56669,63196,14198,78688,11998,86189,38979,65544,33853,34578,23710,16201,51033,21656,111355,10044,13227,15355,13487,17508,89231,80302,33825,54887,12719,18188,38251,21008,115339,34760,13727,52727,16920,58104,17636,21075,33433,58476,14859,16194,57687,12925,34881,114046,33656,12500,13266,44121,21811,19062,17714,12048,11503,33381,58503,18962,40673,42430,31252,31637,31659,13754,29174,61787,15965,17347,46993,15300,15872,41982,13152,36483,37343,16512,25769,38738,22959,30648,57209,35893,51414
21470,75569,24542,48699,58221,130033,14395,15724,18229,16306,128798,68395,34938,31571,20922,70766,77123,18494,78522,14694,94565,41519,52998,16436,41027,24390,13003,36744,30426,10514,111372,24244,15496,14023,13517,106798,73625,36399,53573,14148,22051,44291,24993,122993,42106,14628,66666,16434,65784,19396,21686,41950,80458,17292,17740,74317,14200,43654,130777,39449,14208,13991,44703,24967,17072,18489,13080,13369,41482,74068,21972,49224,48366,18151,24683,36695,14731,35711,73674,16980,16534,54567,15795,17761,51143,19112,31386,26207,15255,30004,44757,19379,17570,70444,46158,87457
130720,29353,59389,110575,85305,26811,27192,18245,70693,60050,30639,77016,46591,68532,56014,80059,129964,65121,73271,19211,58505,97007,33573,21854,84638,110751,60059,113788,11298,30410,21653,63610,16332,21400,16087,31495,110650,68447,74079,19756,55792,112619,80080,26403,82196,21618,70085,20458,76614,105692,101533,86113,82401,21878,65341,78636,19786,100672,26432,97629,18550,17517,131798,65366,57919,22965,19633,20102,77741,78257,33291,76974,77780,81691,75538,83917,18544,73640,82196,29483,25793,83960,72026,72331,55889,20255,113430,85579,20977,28334,90345,112125,81869,76899,88393,76864
99308,60951,33764,1266348,385217,36269,29068,30434,67838,77170,34651,60172,37599,496926,36525,64085,602273,75721,36462,31013,36624,729662,72925,49064,854128,87346,25511,25112,113805,36743,50782,81600,29016,31756,27892,31691,199645,90806,88532,29034,34034,774719,460077,29184,889805,34407,57972,28768,63376,73040,250459,942112,61029,31318,75456,61248,35651,1044073,37235,934372,30874,28947,1074643,344744,77437,42234,27692,26751,34362,62276,172354,51393,51014,42304,55530,834581,33635,841583,62328,52266,37940,918149,99942,77989,45192,29403,89587,42819,36700,234945,925432,93532,48043,62344,1069742,57275
80366,15481,28847,33942,18346,12213,41073,15987,19458,11878,12339,82725,35895,19768,24592,57619,55772,14187,24673,12041,48768,30404,16572,14356,29813,19214,6442,25502,60049,13005,16191,9423,13538,12357,13919,30807,28225,18045,13675,11841,21981,34635,17263,15622,29855,10601,79684,13447,75958,17255,15255,30409,60053,13691,16808,83039,14823,30458,17827,27681,11320,11833,69833,19871,17369,19089,12200,11126,74690,82278,19386,51648,42211,72814,56684,31273,12251,27707,86424,11574,39653,37024,12217,13333,61074,11181,70625,75396,24494,15459,38185,14932,74269,82147,29545,75422
109466,37758,137786,62805,90501,30895,22559,23312,80076,87779,26479,147411,147113,39225,164949,162847,187635,98028,56458,23681,23367,82627,23860,26112,48730,14566,19215,87330,110809,24397,23695,86298,20345,24053,20327,26911,160225,145893,94272,23315,133685,110700,41194,22237,49242,23742,139692,26529,161005,147226,95162,47024,151666,24388,85193,154041,25340,63664,25079,57931,24560,24914,55353,84899,83023,103515,23512,23608,28140,171709,86842,157330,154829,29612,23801,50348,21816,45971,170083,21844,80411,108306,94011,94621,175729,26165,109262,28313,22902,33145,111674,158102,27873,157895,55387,160098
52642,68996,35887,1702573,309389,39380,35837,34176,42583,42020,39183,66823,44429,561442,41571,67099,789977,45078,40970,34073,42682,1085300,56752,36533,28462,48739,29818,854410,84711,40905,34553,50865,29042,34715,35577,36941,185328,48638,57542,33761,38900,1173532,527633,31125,1196414,33019,60387,37921,64283,42322,254142,1304151,65055,45667,40438,64551,31034,1364459,39854,1232891,34259,34184,1406677,508152,40775,43111,30912,31029,41874,66617,199001,53241,54892,40691,53331,1136904,32623,880022,69826,50829,47426,1293590,47184,49883,57636,36492,50094,42418,33268,344625,1288630,55372,39263,66573,1483071,62206
23746,18986,22565,48113,25542,14127,20838,23172,16924,18763,15733,59458,31480,26027,24669,56241,60762,18665,16527,79517,14559,36444,12856,9336,36544,26114,14374,48851,21861,16603,33773,13997,30323,112081,12760,14928,33888,20854,19412,19333,22891,35165,18952,12456,33988,108229,53058,109543,55881,22686,20142,34104,56834,91093,76733,57385,114757,40359,18908,35425,16934,104851,37929,24233,16208,18955,14486,15605,16202,58154,25814,42784,38995,16333,14557,35586,21851,46740,56634,20730,17319,40235,16751,19783,44310,111113,19614,15847,51493,29965,51398,21187,14182,63093,35889,50394
24472,26614,28698,79362,47070,56860,11931,11922,35196,39515,49812,47853,32537,37362,22937,52166,87813,30113,62139,13115,23435,65951,9194,12857,56825,23861,16553,73037,33572,52955,65526,32378,14639,16743,15470,50569,68499,24373,68003,12373,23126,65926,41406,66944,61454,13913,46546,15286,47499,28065,41798,57116,56015,14015,16816,49374,14833,69009,52628,58975,12344,13045,77669,62091,20787,35948,10612,12043,27410,49432,44456,42467,44085,42580,41565,60237,13286,57797,53828,47456,22184,82197,38935,38644,29949,12611,26167,39503,14232,21131,71606,27838,53719,50112,86220,45277
48758,58033,65687,1645869,307878,48977,33750,34835,43302,41294,39939,277756,69183,403536,66804,286578,883047,41760,43331,35449,39447,31964,65934,36451,1085303,82590,30404,730414,96985,41511,38979,39719,30486,37887,33465,38990,238885,74519,58924,33689,68190,1107373,329909,32359,1111416,38664,262798,33004,277059,44079,292348,1219301,258743,42787,39817,266176,34132,1346215,40124,1153979,38887,35117,1374576,563852,41593,65864,35002,33406,45597,301514,101152,112488,119331,48854,61313,1276115,35452,723755,297026,48045,55243,1309780,44437,49298,259931,40365,51673,48716,37442,157100,1288123,49878,45742,303542,1401690,117170
55566,75596,23678,73680,66462,90941,12589,13354,24508,15172,92648,62364,31554,30643,20503,60964,66183,14388,41493,13557,9402,39442,23442,14549,42681,23368,48780,36623,58513,94580,86238,16285,14324,17161,16122,71652,33194,32070,17431,13778,18994,45279,20762,90898,39284,13457,60090,14310,60448,18853,18893,42415,62684,16854,14481,60538,14635,50199,94549,46335,13177,13611,85297,27758,17013,19033,13131,14398,70948,64076,21169,44166,44936,53909,52274,36542,15011,37224,67168,13442,16990,60850,15333,17616,40619,15513,70613,60204,13206,24980,48278,20419,50905,65004,50775,54037
21222,22570,22294,39255,20344,14712,33662,34436,15326,13488,14330,58087,28158,25080,21335,57918,64965,13805,16140,8286,13557,35445,13117,79523,34061,23679,12036,31010,19213,14679,12003,12288,55103,80560,37238,14276,31280,18934,16276,33959,22101,35001,18529,11697,33488,80931,54861,77557,56412,16679,18649,35188,58847,67056,72792,95191,80153,36829,16056,35992,38368,81584,34305,24142,24996,19746,34883,37033,15310,61215,22830,45721,49182,14326,19828,32919,30224,41694,62038,13435,17606,37549,14665,16549,41131,85105,18042,15751,72479,27141,52126,18147,16216,60763,36042,55080
36324,46464,58894,48682,25979,73526,26285,19132,25402,20533,73064,72969,41824,26677,50222,72770,79320,16629,10140,16140,41455,43364,62133,16631,40967,56462,24675,36464,73279,78533,78665,16876,14440,18843,15607,74437,112776,21691,54515,16049,54588,80989,23301,83156,44239,17898,71220,15971,76944,54808,23038,42539,79905,18997,20109,71119,17621,47622,76571,40598,18119,17062,43489,26905,19345,19117,15827,15644,59363,79546,24281,74313,76212,52742,53537,43134,17778,32385,80559,17083,24934,48725,18794,20436,53648,17760,22284,44510,17417,36449,50059,58189,51524,72490,48072,70508
126123,15877,18838,66693,82508,15208,33402,16440,105968,113571,14692,41715,21046,55588,16785,69515,101104,6742,16615,13808,14388,41765,30112,18667,45057,98003,14188,75710,65070,18718,14200,112465,11475,18996,13677,15007,70836,95300,98252,14471,17177,42041,52960,12447,45423,15193,40180,16693,42032,106926,90173,45279,46170,16723,88152,43349,18507,67922,16521,54891,14212,15791,48213,89061,83141,25769,13778,13928,15286,45185,42218,36339,39127,15617,15164,41586,13259,34380,48854,45140,26191,52916,119367,123182,23928,16505,101829,16266,15299,23922,48493,114505,18811,48577,75033,43314
132735,65739,97234,1118435,374584,70401,56617,68219,112612,101530,67628,3474592,1100000,163245,237595,3363074,62392,101040,79326,64976,66197,884077,87903,60763,789678,187646,55767,602361,129848,77099,63203,98159,59827,63037,64876,68239,226193,125260,118079,59495,97985,780464,63043,61171,791194,63622,3006849,65812,3331951,142184,101882,847949,3287274,64805,102872,3392806,69165,956751,71551,814187,65856,59271,953702,547966,99465,80197,64321,74579,68883,3507681,127990,2577468,2582457,64424,58404,834501,63072,488799,3668078,65052,80589,980609,109434,112152,1296744,62413,125195,64864,60600,76676,896463,124893,73079,3623047,1023462,3665208
62799,154736,141687,68572,62077,68061,53163,60854,50102,51076,63019,5156979,1338362,49050,308634,77274,3364747,69523,72774,57917,60959,286631,52168,56237,67089,162890,57614,64086,80064,70706,56522,44017,52339,59186,54811,72773,1234894,94889,57349,61711,134069,111980,52453,54542,68750,63070,4280634,52238,4909879,111223,58020,62897,4872824,59036,62866,5099809,56898,72641,74301,64371,61461,59968,76830,151586,56573,112874,54971,61181,59084,5201139,82736,3137435,3117761,59738,55933,62087,64898,67636,5377022,56172,84446,101847,55822,58004,2665919,58416,65112,61987,53186,74977,98341,70715,57864,5366077,69461,4411078
26580,35571,154612,51838,26199,24590,21012,23809,20054,20423,33411,257268,294217,34273,15052,308516,237641,16757,50222,21336,20497,66792,22933,24677,41555,164992,24589,36523,56015,20922,19763,19010,18792,22447,19848,24493,172217,70028,21124,24880,159152,98490,54567,18549,41475,21770,227173,21230,276323,50160,47665,42771,291368,24045,23842,254916,22905,45973,27231,43618,21828,22257,42955,26771,22865,134255,24764,24217,29513,290755,86462,256597,197648,31165,20717,35447,20943,44542,285720,25693,87631,102498,21225,22540,300387,23185,24248,25998,20138,34491,100656,54337,21755,264504,46277,302619
34691,28240,27668,865941,71457,27700,52813,25117,60373,65890,28516,51406,30282,18726,34274,49111,163285,55596,26685,25092,30651,403915,37365,26023,561241,39202,19653,496818,68508,31500,23346,45347,21736,28316,25126,27560,200821,37930,47698,28388,27796,606474,597603,21658,581113,25513,52738,27028,53831,62982,263019,630619,50414,37108,28979,53535,25743,695832,24854,592025,28381,26444,746060,71059,29374,35383,29495,27480,30242,51881,179218,49395,41597,33920,42484,444919,23286,602662,54819,70440,38494,569565,64954,72306,43611,31585,35539,37148,27848,339618,646903,83134,33420,55956,729545,56578
39897,44522,156946,47182,35473,31874,29734,30191,25119,25784,32937,1377767,28622,30283,294299,1338714,1100684,21050,41821,28157,31561,69179,32542,31474,44422,147066,35891,37598,46631,34876,31454,21081,27872,29163,29743,27196,167689,81230,24497,27217,147473,89892,29554,32129,41112,27817,1098481,30696,1325159,87825,30433,40012,1371755,31690,29246,1398254,32609,44432,37670,41592,28620,27183,47255,27430,33481,134071,26023,28771,28339,1418572,89863,262074,202120,27111,24570,39193,28847,42066,1458449,25715,87021,100324,24934,25497,1516618,26896,32627,30734,26328,36864,98589,44799,27816,1462713,41980,1543639
66324,154866,127224,70456,58014,68272,52844,62372,69344,50848,63279,76420,1375226,51411,257343,5159708,3472637,41675,72978,58097,62261,277488,47855,59461,66820,147503,82734,60179,77024,68396,57790,46466,52482,58008,57218,70808,1240855,104421,58964,61370,108727,110530,52855,57815,67999,62368,4489763,53738,5128259,101136,61948,63959,5044866,58524,59536,5347028,60310,73542,71154,89665,59828,61595,73564,141171,59005,87623,62176,59789,61535,5396733,75818,3162732,3235477,60103,58079,62135,66919,74896,5591459,54177,97309,103568,56238,62893,2716351,56718,60409,59109,60962,69804,102517,70430,63455,5616094,69694,4603185
18731,78235,22879,45219,56528,135384,13387,14140,15056,14700,10010,63296,33094,28515,33401,63039,67462,14678,73108,14344,92711,39954,49813,15760,39168,26482,12342,34647,30625,128850,109527,16736,12713,15200,14227,111807,70346,32868,51647,18110,20978,43832,40533,119759,39916,13703,61090,15614,68983,18384,37644,37825,69061,15693,15916,65643,15413,41499,133799,41803,14314,14283,41818,24664,17648,19896,15926,16831,43830,70751,21127,52175,53928,26580,18411,36769,14026,36346,72041,13946,17622,53593,15550,17396,44228,14201,31399,29481,14127,22581,45639,20956,16980,68740,44052,67961
102354,18555,21974,68688,80565,17259,45545,15559,136175,8946,14704,50856,25790,65897,20425,51148,101540,113703,20531,13497,15172,41301,39513,18752,42006,87804,11876,77272,59999,16298,17644,97409,12167,19838,16260,17534,85594,87785,98923,13845,22291,40052,62881,14965,41506,22641,46614,17509,49927,111779,95416,41431,52663,17510,80621,50689,21080,66495,18761,46771,19165,16758,44824,78219,69384,34251,13042,13439,17046,51547,47292,40124,41780,20188,17735,47202,14353,34998,53053,58485,35144,49268,135912,137654,36362,16060,88618,16705,17793,27166,43064,120371,23526,52968,82496,48369
102013,21973,21567,74526,74223,16383,50017,14234,9436,136076,15058,69240,25126,60374,20054,50101,112617,105979,25398,15317,24460,43308,35188,16932,42586,80035,19457,67847,70704,18229,15534,85936,14941,17625,14097,17374,71168,83108,94021,14990,19491,43240,56594,18302,42733,17612,49112,14775,49445,98987,86352,42794,52347,16665,76624,51866,16433,57481,16994,67473,15187,24035,45713,77430,69537,33226,13236,13845,25484,50721,43407,36469,52743,24542,30138,42410,24036,36396,50490,55418,24149,51497,121846,141790,33124,16274,88104,23426,25930,26993,46755,118909,25408,51767,87668,45346
20562,18425,27762,37562,24712,16414,35475,6814,14236,15557,14140,62361,30193,25115,23804,60850,68209,16422,19128,34432,13350,34824,11920,23181,34159,23313,15991,30429,18230,15719,12722,12372,84715,19991,104127,14164,30001,18505,16567,98311,21370,32185,19758,11875,32992,22844,57265,19441,59813,19057,48626,31991,61004,41417,20011,59547,22767,35486,20244,30487,102669,24175,46189,25598,78382,18899,96224,98705,14109,63384,21763,44429,45710,15824,14504,34431,93745,27706,62337,13311,17404,37120,17596,16335,40619,22701,15700,16880,51712,87838,36976,18525,16870,66170,33509,54882
51203,16118,21753,57394,28128,13661,7410,35464,50011,45527,13392,52847,29734,52808,21020,53168,56622,33411,26285,33648,12588,33748,11932,20836,35827,22561,41075,29076,27194,14383,13174,26851,38088,16687,41275,31524,30313,25719,16120,43264,19954,36096,36766,11629,34863,19389,49110,17484,52762,43820,18418,32967,53396,18166,14956,52760,18502,51109,17074,32968,41185,19721,38292,23449,15241,19281,35919,38685,43325,52684,20018,41393,37533,42863,22733,33988,34006,28087,56070,39027,27154,41665,44047,40895,46389,20238,36432,43192,53909,19476,39191,45824,42496,54199,62871,45634
23957,72210,21038,44390,56970,11374,13665,16412,16378,17259,135213,68279,31873,27692,24588,68074,70391,15249,73453,14710,90897,48961,56853,14129,39372,30885,12216,36255,26815,130131,116857,17134,12452,13928,13249,109321,76578,35807,55604,15444,22692,42277,25010,114836,36842,14803,61394,16532,69966,20028,26219,37964,69709,15591,16770,67165,13903,40740,127382,38540,16700,15360,43277,26244,15687,20239,14828,17111,39152,69635,21900,49358,48436,28470,22817,33568,13803,33820,70580,19737,18402,50483,19755,19370,47694,18450,33577,33288,15318,22738,43219,24994,22512,72640,40779,62450
99659,79416,27686,473528,14372,56974,28130,24708,74209,80425,56524,57941,35475,71463,26203,62070,374541,82546,25982,20346,66433,307876,47057,25536,309506,90494,18346,384470,85260,58218,57546,88028,24256,22683,27795,34658,91071,95242,79090,24754,26803,282187,36428,55811,354700,25582,61698,28558,61331,76567,79247,374263,62400,22972,78028,60254,26443,426748,60389,362893,25774,23050,371222,365933,77552,27545,22367,22252,21893,62721,87791,42270,50258,30699,25778,355839,24826,350213,61876,26748,24031,388286,93056,85439,49786,23530,104093,29244,26448,32434,311366,89862,28351,61416,407535,54765
67631,47621,43008,42166,473611,44382,57400,37581,74476,68689,45222,70429,47177,866027,51847,68579,1117779,66684,48685,39246,73396,1647052,79556,48097,1703722,62815,33951,1266484,110560,48685,44395,57847,33758,44001,40313,46581,264735,58735,67404,38382,41960,1797059,809060,38512,1861180,40802,63741,40175,71353,67721,391842,2020329,66092,51629,49986,69169,37898,2134307,48408,1876892,41205,39332,2289706,752691,55214,51610,42161,45604,46252,69501,303888,56287,54852,46310,60109,1708089,39524,1365980,72098,84726,47569,2102024,72210,71284,57291,45131,60776,50616,42311,502037,2057188,97320,48975,65158,2323290,65469
26085,37858,13092,43009,27690,21044,21759,27778,21580,21986,22876,127253,156974,27669,154626,141678,97228,18839,58860,22293,23680,65717,28699,22560,35883,137800,28847,33768,59380,24535,23798,19210,21101,21911,26087,22199,82719,78306,24895,20184,164110,76530,26956,21896,35897,20763,110981,21548,122258,55608,23070,34038,141432,23024,25074,118273,24002,39005,22901,35408,25534,24320,40094,27375,24714,126311,22864,20645,23072,121264,85295,147788,153381,22360,20967,34986,22553,33793,120304,22852,78005,94669,22730,21963,130036,23715,25205,26487,20367,29648,96420,58514,27444,140949,38684,125016
23164,10028,37863,47601,79502,72213,16125,18420,21972,18553,78267,154834,44521,28235,35581,154621,65720,15876,46461,22577,75584,58032,26618,18981,68999,37750,15479,60950,29342,75545,59342,22720,13818,16625,16745,57204,147092,34010,19247,15203,34002,61962,22443,82902,66121,17414,143625,19121,154944,20554,22212,61493,142983,18834,19197,166156,17223,72545,76725,67200,17372,22094,42333,52889,18422,46977,13299,14710,43747,164516,20929,50767,54045,25536,34669,62958,15883,66182,156847,14763,17504,54319,17619,19113,158150,17482,23550,21845,22861,22958,43693,20428,32899,168873,41193,115367
10954,23169,26084,67634,100001,23959,51244,20537,102091,102206,18735,66304,39899,34691,26581,62805,132779,126098,36296,21224,55571,48752,24490,23740,52633,109459,80356,99267,130717,21464,20924,104511,16345,19118,17171,40928,91857,103351,107793,17460,26859,52920,36221,18681,49350,19813,60262,35949,59530,107807,98586,52806,67812,22801,111524,64452,36161,72909,25292,59870,19328,19972,88874,92623,93442,30072,16277,25501,85357,62335,37604,53818,54468,84625,68593,48820,18248,41518,68137,20643,38403,59144,115201,113576,44648,19912,178733,87062,33294,30333,123350,104542,85196,70709,54949,56755
