55847,55577,54613,56967,56433,54787,57037,59544,56088,54859,54758,58151,55878,56528,55013,58069,55944,57179,57620,53475,58804,56159,79578,58180,56919,57035,57458,57134,55342,56590,54960,54123,57217,56760,54857,59323,57580,54307,55929,55672,59891,53938,57135,59067,56179,57158,56885,56747,55900,71094,59185,58705,54260,58861,59290,58489,55322,57294,56977,57833,68072,57289,58050,55878,56173,59416,57277,57958,56735,57495,54095,54666,57175,56511,56642,56101,55599,56779,54357,56877,54620,55625,56928,56849,55331,55766,56701,58574,57525,55890,58200,55207,55668,58065,56022,0
57290,55949,55321,57114,54955,54897,55227,55897,56894,58069,54042,56106,59556,57351,54806,55754,57078,53832,58649,61860,56756,57503,74224,57870,57542,56954,53568,57857,63259,55857,56222,55955,55577,57259,57270,54507,59682,57261,56286,55493,58868,57577,54741,54383,56751,57621,57716,57085,56690,57066,56169,54959,60063,56637,56904,55814,56219,55471,58614,58241,59155,56209,56548,59204,55708,57134,56921,57955,56594,57995,55127,60410,62377,56158,66501,58130,61065,57051,55568,59742,56439,55831,57687,56020,54633,56472,54760,56379,55654,55455,57890,60495,53712,55846,0,56022
59937,58617,59150,59064,58937,59841,58248,56047,59129,58143,58890,58121,60768,57997,60277,55853,56558,60163,55254,61130,56245,54326,60198,57653,53542,55521,54489,56587,62500,54613,57175,59669,52683,56727,60364,55266,57869,60621,55973,59727,58282,59223,52814,52445,55400,58194,56586,57855,53134,59627,54564,56608,59351,54675,60754,57209,58198,55113,55930,57961,56415,56399,57143,58182,57645,59440,52556,53527,56076,55702,57729,60430,53125,68572,58751,60901,57453,57803,70432,56649,58921,57363,55301,56538,61101,55816,55610,56157,56496,54031,56239,59443,58720,0,55846,58064
63815,61187,58569,59267,65591,61178,63177,60321,58801,58962,64455,52619,63381,61764,63432,52789,53631,60066,52179,63133,57920,54059,64530,59590,57308,54027,54102,56675,61757,57667,60624,64517,53745,57171,61250,52040,57665,61616,55616,64426,57238,63329,52623,54574,53525,61451,55859,97416,52291,77765,52750,54313,59877,53029,57181,58604,57758,55118,56752,55746,57526,57317,55894,55272,54963,59572,52427,69965,55810,53873,63746,62563,63659,62500,62413,63013,52753,55958,62696,56745,61805,57056,52706,55388,62584,56662,58111,55446,54570,54818,54958,62953,0,58718,53712,55668
61300,60750,61275,59614,59024,59625,63049,56163,115022,57922,63803,56498,61707,63287,63230,54133,52973,58233,53818,60754,56736,55922,62928,56699,53014,53002,54268,54602,59896,54200,59800,62799,52114,56676,62463,54804,56818,62151,55776,62374,57997,63455,53573,53194,55885,59496,55514,52789,54488,54349,53885,57541,58628,53578,60887,59337,59455,53393,55539,60576,58556,56778,55118,58219,54580,59335,65290,55342,54102,54455,61036,62230,54983,58669,62421,60991,51914,55436,65148,57736,62112,57389,50637,55295,63124,55989,56050,53953,53567,53033,55528,0,62953,59443,60495,55207
53772,54089,56518,59913,56912,56198,53773,57845,56338,55623,54856,56557,53324,54203,53842,66912,56444,54259,60761,55257,58150,56410,53321,56228,57124,57513,55754,54980,54955,58407,54692,54146,59344,58774,54344,58058,54145,52386,54219,53725,58363,51040,56871,58508,56975,56773,55957,57062,60215,54383,59562,57260,55164,58292,56953,56861,55881,55319,59928,56341,57604,56967,55287,55136,55246,53945,57020,55464,56592,56894,52915,54019,56527,58233,54938,57223,56416,57647,56014,58409,53185,57646,54655,56997,57234,57054,58156,57772,55331,58015,0,55527,54958,56239,57890,58200
55209,52996,54511,55807,57318,54094,56372,55881,59296,58681,55744,54870,55692,55833,53867,57074,56874,55159,55410,54916,57125,56103,53822,57453,58638,55821,57844,55995,53370,56607,54241,56438,58682,58022,55532,58194,56605,55090,55017,55999,60237,54292,58436,57134,57541,57580,55759,56313,54538,56332,56534,58910,56034,54624,57124,58071,55249,55094,71591,54465,57925,54005,55427,57084,56464,58002,58147,55249,57767,55936,58316,57549,59183,56236,56537,54786,55276,56041,55953,58017,53172,56401,57070,55594,53869,55557,56293,55483,58242,0,58015,53032,54818,54031,55455,55890
54860,56169,54712,59540,53272,53075,56552,57199,53151,54083,51611,55382,55686,54568,55756,59749,58383,54089,56508,68851,55997,56341,54880,56865,57927,57119,59750,58542,52376,57463,54531,54389,57839,56586,59476,59411,56500,53605,57975,54308,57683,53815,56560,58992,57477,53563,57963,58274,59431,58710,56261,59808,54901,57377,54591,54655,55102,56412,56285,56006,56249,53597,57538,55342,54837,57096,58279,54508,59977,56166,51296,54998,58660,55746,53971,54200,58475,55469,53224,57618,54845,109889,56656,59382,58108,56571,57560,57283,0,58242,55331,53566,54570,56496,55654,57525
52506,53891,56370,58839,56620,56491,54178,56928,53324,54157,52706,57325,57274,55175,57160,57008,53662,53741,58617,54228,56505,57671,56456,57649,57663,54512,57678,58524,57152,56922,54032,55333,56613,56771,54606,58598,56874,54715,55328,52434,55831,56953,56387,57414,56151,55181,56397,57329,56356,56183,56904,58224,55536,57599,57007,56042,55710,57667,57126,54823,57361,54165,56896,69047,55310,55966,56562,56850,57910,56748,56536,54344,57999,55573,55139,55575,57553,54946,55309,54193,56817,55058,57025,59019,55734,54250,58305,0,57283,55483,57771,53953,55446,56157,56378,58575
55893,54508,64689,55697,55000,59086,56080,58941,59858,55514,57488,55087,55091,55082,54752,55266,55179,58854,57492,57098,58812,55968,55685,57624,58479,75448,57206,56777,56073,58640,57588,54122,54873,58086,53649,56503,61091,56026,56495,55666,55177,54200,59135,54313,56861,56516,58393,57361,57297,57611,54942,57314,55242,57958,56123,57105,58576,61190,58371,55508,56686,59109,56238,55931,56008,58551,76962,55853,56936,55709,54738,58216,56496,55569,57953,56653,54710,55903,54154,55367,53850,58116,57309,57217,56585,56486,0,58305,57560,56293,58156,56049,58112,55610,54760,56701
54984,56576,55650,57538,54675,58903,56779,58167,57581,59775,56562,55769,89772,56587,57904,58462,58672,56060,56082,56311,57281,57266,56816,58536,55100,55983,56440,56930,54576,57628,56843,54784,56561,57680,57061,59527,56856,56766,56989,57590,58561,54872,51181,55826,55454,146903,56809,57112,60322,60160,55409,61010,56001,54849,56463,55483,57404,57776,56949,56663,57665,57301,56904,56624,58113,56363,55804,58803,56609,55682,56853,57339,55469,57036,56205,55282,58664,59177,57072,58769,57473,58182,55855,59532,55207,0,56486,54250,56571,55557,57052,55989,56662,55817,56472,55766
59350,61022,63224,56830,60864,64299,62314,54896,58966,60428,63716,55786,65039,59296,63940,54134,52547,58617,54933,59354,55414,56516,62024,57037,57883,56594,55055,53369,59141,51631,67378,60007,54757,57655,62014,54177,55433,60281,54959,61820,57599,61455,54222,52656,58161,57162,58740,53941,54684,56549,54903,55019,59894,55024,61092,59607,58464,54332,59078,57656,57531,59507,57642,59058,55645,57841,53860,74646,55619,54999,58767,57989,53271,60740,60327,61537,53871,55638,61803,54455,60716,58189,54738,57671,0,55208,56582,55735,58108,53870,57234,63124,62584,61100,54633,55329
52884,54925,55846,58307,59745,55882,55910,58522,57943,56859,53792,56215,55032,57344,56448,56661,56695,56503,56058,54667,56024,56151,54982,58563,54482,57540,60461,57593,55559,58819,56132,53214,55963,56354,53475,55359,57698,57259,57525,54079,56034,52554,57760,57741,59235,55370,53973,56486,59436,58175,56770,57404,67953,58112,56493,56748,55317,58916,57253,57814,59457,57867,58500,57104,58257,53868,58537,57667,60542,56235,55744,55570,57533,56515,57942,57790,56715,54706,52718,55961,54756,59054,56486,0,57671,59532,57217,59018,59382,55595,56998,55295,55389,56538,56020,56849
54072,56096,51224,59626,55217,55637,52357,58255,53331,54798,54367,57074,54707,54715,54703,59773,55105,53244,56570,52197,57974,57226,52748,55468,56485,58996,57951,55502,54335,57743,53678,60442,58115,56085,53362,56456,58317,52032,56692,52023,56991,53223,56959,60249,63701,53103,56105,57429,56843,57283,55723,55995,54376,59547,52785,57094,54661,58106,54608,54597,57187,57941,56811,53603,58752,56786,56974,56921,58681,55940,52086,54655,56590,53122,52879,53718,57129,56095,55356,54761,53680,57183,0,56486,54739,55853,57309,57025,56656,57071,54656,50636,52708,55301,57687,56928
56731,57838,57404,56418,55680,56703,58058,58746,56596,57549,55510,56976,55412,53398,57309,55062,56396,56605,62220,57828,60440,56811,57203,55721,56299,55425,57025,56639,56049,54392,57514,74991,60230,57383,58271,55960,59026,56228,58170,57409,60481,60054,56887,56685,58196,58218,56186,55901,54873,57326,56430,55736,59365,59127,57351,58309,56031,55879,58089,56114,59041,55336,56846,56141,55270,56512,56181,56631,55933,56380,75937,58359,52971,56044,57118,58911,56407,57714,56046,57864,59344,0,57183,59054,58189,58183,58117,55058,109888,56403,57646,57389,57056,57363,55831,55625
58981,60413,60714,56161,61587,59575,62851,56236,58678,58538,62375,58994,60494,61115,60462,51677,55047,59654,54107,60475,54216,56619,58024,56130,55132,51493,50803,56568,59972,55059,60167,60302,53933,56415,61035,54037,58370,57950,53676,62085,56794,59473,53339,54594,54151,58822,58991,53930,54874,59530,54337,56291,64741,53278,60201,56153,57020,52335,58733,56840,57073,57352,55880,54474,54398,60627,54254,53789,58800,57637,57476,61562,54727,61072,60691,60508,53113,55546,59247,56052,0,59345,53680,54756,60716,57473,53850,56817,54845,53172,53185,62111,61806,58921,56439,54619
58027,56342,58526,58420,56752,59468,56782,58324,58375,57405,56741,57927,58795,57611,58239,55655,55899,56972,55639,58524,58826,58289,60064,57266,54806,54763,59270,55803,56731,56960,57949,57714,55235,57966,57050,55967,55343,58565,56734,57517,57411,57387,54288,56144,59367,57700,57849,57900,58365,54819,55341,56752,58127,55465,58288,56493,56631,55583,54465,57883,57406,55553,55492,58112,55979,57459,55163,57360,56616,55916,56956,56699,54836,57966,59744,55593,57510,56728,55488,0,56052,57865,54762,55961,54455,58769,55366,54193,57618,58017,58409,57736,56745,56650,59742,56877
63568,63096,60912,56035,58236,61655,67459,56242,57296,60187,98402,56299,62774,59051,64654,51298,53343,60454,74507,60812,52750,54064,63784,58080,55089,53420,53941,54102,63307,54179,63226,61740,50675,56444,60893,52564,58562,62222,56896,64662,57068,62529,55440,52508,55677,56458,56948,55925,54425,56975,54994,131951,60240,52180,58690,56664,55957,55031,57980,56420,53933,57045,53036,57357,53717,60754,54742,54291,55410,53051,63226,62333,54330,61230,61613,59665,56394,55305,2,55488,59247,56046,55356,52718,61806,57071,54152,55309,53224,55953,56013,65147,62696,70431,55567,54357
51559,57822,55148,57687,57958,57596,54985,52380,59011,56879,53235,56571,59373,55213,56122,58088,55397,58006,56531,54588,55457,56656,54689,56225,53673,57298,55257,54305,54742,57322,55266,57185,55847,55350,55627,57602,62298,57561,56461,56599,57891,56449,54221,55761,57191,57085,56992,56075,55888,58337,53935,58919,54361,59169,56798,54651,57120,57721,59795,56281,57631,57796,58389,54933,60835,54813,54666,57150,57746,59094,55744,93061,55127,55377,55281,58984,59444,0,55305,56728,55546,57715,56095,54706,55638,59176,55903,54947,55469,56040,57648,55436,55958,57803,57051,56779
53751,56254,56031,56471,53455,56031,54621,55804,55043,54018,54748,57079,54765,54223,54900,57474,56708,54173,53996,53913,57904,58703,53414,57562,58515,56514,56568,58456,52456,56503,52457,52790,59594,57843,54581,56992,55293,54999,56417,52360,56585,54656,58568,54811,57409,54838,56436,56038,56954,59247,56790,55695,54457,55170,55237,58114,55969,61575,57502,57745,56621,73909,55572,57526,58421,58177,56891,59100,55795,54277,52480,56243,56474,57144,63801,54612,0,59444,56394,57510,53112,56407,57129,56715,53871,58664,54710,57553,58476,55277,56416,51914,52753,57452,61065,55599
60374,61175,61469,54880,56070,60776,60542,56932,59588,57450,60714,58687,60269,62717,61497,54381,57691,59953,54022,60679,57900,55785,58998,56972,55305,52552,52406,55892,59989,54838,63125,59811,54569,54887,60857,58761,60222,60712,57405,62008,59089,59492,53654,53321,53825,56837,56810,59640,55180,58211,53769,57983,60684,55752,55836,58138,63709,56153,57651,55957,56338,57933,55955,56711,53442,60122,53114,56633,55792,56929,61242,61341,53963,61662,61480,0,54611,58983,59665,55593,60508,58911,53719,57790,61536,55283,56653,55575,54199,54786,57223,60991,63013,60902,58130,56101
66514,62218,60359,56561,60298,62362,61493,56310,61123,58956,63112,55750,60019,62291,60753,52966,54164,56613,56210,60169,56894,55845,63608,57255,56652,53502,53546,55345,60090,51188,60620,60471,52867,56357,59125,52931,55848,63639,56637,62168,57759,60374,53741,51548,56602,57112,56016,54133,53377,54874,51764,54859,62798,55650,60011,57238,58236,58407,160406,56999,57571,55346,54083,55561,54834,57968,54512,54181,56874,55107,57906,59277,53153,59690,0,61483,63799,55281,61613,59744,60691,57118,52879,57940,60326,56204,57952,55139,53971,56537,54938,62421,62414,58751,66502,56642
59147,59154,60688,55606,56469,61723,60938,57601,61147,63063,60928,58651,59878,69275,61507,54339,53600,57290,54493,58168,56239,57069,86809,58339,53967,52912,53842,56235,57387,53625,60572,59945,56357,56794,61306,52015,55261,60843,58857,58395,58078,59118,54083,55508,54256,56880,53313,55559,52473,57175,55901,58650,57298,56161,59958,58466,56943,53827,54366,58495,55693,57159,56770,58635,57284,66315,56197,55666,57628,52415,60630,57624,56147,0,59690,61662,57144,55377,61231,57967,61074,56044,53121,56514,60740,57037,55569,55573,55746,56235,58234,58669,62500,68572,56158,56509
54484,57867,55481,54247,57743,52268,55880,56557,58731,56716,53666,57877,53223,54151,52424,57360,56225,55264,55100,55756,59886,57620,57235,55397,58601,57024,58460,56854,54794,60004,54124,53787,58739,57111,54358,57195,54756,53052,54279,53656,56838,52794,57409,59168,58897,55152,56205,58156,57667,55261,57729,57171,54093,60077,54549,53757,55787,56024,58239,55402,56251,60017,57869,56804,55908,57614,56205,58311,56052,56161,54570,55506,0,56147,53153,53962,56474,55127,54331,54836,54727,52971,56590,57533,53271,55468,56497,57998,58660,59182,56527,54983,63659,53125,62377,57175
58782,60829,57930,104855,58846,60137,64573,58377,56853,56161,59025,56517,59835,58999,58760,53906,55468,62015,54234,58509,55258,56981,60617,55960,57283,55248,55367,55091,59991,52325,59107,58091,55430,57429,59282,55598,57378,60831,55678,62858,59506,60383,54973,51731,58022,57734,57537,59302,56513,58639,54684,55768,59474,55090,59377,58626,59118,55207,58342,55719,56284,57286,55678,58166,54599,60103,54306,55778,56579,53895,74152,0,55506,57625,59276,61341,56243,93061,62332,56699,61562,58358,54655,55571,57989,57339,58216,54344,54998,57552,54019,62230,62564,60429,60410,54667
61601,60198,61729,56790,58920,59560,61907,54944,60478,58403,62140,55253,58633,60183,62369,52973,52016,58868,52661,60499,52717,56978,61891,56123,55873,54205,54823,55770,60139,52525,60322,61430,55652,53398,58706,55112,57458,62747,54476,59823,54411,88320,54654,52931,54398,58599,55111,56435,55748,56985,54923,56288,61073,54350,58960,59387,58591,55248,57593,53999,56182,57540,54244,59066,56071,59280,60816,53295,54188,53182,0,74151,54569,60630,57906,61242,52480,55744,63226,56956,57473,75936,52086,55744,58768,56853,54737,56536,51296,58326,52915,61036,63746,57729,55128,54095
54472,54685,55680,55841,77236,54238,58426,54515,58939,56064,62933,61950,55979,56671,58318,56640,55704,56398,55127,57585,56346,56050,54291,59895,55236,54757,57626,57525,55970,57917,58140,55246,57443,57020,57087,54239,54751,58368,55482,56729,58127,54650,57495,56170,55703,54617,55383,54413,55668,55726,56629,59062,53264,53284,58222,56589,57215,56015,56558,58182,57675,60267,55214,58610,59356,57337,56472,56657,57363,0,53183,53895,56161,52415,55108,56930,54277,59094,53051,55917,57637,56380,55940,56235,55000,55681,55709,56747,56166,55937,56894,54455,53872,55702,57995,57495
56235,54685,56523,58633,56275,56479,55272,58789,57516,57986,57214,55401,52997,54372,55012,55575,54384,56353,57487,51815,56987,57834,65417,57708,57161,53778,53454,57123,56572,57797,56353,56074,55898,61771,53657,58461,54467,54702,57412,52514,57903,54713,56510,55975,58586,57253,59432,55975,55833,57998,54525,58121,54176,63806,56383,54395,57980,57691,55879,54316,55083,53928,54884,57461,54626,57371,57062,56359,0,57363,54188,56579,56053,57628,56874,55792,55795,57747,55410,56616,58800,55934,58681,60542,55619,56609,56935,57911,59977,57767,56592,54102,55811,56078,56594,56737
55251,53941,53672,58025,52147,56272,52067,58241,55038,55994,53511,56738,54810,53518,56597,58591,59975,56414,55507,51113,55917,55714,53352,56155,56610,56557,58170,56550,52319,58395,55659,52891,57067,56284,55334,56122,57781,54429,57321,51431,56869,52971,55945,60070,65201,54538,53931,54355,62081,59044,59024,54714,53098,56735,55348,54038,53987,58459,57944,57559,60410,56524,56809,53510,54865,55179,59927,0,56359,56656,53295,55778,58310,55666,54181,56633,59100,57150,54291,57360,53788,56631,56921,57667,74646,58803,55853,56850,54508,55249,55464,55342,69964,53527,57955,57958
52676,55237,55337,55509,53587,54760,53564,55600,54965,56596,50574,56635,54392,55024,52415,57666,55490,55078,68195,55925,65509,57515,52829,57150,53798,58472,57778,56781,54164,59000,52935,54577,57694,59067,55276,58186,59030,51693,55028,49924,55246,51608,57487,57003,55525,55284,56842,55753,57655,53365,57415,54640,52436,56594,54746,55062,55924,57981,53272,52953,58470,55963,56476,52546,56368,54633,0,59929,57062,56472,60816,54307,56205,56197,54512,53114,56893,54666,54742,55163,54253,56180,56974,58537,53860,55804,76962,56562,58278,58148,57020,65290,52427,52557,56921,57277
57719,56715,59230,59196,59053,57816,59830,57908,56569,59173,58455,57069,58432,57006,57899,53951,55117,58005,56576,55474,57251,58560,59185,61459,57499,58311,55912,55808,58941,56687,55925,59819,55764,58883,58955,58463,58713,58607,60270,57451,58529,61905,54703,53288,57633,59964,74161,54948,55870,58914,55023,56462,57711,56900,57414,56797,60394,55841,59311,58387,57881,56945,57399,58785,57278,0,54632,55178,57372,57336,59279,60102,57614,66315,57969,60122,58178,54813,60754,57459,60627,56514,56786,53868,57841,56363,58551,55966,57097,58005,53945,59335,59573,59440,57134,59416
53454,55989,65610,58965,57554,55174,53921,59722,57628,57184,53833,59020,65216,58289,81721,55394,56776,54787,58013,55928,56675,54993,53678,55438,57069,56027,56362,55838,53424,55894,57323,56905,56343,59577,56718,71062,55075,54086,57262,53189,55884,55170,56871,57268,57936,58161,55830,55073,54850,159994,70661,56496,57458,53808,56778,53677,57377,55509,54296,56322,57032,58804,52964,54256,0,57278,56366,54866,54624,59358,56070,54599,55909,57283,54833,53442,58421,60834,53716,55978,54397,55270,58752,58257,55645,58113,56007,55310,54838,56464,55246,54580,54963,57645,55708,56173
57500,57173,60455,55993,60620,58994,55563,57411,55636,58868,57856,57593,59640,57074,58036,53263,56116,57479,55667,59751,56766,57544,175148,56122,57952,54783,55556,58244,57638,55127,57350,59305,55535,57085,58602,69446,57182,59447,55891,57775,56552,58285,55101,54228,55207,57709,55404,57082,54198,55398,55021,57365,54912,54682,58912,57351,55746,55783,56887,56650,59625,57453,55550,0,54256,58785,52546,53509,57460,58610,59066,58166,56803,58635,55562,56712,57527,54933,57358,58112,54474,56141,53603,57104,59060,56624,55931,69048,55340,57086,55136,58220,55272,58182,59205,55878
155345,56965,56025,58093,55482,56955,56226,57096,55821,57656,54822,58614,57254,56866,54847,56993,57553,56474,57596,55156,58257,53908,56164,55170,59953,55867,55915,54903,71405,55996,54876,56134,58360,58822,56157,56095,58707,55425,57404,55635,57816,54635,58110,54627,56792,53251,56976,56915,57831,58509,58079,60213,57876,57930,56440,58558,57633,53789,58947,56193,55555,57090,0,55550,52964,57400,56476,56809,54884,55214,54244,55678,57870,56772,54083,55955,55572,58389,53036,55492,55880,56846,56812,58499,57643,56904,56238,56896,57538,55428,55287,55119,55893,57142,56548,58050
55786,56388,62280,58289,58945,58184,55794,56573,60066,56343,56295,58101,56484,57816,58509,55332,56747,55238,56525,61233,56550,57309,59376,58889,57644,56597,57237,57958,55272,67520,56025,59405,55475,57523,58375,56685,57125,55641,56469,55723,58484,56954,57232,58176,56337,57815,61863,55387,54406,57666,55373,56753,56699,55953,56555,56799,57311,56257,59807,58053,56322,0,57090,57453,58805,56945,55963,56523,53927,60267,57540,57286,60017,57158,55346,57933,73908,57796,57047,55551,57351,55335,57941,57867,59506,57301,59110,54165,53599,54005,56967,56778,57319,56398,56209,57290
53588,58124,56318,58424,55458,57067,53348,56670,58675,59553,57638,56378,53563,54331,56131,55779,56951,57736,57376,56409,57096,57707,54769,56196,57742,56482,55170,57224,55816,56309,55397,55322,54820,57241,59274,54911,57429,58870,57990,55319,57137,52586,57915,54905,58136,56961,59178,58480,57879,55651,57182,60432,57324,57876,59383,58497,53011,54836,56751,59141,0,56323,55555,59624,57032,57881,58469,60410,55083,57675,56182,56284,56251,55693,57571,56338,56621,57631,53933,57406,57074,59041,57187,59456,57531,57665,56687,57361,56249,57925,57604,58556,57526,56415,59154,68070
57784,60482,56141,56455,102851,59243,59704,60558,58206,58117,58287,55143,56844,54376,56987,55253,55570,57709,55281,56618,57436,56128,56150,59913,56930,53525,55398,55479,57955,57093,58626,59602,54562,55175,58414,55480,58238,57967,57323,56188,58010,58765,54877,53615,55482,56388,55748,57683,53351,56138,54448,57684,54932,55919,58477,56826,57366,55037,58684,0,59141,58053,56193,56650,56321,58387,52952,57559,54315,58182,53999,55719,55402,58495,56999,55957,57745,56280,56422,57884,56840,56114,54597,57814,57659,56663,55507,54824,56005,54466,56341,60576,55747,57961,58241,57834
57558,53791,59660,55260,57425,55868,59296,57781,58090,58768,59297,58136,54948,60727,55798,52977,55932,56832,56160,56126,56306,58202,54392,56148,57882,53926,53823,57890,57258,55593,54256,56548,56564,57909,58322,56181,79904,55765,56041,56813,55570,58013,54875,57074,58608,56279,57714,55491,52586,56685,55026,60114,56842,55239,58401,58100,56978,59154,0,58684,56750,59807,58947,56887,54295,59310,53272,57945,55879,56557,57593,58342,58239,54366,160408,57651,57502,59795,57981,54465,58734,58089,54608,57253,59078,56949,58371,57127,56285,71592,59928,55539,56756,55931,58614,56977
50569,55862,55842,55988,57381,54400,52191,57103,54650,55623,54396,58428,53277,56920,54348,58495,54850,53092,54860,50781,60045,56353,51700,55413,58024,59589,58232,57407,54710,56466,54269,53894,58072,54721,53458,54427,54765,51680,57410,60375,55618,53339,58176,56988,56224,55021,57630,56456,55935,55841,62090,57076,56754,55529,55989,57034,57449,0,59155,55037,54836,56256,53789,55783,55509,55841,57981,58459,57691,56015,55248,55208,56024,53827,58407,56153,61575,57721,55031,55584,52335,55879,58106,58915,54333,57776,61189,57666,56413,55094,55319,53393,55118,55114,55472,57294
55342,56645,58830,58022,60889,57189,60848,54587,59024,57205,59772,59270,58535,57051,59251,53266,56846,59538,55945,58010,56523,57056,58033,60859,56396,54911,56190,65213,56840,54893,58096,57452,56095,57677,59718,54443,55341,57269,54676,58996,58960,57099,51465,56545,54582,55680,57970,53276,60723,56721,53017,58877,59055,56170,56881,57803,0,57448,56977,57366,53011,57310,57633,55746,57378,60394,55924,53987,57980,57215,58590,59118,55787,56943,58236,63709,55967,57119,55956,56631,57020,56032,54661,55317,58464,57404,58575,55710,55103,55250,55881,59455,57757,58196,56219,55321
56311,57218,58056,57766,57658,57724,56294,56836,57654,55321,55567,56047,58431,60156,66362,56530,58406,57662,56211,57392,57513,57875,57410,58197,57116,55893,54718,56330,58856,58991,56736,58452,54959,56478,59880,57393,57987,59770,55145,55848,59040,57366,54682,52496,58274,57615,55585,55048,55870,57026,53853,55553,57284,56888,57035,0,57803,57034,58101,56827,58496,56800,58558,57349,53677,56797,55062,54038,54396,56590,59386,58626,53757,58465,57238,58138,58115,54652,56664,56493,56153,58309,57094,56748,59607,55483,57103,56042,54654,58070,56861,59337,58604,57209,55814,58489
59955,61307,60310,61824,59960,60033,62280,57768,57702,58959,58397,57749,56604,59924,59730,52331,51522,60279,56127,59612,55788,56823,57899,57837,55996,53973,54601,55707,58875,64413,59451,60387,55995,55881,58986,56282,56543,58312,56756,59303,59347,57540,57142,51946,56758,59053,59281,56900,51751,57724,55563,54501,60620,54685,0,57034,56881,55989,58401,58478,59383,56555,56440,58913,56778,57414,54746,55348,56383,58222,58960,59378,54548,59958,60011,55836,55239,56798,58689,58288,60202,57351,52785,56492,61093,56463,56123,57008,54591,57124,56953,60888,57182,60755,56905,59291
54310,53352,54556,58832,55347,51699,55497,55829,57054,53556,53703,69812,55522,53858,57417,58772,58572,53742,58017,54387,57853,56297,57303,56783,57236,67223,61313,58031,53654,60117,54315,53941,55858,55786,53141,58652,54723,71388,56521,51435,56166,52992,55906,61321,56589,54571,65084,55842,57423,54387,56373,60208,55349,2,54685,56888,56169,55529,55240,55919,57876,55953,57930,54682,53808,56899,56594,56735,63806,53284,54350,55090,60077,56161,55650,55752,55170,59170,52181,55465,53278,59127,59548,58112,55024,54849,57959,57599,57378,54624,58292,53578,53028,54675,56637,58861
61891,64375,62482,55790,62420,60340,63039,57257,60795,58606,62479,55957,64860,61864,62690,52158,55561,58863,56090,60112,55993,58016,63152,57402,54315,54017,52494,54243,62585,53123,60921,60245,52906,56143,60548,54209,57914,63876,56683,63282,56603,60826,55169,55596,55770,59157,55024,56233,56662,57781,52579,55803,0,55349,60620,57284,59051,56755,56841,54932,57324,56698,57875,54912,57455,57709,52435,53098,54176,53264,61073,59474,54093,57298,62798,60684,54457,54361,60239,58127,64739,59365,54375,67952,59893,55999,55242,55535,54900,56035,55164,58627,59876,59351,60063,54259
52414,54486,55807,57567,55598,56287,54889,57213,58161,56299,54979,57888,56973,55661,56769,56669,56720,55617,57439,54915,83168,55787,55940,55863,56701,56329,57862,57129,57721,55495,56064,56802,57550,57314,55261,57823,53459,55558,55199,53225,54533,56201,55827,57634,55977,59272,58095,58986,57804,57064,56364,2,55803,60208,54501,55550,58877,57077,60115,57684,60431,56754,60213,57364,56496,56462,54639,54714,58120,59062,56288,55767,57171,58651,54860,57983,55695,58919,131951,56751,56291,55735,55995,57403,55019,61009,57314,58224,59807,58912,57260,57543,54313,56607,54959,58705
54719,54943,54482,55739,55280,52905,54776,55438,56567,54062,53676,57897,53999,58579,56030,57458,59492,56622,57480,54605,55692,57806,54326,57391,59725,59807,58525,57527,54018,58173,54826,53368,55792,56797,55123,58893,55560,51963,55410,53238,55197,53970,55540,56330,57259,55976,53260,57348,57295,55812,0,56364,52578,56373,55563,53855,53017,62090,55026,54447,57182,55373,58079,55021,70661,55023,57416,59024,54525,56629,54923,54684,57728,55902,51764,53770,56790,53935,54994,55340,54337,56430,55723,56770,54903,55409,54941,56904,56260,56536,59562,53884,52750,54564,56170,59186
55837,58497,57520,57664,58924,55387,57009,55784,57280,64821,58127,57802,59578,58849,56530,54836,56884,56579,57666,56048,52990,59498,56332,56709,57337,54613,57773,64997,60124,55086,67379,58272,57616,56393,57491,65943,57318,57304,58174,58301,59528,59500,55455,55653,58846,60259,58060,57808,57436,0,55813,57064,57781,54387,57723,57026,56721,55841,56685,56138,55651,57666,58508,55399,159994,58914,53365,59041,57998,55726,56985,58638,55261,57174,54873,58211,59247,58336,56975,54818,59530,57326,57283,58175,56550,60160,57611,56183,58710,56332,54383,54349,77765,59628,57067,71094
53163,59271,54822,53637,52632,52454,53693,58335,54181,55746,52264,57609,51541,52027,50955,58317,56461,51113,57965,55611,56659,63767,52461,55871,54170,59080,58598,58156,54849,58371,54271,52443,60959,55928,52579,55847,57228,53667,55664,49268,55264,63738,57794,58368,54851,52317,57272,59172,0,57436,57295,57805,56662,57423,51751,55870,60723,55935,52586,53351,57879,54407,57831,54198,54851,55870,57655,62081,55833,55668,55748,56513,57667,52472,53378,55180,56954,55887,54424,58365,54874,54873,56843,59436,54684,60322,57297,56355,59431,54538,60215,54488,52290,53134,56690,55900
56570,56000,55295,55950,53641,52971,52384,58833,59762,58400,54943,55610,54627,52252,53082,56400,57621,56177,56884,52856,57545,56311,54566,54608,58681,53908,53333,57695,51940,75531,54352,54549,55659,56556,55379,56920,55963,54599,57753,52714,57980,58303,54604,56597,58546,55147,56085,0,59171,57808,57348,58985,56233,55842,56900,55048,53276,56456,55491,57682,58480,55388,56914,57082,55073,54949,55753,54355,55974,54413,56435,59301,58156,55559,54133,59640,56038,56075,55924,57900,53931,55901,57429,56487,53941,57112,57363,57329,58274,56313,57061,52789,97417,57856,57085,56747
53966,57553,55560,54424,54440,56386,54597,54873,58488,55217,57073,54089,56586,56707,56481,57743,58773,56216,55895,56073,56690,56325,54335,59783,56575,55884,58106,55228,52868,57786,61002,58214,56806,56163,55824,53971,57369,56036,56708,52043,55730,56615,56137,58587,55893,56410,0,56086,57272,58060,53260,58095,55024,65084,59281,55585,57970,57629,57714,55748,59179,61863,56976,55404,55830,74161,56842,53930,59431,55383,55111,57537,56205,53313,56016,56811,56436,56992,56948,57849,58992,56187,56105,53973,58740,56808,58393,56397,57964,55760,55957,55514,55860,56587,57716,56885
60716,60679,59082,63190,58286,84944,58820,54767,59020,57757,57297,57706,59534,56507,56802,56162,56041,57861,56063,56884,56911,55436,58850,57451,57032,52156,56010,55020,56423,56478,59601,58985,53230,56894,59022,54530,58652,58300,59217,61059,57161,60407,53972,54212,56709,0,56410,55148,52316,60259,55976,59271,59157,54571,59053,57614,55680,55021,56279,56389,56961,57815,53251,57707,58161,59964,55284,54538,57253,54616,58599,57732,55152,56880,57113,56838,54838,57085,56457,57700,58822,58218,53102,55370,57162,146903,56516,55182,53563,57580,56773,59495,61451,58194,57618,57158
54413,54292,55978,57302,54191,55081,53075,60306,55487,57708,52975,54932,55052,52386,52890,58436,55588,54058,58942,53441,56334,56072,54860,61189,56481,57685,56390,58312,52255,57147,55159,55789,58207,56295,56301,59269,55237,52816,55325,53603,58285,52558,56177,56164,0,56709,55893,58546,54850,58846,57259,55977,55770,56588,56757,58274,54582,56224,58608,55481,58136,56337,56792,55208,57937,57634,55524,65201,58586,55704,54398,58022,58897,54256,56602,53825,57409,57191,55676,59367,54151,58196,63701,59235,58161,55453,56861,56150,57477,57542,56975,55885,53524,55401,56752,56179
53302,52832,53041,53889,54374,55524,53594,55114,55405,55546,53341,58457,53343,55552,51400,57441,53931,53414,57043,51534,56297,54821,54374,62150,56950,58626,58850,57189,54647,55566,53361,51780,57791,56352,52386,56369,53202,51710,57285,54103,59258,50739,58893,0,56164,54212,58587,56598,58368,55653,56330,57634,55596,61321,51946,52496,56545,56988,57074,53615,54905,58176,54630,54228,57268,53288,57003,60071,55975,56170,52931,51730,59168,55508,51549,53321,54811,55761,52508,56145,54594,56686,60249,57740,52656,55827,54313,57414,58992,57136,58509,53194,54575,52445,54382,59067
51890,53643,54718,57280,55932,51492,51902,55640,53437,54523,53377,57369,52930,54972,53148,56495,57439,53566,56698,52259,56171,56008,54170,58646,60146,55781,56383,56340,54362,58228,54789,54445,56536,55103,52565,55954,57709,51090,55469,50549,55692,51388,0,58893,56177,53972,56137,54604,57794,55455,55538,55827,55168,55906,57142,54681,51465,58176,54875,54876,57915,57233,58110,55100,56871,54703,57487,55945,56510,57495,54654,54973,57409,54083,53742,53654,58568,54221,55441,54288,53339,56887,56959,57760,54222,51181,59135,56388,56560,58436,56871,53573,52623,52814,54741,57135
63482,60330,58588,58818,56670,58957,63290,55718,54173,59001,62850,54637,62776,59601,63400,53469,55159,58220,52764,58869,53791,80653,62776,56561,55386,54732,52593,55713,61641,51778,58587,62251,52224,56565,59877,53256,56086,60853,57307,62752,59026,2,51390,50741,52558,60407,56615,58304,63738,59499,53969,56201,60826,52993,57540,57365,57099,53340,58013,58764,52586,56954,54634,58285,55168,61904,51607,52969,54713,54649,88320,60383,52795,59117,60374,59492,54656,56449,62530,57387,59471,60054,53223,52554,61457,54870,54202,56954,53814,54292,51040,63455,63331,59223,57575,53938
54322,58533,55791,59000,58493,64711,57905,59085,56327,57613,60575,58596,56479,56325,53477,53794,58887,55645,56669,57815,55934,56896,56477,75172,58170,55761,54438,56049,56214,58812,56926,56066,54435,57939,56938,57410,55757,55118,57386,55967,0,59027,55692,59257,58286,57161,55729,57981,55264,59528,55197,54533,56603,56166,59347,59040,58960,55618,55570,58008,57137,58484,57818,56552,55884,58529,55246,56869,57904,58127,54411,59506,56838,58078,57759,59091,56585,57892,57068,57409,56794,60481,56991,56034,57599,58562,55177,55830,57682,60237,58363,57997,57238,58282,58869,59891
63977,59413,61710,56106,59197,62051,60939,56060,55652,55317,62565,57032,61887,59503,112870,54302,52412,57490,51863,60173,60826,56847,61003,55951,57327,50600,51660,56722,68527,51235,63340,60444,51869,57626,59405,54224,58217,63146,56907,0,55967,62752,50549,54104,53602,61060,52043,52714,49268,58301,53240,53225,63282,51437,59303,55848,58995,60376,56814,56188,55319,55722,55633,57774,53189,57451,49924,51430,52513,56730,59822,62858,53655,58395,62169,62007,52360,56598,64660,57518,62085,57409,52023,54079,61819,57592,55666,52434,54307,55998,53725,62374,64428,59727,55493,55671
54238,56260,54387,58084,55229,262697,51998,56850,55807,57275,54534,54402,56361,56115,54448,57682,59272,58343,57580,54437,101438,57393,58121,60410,56957,54651,58121,55783,55644,54534,54929,55093,57032,55573,55397,56449,56502,54785,0,56906,57386,57306,55469,57285,55325,59217,56708,57754,55663,58174,55410,55199,56683,56520,56758,55145,54675,57410,56041,57322,57991,56469,57405,55892,57263,60270,55028,57321,57413,55482,54476,55678,54279,58856,56637,57405,56417,56459,56896,56735,53676,58170,56692,57525,54959,56989,56495,55329,57975,55018,54220,55776,55617,55973,56286,55929
60795,62398,62492,55858,58859,60364,60318,54024,57923,59996,62023,56879,65888,61163,63646,52099,51888,58123,54761,62769,57856,55763,61803,55921,55414,50131,52545,56062,61874,50015,60745,61143,52097,56189,62884,49383,56974,2,54786,63145,55118,60853,51091,51710,52815,58301,56037,54599,53667,57305,51964,55557,63876,71388,58311,59769,57269,51680,55765,57966,58870,55641,55425,59447,54087,58607,51693,54428,54702,58368,62747,60832,53051,60843,63639,60712,54999,57562,62220,58565,57950,56227,52032,57259,60281,56765,56025,54716,53604,55091,52387,62151,61616,60620,57261,54307
56689,56191,57310,56591,58287,58193,58706,54940,59399,57429,55383,56682,55547,57414,57613,56883,55018,58585,52863,56001,56191,56429,58088,62170,58892,53045,55438,59403,56255,57574,55882,55656,56070,58250,56983,56317,2,56974,56502,58217,55757,56086,57709,53202,55237,58652,57369,55963,57228,57318,55560,53459,57914,54723,56543,57987,55341,54765,79904,58238,57431,57126,58707,57182,55075,58712,59030,57781,54467,54752,57458,57377,54756,55259,55848,60222,55292,62298,58563,55343,58372,59027,58316,57698,55434,56856,61091,56874,56500,56605,54145,56819,57665,57870,59682,57580
54211,53116,56617,54468,53793,53967,53246,56366,57096,55045,52782,55228,54985,56373,55769,56423,57176,54605,58330,53396,56565,55669,54239,55240,56912,54553,57887,59713,52065,56590,52948,54424,56928,56403,56152,0,56317,49383,56448,54222,57410,53256,55954,56369,59269,54532,53971,56921,55848,65943,58893,57822,54209,58651,56281,57393,54443,54427,56181,55480,54911,56685,56095,69446,71063,58463,58185,56122,58461,54237,55112,55599,57195,52015,52931,58761,56992,57601,52564,55967,54037,55960,56456,55359,54179,59527,56503,58598,59411,58195,58058,54804,52041,55266,54509,59321
62384,60525,60871,58284,60689,59797,62981,53935,57084,59978,64580,59201,61338,60326,62242,53941,54772,63832,62080,61995,55332,73524,62760,56743,58539,53886,55617,54786,61356,55641,61394,62549,50790,57218,0,56152,56983,62884,55397,59406,56938,59878,52566,52386,56301,59021,55824,55379,52579,57491,55123,55261,60548,53141,58986,59880,59717,53458,58321,58414,59274,58374,56156,58601,56718,58955,55276,55333,53657,57086,58706,59280,54360,61306,59125,60857,54581,55627,60893,57050,61032,58271,53364,53474,62014,57061,53649,54607,59476,55533,54345,62464,61249,60366,57270,54857
58417,55076,56920,54677,56843,56375,58382,66234,57785,57727,56136,59995,54852,55974,56667,54490,55791,55979,55425,56356,58734,58434,56713,57698,53686,56135,57195,54355,53871,56661,56729,55743,57690,0,57218,56403,58250,56189,55573,57626,57939,56566,55103,56352,56296,56895,56163,56556,55929,56393,56797,57314,56143,55786,55881,56476,57677,54722,57909,55175,57241,57523,58823,57084,59576,58884,59067,56284,61771,57020,53398,57428,57110,56794,56357,54888,57843,55350,56444,57966,56415,57383,56086,56355,57657,57679,58086,56772,56586,58023,58774,56676,57167,56727,57259,56760
52585,56226,52560,56604,55364,51870,51116,56518,55238,52391,51908,55875,52281,52441,50681,59898,58294,53063,84425,53313,57727,56740,52212,53161,56926,60040,58084,58216,53468,56114,53179,52292,2,57689,50790,56928,56071,52097,57031,51871,54435,52224,56538,57792,58207,53230,56806,55658,60959,57616,55792,57553,52906,55858,55995,54959,56095,58072,56564,54563,54820,55476,58360,55535,56345,55764,57694,57067,55898,57443,55652,55430,58739,56357,52867,54568,59595,55847,50675,55235,53933,60230,58114,55962,54757,56561,54873,56613,57839,58683,59345,52115,53745,52683,55577,57217
61918,61705,62328,57131,58801,60220,62285,57286,57402,59286,92489,57028,63156,63503,63619,54131,57976,61298,54491,63085,54503,57229,59514,59696,58941,54252,52030,54379,62012,57258,61572,0,52291,55743,62549,54424,55656,61143,55093,60444,56067,62251,54445,51780,55789,58986,58214,54549,52443,58272,53368,56802,60246,53941,60387,58452,57452,53893,56548,59601,55322,59406,56134,59304,56904,59817,54576,52891,56072,55244,61428,58090,53787,59944,60471,59811,52790,57185,61740,57713,60301,74991,60442,53213,60007,54784,54122,55332,54389,56438,54146,62798,64517,59669,55955,54123
63235,61548,58928,56975,59550,61867,60248,56784,58321,66180,62347,57230,63378,61911,62715,54846,56012,119694,55635,60456,57414,54312,75202,57455,56907,54479,49723,58239,62409,54762,0,61571,53177,56728,61394,52948,55881,60744,54929,63341,56926,58587,54788,53361,55159,59601,61002,54352,54271,67378,54827,56064,60921,54314,59452,56736,58095,54269,54256,58625,55396,56024,54876,57350,57324,55925,52935,55659,56353,58140,60323,59107,54125,60572,60620,63124,52457,55265,63227,57949,60168,57513,53678,56132,67379,56843,57587,54031,54531,54241,54692,59801,60624,57175,56222,54960
52438,54979,54827,57941,52773,53648,53637,57740,57136,55279,54384,57365,52966,55425,52836,58815,59600,53872,57147,55070,53795,55347,54711,58596,58520,58058,58832,53551,54493,0,54762,57258,56115,56661,55641,56591,57574,50015,54534,51235,58812,51778,58228,55566,57148,56478,57785,75531,58371,55087,58173,55497,53124,60117,64413,58991,54893,56465,55594,57093,56309,67520,55995,55127,55894,56688,59000,58394,57797,57917,52523,52323,60004,53625,51188,54838,56503,57322,54180,56960,55059,54392,57743,58819,51631,57628,58640,56922,57463,56608,58407,54202,57667,54614,55857,56589
66723,60697,58827,56861,57359,59838,61998,53147,54989,59453,64465,57058,61440,60965,62558,52801,54211,57263,54713,63939,52831,57163,61510,58550,53015,53815,53252,54157,0,54493,62407,62012,53469,53871,61356,52066,56254,61874,55643,68526,56215,61641,54362,54648,52255,56424,52869,51941,54848,60124,54020,57721,62582,53654,58874,58857,56839,54710,57257,57954,55816,55272,71405,57637,53425,58941,54165,52319,56572,55970,60140,59991,54794,57387,60090,59989,52456,54742,63307,56731,59971,56049,54335,55559,59142,54576,56073,57152,52376,53370,54955,59896,61757,62500,63259,55342
54443,54125,52027,53662,55415,53901,55249,57007,56245,58116,53496,57547,54385,55010,54208,57331,56293,55687,56547,52577,58109,59297,52873,59599,55980,56921,56991,0,54157,53551,58239,54380,58216,54356,54785,59713,59402,56063,55783,56722,56048,55713,56340,57189,58311,55020,55228,57695,58154,64997,57526,57129,54243,58030,55704,56330,65213,57407,57890,55480,57224,57958,54903,58244,55838,55809,56781,56550,57123,57525,55770,55090,56854,56235,55346,55893,58456,54305,54102,55803,56568,56639,55502,57592,53370,56931,56777,58526,58542,55994,54979,54602,56676,56588,57856,57134
52137,54775,54573,56001,50355,51773,78956,57981,54871,56366,51888,61357,55602,53735,52696,56177,55310,54125,56759,51405,57526,54656,64002,55896,60518,57582,0,56990,53250,58832,49723,52030,58082,57195,55617,57887,55438,52545,58119,51661,54438,52592,56383,58850,56390,56010,58106,53334,58598,57772,58525,57862,52494,61313,54601,54718,56189,58232,53823,55400,55170,57237,55915,55556,56362,55912,57778,58170,53455,57626,54823,55367,58460,53842,53546,52406,56568,55257,53942,59271,50803,57025,57950,60461,55055,56440,57206,57677,59750,57843,55754,54268,54104,54490,53568,57459
52492,54808,56000,57357,54768,52714,53577,56026,57558,58266,55910,54438,51938,55147,52778,60744,58567,53382,55715,52899,54522,56533,50265,55266,56048,0,57582,56921,53815,58058,54478,54252,60040,56135,53886,54553,53045,50131,54651,50600,55761,54732,55781,58626,57684,52156,55884,53908,59079,54612,59808,56330,54016,67222,53973,55893,54911,59590,53927,53525,56484,56596,55867,54784,56027,58311,58472,56557,53778,54757,54205,55248,57023,52912,53501,52552,56514,57298,53420,54763,51493,55425,58996,57540,56595,55983,75448,54510,57119,55821,57513,53004,54027,55522,56953,57035
55014,55999,58212,56772,55021,53394,56633,54357,57900,57880,56001,57864,55340,55207,55138,57764,57066,55132,55389,54513,57437,59240,56205,60324,0,56047,60518,55979,53015,58519,56906,58941,56926,53685,58539,56911,58891,55414,56957,57326,58171,55384,60146,56950,56481,57032,56578,58680,54170,57337,59725,56701,54315,57236,55995,57116,56395,58024,57882,56930,57742,57644,59952,57952,57069,57499,53799,56611,57162,55236,55873,57283,58601,53967,56652,55305,58515,53673,55088,54806,55132,56298,56485,54483,57884,55100,58478,57663,57927,58639,57125,53015,57308,53541,57543,56918
58768,56244,57740,56799,59979,56673,56596,58938,58420,57439,55300,58027,59235,57840,58050,56027,56341,56819,56901,61655,56785,55553,54865,0,60323,55266,55896,59600,58551,58596,57455,59695,53161,57698,56743,55240,62170,55922,60411,55952,75172,56561,58646,62150,61187,57451,59783,54607,55871,56709,57391,55865,57402,56783,57837,58196,60858,55414,56147,59913,56195,58888,55170,56121,55438,61459,57150,56154,57708,59895,56123,55960,55396,58339,57256,56972,57562,56225,58080,57265,56128,55720,55468,58564,57037,58536,57624,57649,56865,57452,56227,56699,59589,57653,57870,58180
63465,61418,60325,58014,60342,59213,61405,55947,54045,55857,63322,56792,61988,61436,65043,53056,55082,61331,54787,61861,56282,55443,0,54865,56205,50265,64001,52872,61511,54709,75201,59514,52212,56714,62760,54239,58088,61802,58121,61004,56477,62776,54169,54374,54860,58850,54335,54566,52461,56333,54326,55938,63154,57303,57900,57411,58033,51700,54393,56151,54770,59376,56164,175149,53678,59185,52829,53351,65416,54291,61890,60617,57235,86810,63608,58998,53414,54688,63788,60063,58023,57203,52748,54982,62023,56816,55685,56456,54879,53822,53322,62928,64532,60198,74224,79578
53881,57552,55476,56245,65780,58773,58192,58921,63869,57998,67821,57219,58206,56731,57212,53612,55530,55540,55973,54673,58765,0,55443,55553,59240,56533,54654,59296,57162,55347,54312,57229,56740,58432,73525,55669,56429,55763,57393,56848,56896,80653,56007,54821,56073,55437,56325,56311,63767,59497,57806,55787,58015,56297,56822,57875,57055,56353,58203,56128,57708,57309,53908,57544,54993,58560,57515,55714,57834,56050,56977,56981,57620,57068,55846,55785,58703,56657,54065,58289,56619,56811,57226,56151,56518,57266,55966,57672,56341,56102,56409,55921,54059,54328,57503,56159
55782,54927,57802,57356,57244,56588,54627,57899,63939,54404,55788,55961,58339,55681,55411,57516,57113,56013,57147,53638,0,58765,56282,56785,57436,54521,57527,58110,52831,53795,57415,54506,57727,58734,55332,56565,56190,57856,101438,60827,55934,53790,56171,56297,56333,56911,56690,57544,56659,52992,55692,83167,55992,57853,55788,57513,56523,60046,56306,57436,57096,56551,58257,56767,56675,57253,65508,55917,56988,56345,52717,55258,59887,56239,56893,57900,57904,55457,52749,58825,54216,60439,57973,56025,55415,57281,58812,56505,55997,57126,58150,56736,57920,56245,56756,58804
60187,59413,61262,56115,59241,60505,62530,57871,59140,57653,62861,60124,62169,62201,62592,51170,51314,58636,62362,0,53637,54674,61862,61656,54513,52899,51403,52577,63938,55068,60455,63085,53313,56356,61994,53396,56001,62769,54437,60174,57814,58870,52259,51534,53441,56884,56073,52856,55611,56048,54605,54915,60113,54388,59612,57393,58010,50781,56125,56618,56407,61233,55156,59752,55927,55473,55925,51113,51815,57586,60499,58508,55756,58168,60170,60681,53914,54588,60812,58524,60476,57828,52198,54667,59352,56311,57098,54228,68851,54916,55257,60754,63133,61129,61860,53475
64645,53401,55075,55552,56572,52508,52915,57563,56525,53163,54241,56454,56274,54166,55269,57662,57708,56522,0,62363,57147,55973,54787,56902,55389,55715,56759,56547,54713,57147,55635,54492,84426,55425,62080,58331,52862,54761,57581,51864,56669,52765,56698,57043,58943,56063,55894,56883,57966,57666,57480,57439,56089,58018,56127,56212,55945,54861,56160,55282,57377,56525,57597,55667,58013,56576,68195,55508,57488,55126,52661,54234,55100,54493,56211,54023,53996,56531,74507,55639,54106,62220,56570,56058,54933,56082,57493,58617,56508,55410,60761,53818,52179,55254,58649,57621
58245,58227,60258,58237,88613,60216,63614,55399,58279,59089,60839,75672,59447,56994,58328,53199,56340,0,56522,58635,56013,55540,61330,56819,55132,53382,54125,55688,57264,53872,119698,61299,53063,55979,63832,54605,58586,58123,58343,57490,55645,58219,53566,53414,54059,57862,56216,56177,51113,56579,56622,55616,58863,53742,60279,57662,59536,53092,56832,57709,57736,55238,56474,57480,54786,58005,55079,56414,56353,56397,58868,62015,55264,57290,56612,59953,54172,58006,60454,56972,59654,56605,53244,56503,58617,56060,58854,53741,54089,55159,54258,58233,60066,60163,53832,57179
52691,55856,52934,55669,54518,55349,55827,56271,57368,53968,52459,54944,53345,55030,53390,58009,0,56339,57708,51314,57113,55530,55082,56340,57066,58567,55310,56292,54211,59600,56012,57976,58294,55791,54772,57176,55018,51889,59272,52412,58888,55159,57439,53932,55588,56039,58773,57620,56461,56884,59492,56720,55561,58572,51522,58406,56846,54850,55932,55570,56951,56747,57552,56116,56777,55115,55490,59975,54384,55704,52016,55468,56225,53600,54164,57691,56708,55398,53342,55899,55046,56396,55105,56695,52546,58672,55178,53662,58383,56874,56444,52974,53631,56558,57078,55944
53538,53333,53005,55689,54958,52147,51808,56680,54796,53903,54447,54914,68923,53380,52827,0,58009,53199,57662,51170,57516,53612,53056,56026,57764,60744,56177,57332,52800,58815,54846,54131,59898,54489,53942,56422,56884,52100,57682,54302,53794,53469,56495,57441,58436,56162,57743,56400,58317,54836,57458,56669,52158,58773,52330,56531,53265,58495,52977,55253,55779,55332,56993,53264,55394,53951,57666,58591,55575,56640,52973,53906,57360,54339,52966,54381,57474,58088,51298,55654,51677,55062,59773,56660,54133,58464,55265,57008,59750,57075,66913,54133,52789,55853,55754,58069
64319,60493,61705,56892,61281,61129,64204,54910,59908,57529,65929,132544,63420,59767,0,52827,53390,58326,55269,62592,55411,57212,65044,58050,55138,52778,52696,54206,62558,52836,62714,63618,50681,56667,62242,55768,57613,63646,54448,112872,53476,63400,53149,51400,52890,56803,56482,53082,50954,56527,56032,56769,62690,57416,59730,66362,59252,54349,55797,56987,56131,58506,54848,58036,81721,57899,52415,56597,55012,58318,62368,58760,52424,61506,60752,61497,54900,56122,64655,58239,60461,57309,54701,56448,63940,57904,54752,57160,55756,53868,53841,63231,63432,60277,54806,55014
59245,63654,60119,57297,58538,61282,61858,55367,60104,58543,64151,56655,60219,0,59767,53380,55030,56995,54166,62202,55681,56731,61436,57840,55207,55148,53735,55010,60965,55425,61912,63503,52441,55975,60326,56373,57414,61164,56115,59504,56325,59601,54972,55551,52385,56507,56707,52252,52027,58848,58579,55661,61865,53859,59925,60156,57051,56920,60727,54376,54332,57817,56866,57074,58289,57006,55026,53518,54372,56670,60184,58998,54151,69274,62292,62719,54222,55213,59051,57611,61116,53399,54716,57344,59296,56587,55082,55176,54567,55833,54204,63286,61765,57996,57351,56528
59696,59630,60820,58656,62533,60155,60824,55855,56831,56556,65255,56644,0,60220,63420,68923,53345,59448,56274,62170,58339,58205,61989,59235,55340,51938,55601,54384,61441,52965,63378,63155,52281,54852,61338,54985,55547,65887,56363,61889,56479,62775,52930,53344,55052,59534,56587,54626,51542,59577,54000,56973,64862,55522,56605,58430,58535,53277,54948,56844,53563,56484,57254,59639,65217,58431,54392,54809,52997,55978,58633,59835,53222,59879,60020,60269,54765,59373,62774,58794,60494,55412,54707,55032,65039,89771,55091,57274,55686,55693,53324,61707,63382,60768,59556,55878
55001,64459,56151,57760,58016,57260,56027,57106,57823,57337,53040,0,56644,56655,132546,54913,54944,75672,56454,60124,55962,57219,56793,58027,57865,54439,61357,57548,57057,57365,57230,57029,55875,59996,59201,55228,56682,56878,54401,57032,58597,54637,57369,58457,54932,57706,54089,55611,57609,57802,57897,57887,55959,69812,57750,56047,59270,58428,58136,55143,56377,58102,58614,57593,59020,57069,56635,56738,55402,61949,55253,56517,57876,58652,55750,58687,57079,56571,56300,57927,58995,56976,57075,56216,55787,55769,55087,57325,55382,54871,56556,56498,52619,58121,56105,58151
64537,61141,64612,55749,60913,61794,65083,56479,57574,57377,0,53040,65255,64151,65930,54448,52459,60838,54242,62863,55788,67821,63321,55300,56001,55910,51888,53496,64466,54382,62348,92488,51908,56136,64580,52783,55383,62023,54534,62565,60575,62851,53377,53340,52975,57297,57073,54943,52263,58126,53676,54979,62479,53703,58397,55568,59772,54396,59297,58287,57638,56295,54822,57856,53831,58455,50575,53511,57213,62932,62140,59025,53665,60928,63112,60714,54748,53235,98402,56742,62375,55511,54367,53791,63717,56563,57488,52706,51612,55745,54857,63804,64454,58891,54042,54758
56855,57458,57360,56969,58746,56220,56797,56753,58163,0,57376,57338,56556,58542,57529,53903,53968,59089,53163,57653,54404,57998,55856,57440,57880,58266,56366,58115,59453,55279,66180,59285,52391,57727,59978,55045,57429,59996,57275,55317,57612,59000,54524,55545,57709,57757,55219,58402,55746,64822,54062,56300,58606,53555,58959,55321,57205,55623,58768,58117,59554,56343,57656,58868,57184,59173,56596,55993,57985,56064,58404,56162,56716,63062,58956,57449,54018,56878,60189,57405,58538,57548,54798,56859,60430,59776,55514,54157,54082,58681,55624,57922,58962,58142,58069,54860
60640,58869,59152,58239,60275,61047,57766,73344,0,58163,57574,57823,56831,60102,59910,54795,57369,58279,56525,59139,63939,63869,54045,58421,57900,57558,54871,56245,54990,57136,58321,57402,55238,57785,57084,57096,59398,57923,55807,55652,56327,54173,53440,55405,55487,59022,58488,59763,54181,57280,56567,58161,60795,57053,57702,57653,59025,54651,58090,58206,58675,60064,55819,55636,57628,56568,54965,55039,57516,58939,60478,56853,58731,61147,61124,59589,55043,59011,57296,58375,58677,56596,53331,57943,58966,57581,59857,53324,53151,59298,56338,115023,58801,59129,56893,56088
53945,56620,57480,58411,55253,55015,56142,0,73344,56753,56479,57106,55855,55367,54910,56680,56270,55398,57563,57871,57899,58921,55947,58938,54357,56026,57982,57005,53146,57740,56781,57286,56519,66234,53935,56366,54939,54024,56850,56061,59086,55718,55641,55114,60306,54767,54873,58833,58335,55785,55438,57213,57258,55829,57768,56836,54587,57103,57781,60559,56670,56573,57096,57411,59722,57908,55600,58241,58789,54517,54944,58377,56557,57601,56310,56932,55804,52382,56242,58324,56236,58747,58254,58522,54897,58167,58940,56928,57198,55881,57845,56163,60320,56047,55896,59544
60384,61531,62226,55863,60546,74854,0,56143,57766,56797,65084,56028,60823,61859,64204,51808,55826,63614,52915,62529,54627,58192,61406,56596,56633,53577,78956,55248,61998,53637,60247,62285,51115,58382,62980,53245,58706,60318,51997,60939,57905,63290,51902,53594,53076,58819,54597,52384,53693,57009,54775,54889,63039,55497,62279,56294,60848,52191,59295,59703,53347,55791,56226,55562,53921,59830,53563,52067,55272,58426,61907,64574,55880,60939,61493,60541,54621,54984,67460,56780,62851,58058,52356,55909,62314,56779,56079,54177,56551,56372,53773,63047,63178,58247,55227,57036
84899,59627,61057,58862,60770,0,74854,55015,61047,56219,61794,57260,60154,61281,61128,52147,55349,60216,52508,60504,56588,58773,59212,56674,53393,52714,51773,53901,59837,53648,61867,60220,51869,56375,59797,53967,58197,60365,262698,62051,64710,58957,51492,55524,55082,84943,56386,52971,52454,55387,52905,56287,60339,51699,60033,57724,57189,54399,55868,59244,57067,58187,56955,58995,55175,57816,54760,56272,56479,54238,59560,60137,52268,61723,62362,60776,56031,57596,61658,59468,59575,56703,55637,55882,64299,58903,59086,56492,53075,54093,56198,59626,61178,59841,54898,54787
61323,59919,59673,55504,2,60770,60546,55254,60275,58746,60913,58016,62532,58538,61281,54958,54518,88614,56572,59242,57244,65780,60341,59979,55021,54768,50355,55416,57359,52772,59551,58802,55365,56844,60690,53793,58288,58859,55229,59198,58493,56671,55932,54373,54191,58286,54440,53641,52632,58925,55280,55598,62419,55347,59959,57657,60889,57381,57425,102851,55457,58945,55482,60620,57555,59053,53586,52147,56274,77235,58920,58846,57743,56469,60298,56070,53455,57958,58237,56752,61587,55679,55217,59745,60864,54675,55000,56620,53272,57318,56912,59024,65592,58937,54955,56432
57224,55036,60241,0,55504,58862,55863,58410,58240,56969,55749,57760,58656,57297,56892,55689,55669,58237,55552,56114,57356,56244,58014,56799,56772,57357,56001,53661,56862,57941,56976,57131,56604,54677,58284,54468,56591,55859,58084,56106,59000,58818,57280,53889,57300,63191,54424,55951,53637,57664,55739,57566,55790,58833,61823,57766,58022,55988,55260,56455,58424,58289,58093,55993,58966,59196,55509,58025,58633,55843,56790,104854,54247,55606,56561,54880,56471,57686,56033,58420,56161,56418,59626,58307,56830,57538,55697,58838,59540,55808,59913,59615,59267,59064,57114,56968
59522,61229,0,60241,59674,61057,62226,57480,59153,57359,64613,56151,60819,60119,61706,53005,52934,60258,55076,61262,57801,55477,60325,57740,58212,55999,54574,52027,58827,54827,58927,62328,52560,56920,60869,56618,57310,62492,54387,61711,55791,58588,54718,53041,55978,59082,55560,55295,54822,57519,54482,55807,62481,54556,60312,58055,58830,55842,59660,56141,56317,62279,56025,60455,65609,59230,55337,53672,56523,55680,61730,57930,55481,60689,60359,61469,56031,55148,60913,58525,60714,57404,51224,55846,63224,55650,64689,56370,54714,54510,56518,61275,58568,59150,55321,54613
61888,0,61229,55036,59918,59627,61532,56620,58868,57457,61141,64459,59628,63654,60493,53333,55857,58227,53401,59413,54927,57552,61418,56245,55999,54807,54775,54125,60697,54979,61548,61706,56226,55074,60525,53116,56191,62399,56260,59413,58533,60329,53643,52832,54292,60680,57552,56001,59270,58497,54944,54485,64375,53352,61308,57219,56645,55861,53791,60482,58125,56388,56965,57172,55990,56715,55237,53941,54686,54685,60197,60830,57867,59155,62219,61176,56254,57822,63096,56342,60412,57840,56096,54923,61023,56577,54508,53891,56168,52997,54089,60751,61187,58617,55949,55577
0,61888,59523,57224,61323,84899,60384,53945,60640,56856,64537,55002,59696,59243,64319,53538,52690,58245,64645,60187,55782,53881,63465,58768,55014,52492,52137,54444,66722,52437,63235,61918,52585,58415,62384,54212,56689,60794,54237,63977,54321,63483,51890,53302,54413,60716,53966,56570,53164,55837,54719,52414,61892,54310,59956,56310,55342,50569,57558,57784,53587,55786,155345,57501,53454,57718,52676,55251,56235,54471,61601,58783,54485,59147,66513,60372,53750,51558,63568,58028,58981,56731,54071,52884,59350,54984,55893,52506,54858,55208,53772,61300,63816,59938,57290,55847
