2925511,2631155,2959591,2908586,2196922,2246224,2537136,2239958,2246959,2242606,2236938,2124990,2161876,2135848,2143712,2190521,2219049,2186030,2623786,2121600,2146060,2569741,2961863,2773759,2564436,2158418,2147261,2042395,2271184,2280604,2322548,2347149,2314609,2291768,2361175,2299960,2220926,2039381,2108636,2212962,2056647,2086881,2192263,2364403,2963339,2965115,2280825,2200876,2255771,2299504,2237563,2172157,2960005,2663747,2104307,2886627,2140560,2213057,2114287,2179698,2970890,2177816,2854298,2579244,2439562,2222469,2759664,2585256,2225332,2153969,2207965,2150955,2963000,2388525,2159710,2199925,2200217,2206549,2149516,2028647,2218905,2138404,2152487,2172372,2975856,2355243,2328311,2286523,2243942,2406513,2301596,2316340,2853085,2944416,2938830,94
2988397,2613670,2991323,2973337,2180719,2240103,2532769,2228636,2223760,2232454,2215717,2112996,2145186,2133755,2150024,2203043,2220287,2178327,2617095,2129868,2163415,2540588,2985013,2785668,2556608,2136617,2146215,2036004,2262297,2270191,2303035,2329555,2305439,2284387,2360675,2286732,2221277,2038695,2112540,2199042,2057520,2082882,2186546,2352538,2990243,2988848,2280894,2188509,2249922,2287013,2248743,2165328,2992528,2645085,2082490,2876368,2141426,2207144,2101443,2177726,2983939,2167983,2839614,2572055,2444651,2235759,2787318,2596007,2236910,2152766,2201488,2140147,2997054,2375002,2152715,2184384,2191507,2185763,2138319,2026214,2201725,2128214,2149671,2171853,2987884,2336116,2305246,2284255,2246930,2379595,2285217,2296249,2847611,2968126,78,2938941
3017279,2620833,2973458,3009835,2183627,2243872,2531990,2226148,2231903,2229332,2223830,2113801,2152506,2140882,2145333,2195298,2232700,2191265,2619289,2123952,2143569,2537575,2997867,2764480,2543845,2140372,2146930,2035151,2272905,2275408,2301972,2344407,2290770,2291625,2345595,2277824,2234060,2041865,2111859,2199536,2065222,2092248,2182186,2362949,3004918,3011975,2278029,2192119,2257913,2275050,2231847,2172926,3006250,2668553,2097622,2857553,2137473,2325880,2110306,2181034,3020561,2166670,2877141,2569832,2433739,2239139,2797395,2588919,2226847,2140837,2213625,2137838,3024610,2374460,2155767,2187314,2183381,2205716,2130748,2029710,2213798,2123854,2149169,2154252,2989480,2345184,2320340,2293210,2243725,2387427,2290972,2304907,2850528,102,2968111,2944514
2829254,2639278,2890224,2820642,2198290,2270990,2556282,2253217,2244070,2236618,2277440,2137647,2164240,2157073,2165583,2197873,2219857,2190663,2616488,2143962,2196985,2563025,2868538,2826527,2555381,2179740,2175148,2056136,2285023,2310838,2326597,2366243,2322817,2321311,2382155,2313077,2214428,2070105,2125042,2227458,2094953,2125821,2207988,2393499,2849377,2841276,2302353,2218694,2286271,2333071,2275590,2201974,2865818,2655463,2118913,2896151,2175436,2223105,2152849,2192682,2862026,2192607,2851370,2619932,2458390,2265616,2787514,2612984,2258286,2184987,2235250,2164254,2854522,2393432,2169456,2223098,2215438,2238310,2155282,2055323,2219705,2155119,2154020,2191817,2864655,2366857,2324164,2301345,2265514,2399702,2325600,2332153,82,2850397,2847823,2853110
2291269,2486586,2320597,2287537,2339084,2380847,2536972,2463774,2359498,2355228,2543597,2332665,2292876,2301417,2368572,2313792,2341442,2345142,2492003,2266302,2364733,2516973,2297695,2406597,2515285,2443045,2329608,2239063,2528343,2464965,2514231,2515865,2466999,2482553,2511840,2543535,2361276,2200805,2238123,2344336,2225148,2257872,2326930,2571902,2304597,2305172,2486168,2370071,2437625,2528661,2433537,2363432,2304334,2475966,2310839,2367934,2351435,2401890,2348257,2364758,2312552,2411670,2369713,2502230,2574722,2456578,2395780,2496065,2493263,2286671,2350543,2308644,2311127,2551209,2301639,2336393,2343015,2427025,2298719,2184540,2357101,2385999,2290707,2419725,2291530,2509838,2455046,2455353,2515851,2548417,2462125,60,2332155,2304928,2296294,2316395
2270311,2415675,2320705,2257395,2346559,2428934,2435535,2473471,2399761,2390159,2545949,2366574,2304154,2328111,2381468,2345272,2365886,2363570,2409131,2291811,2397086,2438902,2299051,2381812,2418810,2480645,2368763,2272747,2546143,2503446,2527830,2523864,2495059,2505012,2516535,2520797,2387615,2239761,2274142,2370093,2249058,2289370,2377830,2504212,2298482,2295410,2517798,2401973,2470899,2529802,2475178,2408222,2301632,2404778,2344641,2357432,2388706,2432342,2366212,2401365,2306044,2435673,2348330,2429073,2458854,2490294,2370014,2432623,2533376,2325320,2373195,2332780,2302048,2494008,2328285,2362409,2360553,2465001,2339386,2222279,2377816,2404691,2302059,2455204,2282707,2484292,2496836,2493367,2509972,2456478,28,2462083,2325604,2291006,2285251,2301584
2389470,2498589,2398709,2376891,2309540,2382977,2528720,2418509,2358863,2354624,2502948,2308125,2273511,2294763,2348351,2308705,2325967,2325467,2510400,2241990,2334408,2539130,2386904,2453189,2521854,2412276,2314881,2205416,2499568,2445405,2478668,2500299,2443735,2451689,2496090,2510139,2353705,2187346,2240802,2325082,2213220,2245851,2322866,2542970,2403390,2407722,2460045,2371731,2426004,2487490,2408149,2353041,2401233,2500977,2295717,2434830,2332945,2379571,2311975,2328307,2402183,2378462,2446669,2509081,2546690,2437080,2458463,2523143,2464624,2273835,2334083,2301100,2398063,2522091,2289493,2316707,2327851,2395922,2304107,2173238,2336621,2349900,2272239,2380703,2377566,2505674,2462228,2456817,2492193,50,2456560,2548396,2399674,2387415,2379612,2406487
2244787,2391778,2268627,2223890,2357182,2432750,2461660,2481956,2401665,2401342,2578081,2368697,2321333,2329321,2390585,2340049,2375865,2373174,2402849,2300070,2388894,2447394,2233705,2316153,2436551,2493506,2364451,2282312,2575587,2515445,2536682,2546841,2496835,2511114,2544353,2575159,2401335,2244945,2297665,2375672,2250686,2300139,2377349,2553154,2257283,2252888,2520833,2420382,2478178,2556174,2470586,2405908,2244679,2371757,2361888,2278601,2394817,2434810,2385522,2393603,2253974,2454067,2294669,2418355,2514593,2505157,2324336,2425715,2567923,2323727,2378096,2333560,2245727,2566139,2334135,2369758,2356649,2461625,2346324,2229391,2384415,2419300,2310354,2465060,2246349,2538767,2502126,2501313,42,2492118,2509990,2515846,2265507,2243798,2246940,2243947
2284324,2383791,2292283,2266146,2361908,2430960,2415055,2497948,2415288,2405685,2535863,2380174,2332867,2334895,2395090,2378510,2374057,2385204,2400885,2301462,2410727,2431828,2297702,2338146,2415935,2487382,2383777,2284513,2531168,2514848,2513680,2503766,2498227,2511732,2495837,2501234,2405046,2244684,2296180,2382021,2246107,2301597,2371796,2488408,2287388,2294708,2511685,2419703,2477358,2513970,2480401,2421279,2289227,2384010,2352214,2320299,2398801,2446785,2378587,2402069,2298217,2455684,2327976,2392804,2447861,2508878,2341823,2405360,2538377,2333313,2379152,2360527,2291211,2479812,2331078,2372077,2368947,2467766,2333713,2223129,2376363,2412989,2322060,2470627,2265309,2454243,2491427,34,2501256,2456774,2493357,2455393,2301338,2293242,2284257,2286574
2317638,2402974,2308544,2297029,2352252,2429980,2431055,2472984,2398329,2395785,2531384,2356545,2323708,2330317,2372297,2357308,2371402,2365451,2412919,2297948,2387508,2435219,2308205,2359722,2424900,2473299,2369150,2273906,2532085,2507096,2527512,2507140,2487919,2501985,2501629,2515195,2399665,2229205,2277419,2367107,2241921,2299321,2363044,2497150,2329821,2336895,2503987,2414269,2477029,2508666,2458047,2408100,2322098,2419034,2347053,2338079,2382603,2447388,2375833,2388428,2324700,2438152,2370269,2422219,2451441,2498442,2376893,2417178,2524199,2318897,2379405,2330969,2312240,2483857,2324566,2351958,2340908,2446741,2330142,2204474,2362562,2383690,2289170,2449190,2298162,2474777,32,2491500,2502154,2462240,2496803,2455093,2324191,2320365,2305269,2328345
2321000,2442834,2357538,2313228,2328087,2421749,2483106,2451736,2393730,2376123,2536842,2333435,2301694,2311960,2359086,2329999,2353253,2345018,2463188,2269101,2377800,2482400,2345619,2413595,2472806,2437081,2342531,2240168,2524331,2485034,2515844,2528257,2478210,2477532,2529687,2548792,2362270,2221531,2259908,2349936,2227516,2269986,2343429,2535937,2364800,2346718,2490193,2382530,2447994,2528014,2440875,2379743,2342200,2438861,2328854,2391151,2358657,2407517,2346385,2375239,2346836,2421154,2400220,2465933,2490374,2467925,2410080,2463335,2500574,2302609,2363350,2312295,2335528,2515381,2301904,2337787,2334433,2427899,2304415,2198217,2348732,2377025,2285379,2416550,2332019,26,2474801,2454348,2538789,2505678,2484363,2509851,2366879,2345189,2336085,2355276
3014614,2620788,2969287,3001703,2174248,2242540,2524322,2216974,2226556,2252841,2209376,2102103,2160733,2147634,2152877,2210968,2218375,2183043,2620510,2123782,2146943,2549393,3009433,2757083,2561325,2126638,2129554,2033548,2254895,2263814,2305673,2316471,2268931,2277700,2343228,2269804,2214038,2026289,2105828,2196946,2055187,2072398,2175390,2328652,3041518,3047385,2271308,2185314,2258228,2279753,2229462,2158306,3027313,2662601,2084240,2863141,2125278,2214027,2099418,2155222,3033081,2175573,2840937,2573140,2462909,2226185,2795527,2587706,2230772,2143350,2193656,2145255,3017143,2383080,2136724,2190930,2180898,2177419,2131704,2018293,2203784,2119445,2132885,2149220,150,2331889,2298103,2265231,2246304,2377581,2282722,2291478,2864550,2989290,2987843,2975797
2106815,2266003,2175766,2104474,2455165,2537493,2323269,2531842,2512031,2493782,2505369,2493167,2411802,2425907,2479796,2467253,2461585,2463494,2261870,2372259,2513708,2330171,2152977,2220758,2315035,2589951,2497488,2416711,2490724,2494675,2468793,2446552,2497921,2498163,2437653,2458279,2479317,2334587,2389411,2467113,2363512,2402399,2465536,2434672,2135283,2144533,2490750,2521891,2514402,2470092,2545389,2513715,2141125,2248762,2487139,2203955,2540146,2544335,2484136,2514427,2144902,2565884,2179727,2304926,2366807,2525913,2189768,2313197,2496143,2420540,2468536,2458507,2134300,2402182,2419930,2468004,2443192,2544211,2415676,2301439,2434086,2486980,2369368,48,2149436,2416516,2449136,2470602,2465105,2380641,2455113,2419707,2191839,2154255,2171850,2172399
2121480,2198060,2151027,2127140,2532861,2386542,2232051,2362598,2419353,2425544,2323777,2557784,2725094,2704203,2494009,2470898,2448902,2475679,2220540,2839530,2450703,2242299,2156005,2181544,2226537,2379428,2503756,2896273,2315434,2326388,2311235,2302519,2336135,2334239,2289688,2306088,2408116,2826303,2855708,2481837,2815647,2851234,2514500,2285944,2149641,2140996,2336840,2423959,2334877,2300839,2350555,2417230,2141542,2216480,2607194,2177132,2446255,2383081,2518634,2446295,2151036,2391326,2181577,2226807,2250540,2344775,2194649,2235555,2319310,2688331,2451234,2530618,2134547,2276189,2661282,2470417,2536400,2357964,2659403,2831732,2419638,2418312,42,2369405,2132972,2285398,2289158,2322078,2310384,2272269,2302105,2290745,2154012,2149174,2149688,2152482
2091769,2234379,2147453,2094686,2509180,2490390,2283619,2453149,2522801,2519756,2435907,2551903,2478748,2495498,2547067,2545176,2534537,2535626,2258696,2456149,2549541,2311190,2119081,2191611,2281430,2508612,2550386,2478824,2422088,2430228,2395423,2392451,2421547,2412728,2377578,2413816,2521176,2398448,2469191,2531719,2431241,2468669,2530938,2382745,2114079,2110837,2427766,2527697,2441475,2407619,2456425,2535804,2115242,2226149,2549565,2162141,2580429,2503186,2555904,2569700,2121096,2517984,2137667,2264885,2351961,2452362,2168058,2261613,2452203,2491883,2545810,2536525,2094753,2349498,2487875,2524771,2495472,2442476,2462302,2350357,2507613,52,2418304,2487110,2119636,2377024,2383751,2412970,2419332,2349852,2404628,2385999,2155071,2123796,2128183,2138435
2153551,2297102,2191149,2140596,2532273,2450681,2332462,2414693,2491510,2516691,2401995,2541134,2472552,2490154,2506840,2558681,2536596,2518880,2277057,2440106,2520479,2320633,2177573,2252345,2297631,2446819,2531255,2472449,2386320,2407019,2403421,2366647,2393925,2408125,2369727,2382477,2488233,2391637,2480209,2510477,2416770,2452633,2502515,2358669,2191122,2190999,2394536,2499876,2413399,2398067,2426251,2509762,2182960,2265821,2532819,2224228,2531642,2472434,2550188,2521135,2177532,2465087,2208385,2277004,2340300,2406147,2213792,2267619,2395256,2470833,2518872,2532876,2160266,2346423,2472196,2511193,2477281,2431985,2473792,2353547,36,2507601,2419651,2434034,2203802,2348709,2362511,2376326,2384423,2336580,2377812,2357181,2219684,2213810,2201742,2218959
1957402,2111386,2033551,1962870,2461856,2302093,2142263,2278894,2336020,2333158,2244008,2483770,2693036,2665003,2423794,2378442,2373776,2404567,2108135,3056415,2369541,2146503,2010208,2079972,2118318,2311953,2455007,3275126,2243944,2250575,2216615,2208291,2247977,2222777,2214841,2218529,2332460,4846794,3059362,2411825,4249017,3070446,2447080,2209452,2016633,1997577,2243140,2346115,2255620,2219125,2277298,2361550,1994674,2099163,2539588,2061483,2378149,2308852,2456807,2376546,2016197,2324158,2039627,2122267,2157069,2274178,2046106,2144761,2248666,2647964,2384266,2473721,1993684,2172420,2617131,2399683,2454501,2267643,2618208,32,2353596,2350334,2831769,2301473,2018313,2198262,2204469,2223162,2229439,2173227,2222243,2184558,2055322,2029715,2026224,2028657
2085174,2236515,2134919,2064621,2541123,2412820,2284539,2391451,2447772,2466678,2350969,2582395,2705656,2711469,2520694,2506901,2493079,2502376,2219579,2688624,2477190,2263481,2114495,2184859,2264081,2411651,2544253,2723500,2351204,2366403,2361122,2323610,2361012,2356023,2321674,2337762,2467542,2664639,2690392,2510769,2654473,2704134,2535995,2311369,2119599,2122932,2342045,2464508,2387874,2351288,2389652,2465611,2111268,2201176,2625485,2165515,2490280,2417144,2550733,2489484,2114119,2438420,2146504,2231608,2266498,2370493,2152215,2239441,2359192,2695005,2473631,2551214,2094079,2308801,2663814,2499310,2543281,2388764,30,2618195,2473788,2462282,2659409,2415595,2131730,2304450,2330148,2333676,2346403,2304112,2339373,2298779,2155333,2130777,2138331,2149629
2152862,2306692,2202313,2133656,2415401,2508892,2344636,2525364,2480201,2464819,2490936,2447965,2390333,2394540,2441832,2441873,2435856,2442649,2310857,2366265,2499975,2341653,2182628,2292864,2324692,2562266,2455071,2375382,2469781,2483227,2457893,2447411,2485948,2477283,2436807,2461880,2459981,2298300,2357278,2442424,2320970,2385830,2431160,2437011,2184278,2173232,2492517,2490762,2512423,2468979,2539467,2495867,2177520,2295073,2453245,2258184,2488692,2524260,2468695,2483236,2179097,2536075,2246038,2336152,2368212,2523521,2274504,2331212,2496573,2388825,2442854,2441177,2167155,2407256,2403425,2421800,2417148,52,2388720,2267545,2431938,2442381,2357908,2544231,2177508,2427862,2446668,2467747,2461630,2395965,2465039,2427097,2238301,2205808,2185796,2206610
2140361,2249739,2206351,2124813,2567910,2431012,2295912,2406100,2470921,2476503,2390143,2599138,2560351,2567587,2540118,2506129,2499416,2528975,2267994,2534806,2496570,2296452,2178608,2235765,2272622,2428752,2560703,2578186,2370106,2400542,2358626,2350542,2385936,2376994,2344906,2352734,2453273,2495800,2556554,2540757,2499514,2549568,2558280,2344691,2170245,2173468,2378113,2467310,2387608,2373428,2418256,2487168,2164996,2255014,2636436,2219458,2507084,2434542,2567185,2504582,2184351,2447078,2206334,2276146,2306773,2392949,2207339,2281737,2379931,2562559,2505833,2576443,2160080,2316780,2560088,2529693,52,2417135,2543288,2454494,2477339,2495462,2536391,2443193,2181078,2334421,2340943,2368982,2356601,2327848,2360570,2343082,2215453,2183406,2191482,2200261
2145024,2274082,2204972,2133710,2549905,2453636,2294203,2423968,2498162,2491771,2388899,2571845,2484423,2522364,2539815,2545112,2505789,2551107,2262222,2477354,2528077,2303838,2187099,2252867,2281225,2458356,2568235,2500334,2389084,2407477,2369176,2363202,2402256,2381942,2348427,2368509,2485958,2419060,2493988,2558293,2441309,2495077,2563013,2349532,2175581,2186166,2377515,2503589,2395591,2360608,2427398,2509540,2164470,2268969,2574847,2212224,2518005,2441030,2578560,2525414,2176961,2461637,2214095,2282370,2315118,2410873,2221901,2279706,2383614,2496027,2510751,2566516,2149412,2312265,2501290,20,2529702,2421843,2499332,2399655,2511199,2524734,2470451,2468024,2190972,2337757,2351884,2372040,2369764,2316722,2362374,2336449,2223116,2187349,2184413,2199959
2105890,2209987,2153760,2104572,2572825,2415087,2254018,2379193,2456280,2444366,2333405,2587574,2688974,2686569,2525259,2510871,2490628,2513648,2231129,2656994,2480451,2257028,2145312,2200977,2237401,2412661,2563560,2708865,2338159,2351718,2333042,2313270,2360330,2351475,2316927,2332409,2454681,2624542,2671925,2524266,2641504,2680467,2555037,2318807,2137260,2130403,2347275,2466958,2364917,2330831,2384030,2479205,2133344,2214369,2635968,2176642,2496712,2407265,2568838,2497947,2144423,2428641,2167040,2234687,2275932,2374555,2183735,2232806,2320163,2673240,2477833,2561182,2101149,2262190,48,2501359,2560090,2403530,2663805,2617185,2472200,2487849,2661312,2419980,2136919,2301935,2324554,2331113,2334104,2289500,2328228,2301645,2169415,2155767,2152684,2159735
2335107,2468789,2381917,2324878,2324261,2398772,2494494,2437430,2368905,2375220,2526173,2316800,2305888,2307071,2345860,2341538,2356673,2341112,2456217,2275934,2357395,2490368,2367470,2432081,2488135,2442229,2322366,2242995,2507487,2457855,2494164,2509712,2456719,2469647,2507367,2519322,2378647,2194712,2252914,2345936,2222139,2276133,2327041,2540692,2366115,2367042,2463976,2381591,2454507,2523882,2431966,2364143,2358330,2447898,2298791,2402640,2351811,2417592,2345060,2347221,2353675,2400911,2408793,2459126,2515788,2450563,2430743,2466929,2461714,2267669,2330252,2273598,2337719,50,2262187,2312310,2316803,2407305,2308830,2172420,2346495,2349533,2276180,2402198,2383318,2515370,2483834,2479852,2566099,2522066,2494022,2551202,2393391,2374449,2375033,2388534
3114151,2610127,2959469,3110620,2169844,2250179,2495622,2212621,2211148,2214531,2196108,2099720,2123372,2115589,2135974,2180355,2208374,2174318,2635799,2100841,2129212,2538176,3034503,2751164,2546590,2130795,2131669,2025556,2253036,2246082,2272249,2324100,2270124,2262941,2334783,2257699,2204465,2014861,2089515,2176351,2045802,2055691,2167924,2326286,3099712,3082270,2268442,2159711,2222150,2246500,2206467,2140326,3090410,2665243,2076777,2854996,2132308,2194791,2087833,2154208,3098880,2153457,2869889,2563545,2445422,2223764,2802512,2593724,2193833,2114974,2178338,2112823,156,2337439,2100872,2149366,2159851,2167077,2093994,1993529,2160125,2094470,2134478,2134065,3017164,2335291,2312143,2291125,2245690,2397939,2301923,2311055,2854403,3024448,2996952,2962855
2119347,2226094,2156826,2107822,2584246,2458775,2249915,2415004,2494833,2503573,2349714,2634126,2534048,2562126,2585681,2555573,2526168,2555850,2226751,2537565,2544870,2255242,2151942,2192073,2245331,2439407,2611526,2561858,2353043,2376142,2339487,2322999,2381396,2364052,2323303,2334189,2497969,2505556,2554989,2565402,2505332,2538530,2595372,2322666,2128208,2146651,2347444,2505335,2382910,2334779,2415489,2505976,2136359,2222855,2643534,2173451,2538109,2443682,2605513,2519017,2139775,2473283,2164838,2240133,2267668,2403007,2178747,2236301,2348503,2533379,2515354,64,2113179,2273622,2561163,2566566,2576437,2441301,2551190,2473624,2532903,2536548,2530619,2458591,2145558,2312316,2330973,2360528,2333630,2301168,2332745,2308716,2164269,2137918,2140196,2151074
2170863,2266684,2199396,2165220,2515459,2472551,2301173,2434229,2501521,2494021,2389733,2534182,2464265,2488286,2525386,2529186,2518008,2528347,2286571,2447257,2539484,2295171,2198881,2254848,2268289,2460135,2544592,2467871,2389319,2410955,2377342,2362420,2398859,2392119,2371045,2369376,2493106,2388004,2468333,2534257,2424861,2455696,2524456,2345542,2197142,2185893,2404838,2505284,2417854,2369804,2441182,2513480,2195126,2267612,2550148,2229552,2521766,2453546,2533794,2520523,2190232,2485947,2230393,2284839,2317986,2420157,2232835,2280101,2384981,2461470,52,2515347,2178688,2330263,2477825,2510753,2505838,2442931,2473616,2384209,2518883,2545848,2451237,2468638,2193937,2363336,2379380,2379149,2378176,2334116,2373228,2350670,2235345,2213749,2201611,2208122
2106432,2221907,2165931,2108946,2559721,2427382,2242283,2384028,2463279,2450134,2339840,2591318,2701903,2706015,2531903,2506315,2480682,2513327,2230045,2680374,2483883,2264183,2146554,2213248,2238751,2408492,2553918,2739186,2340866,2361534,2327720,2317072,2357199,2339852,2308380,2328633,2453264,2651802,2707512,2521666,2654391,2718835,2545904,2303919,2134951,2138500,2344000,2444182,2366253,2333215,2392591,2462973,2136965,2215713,2624915,2179324,2479344,2389003,2550748,2483010,2140968,2434446,2175309,2221638,2270097,2360570,2182454,2235756,2318821,20,2461473,2533374,2115329,2267696,2673195,2496059,2562551,2388970,2695034,2647958,2470879,2491901,2688411,2420696,2143644,2302499,2318927,2333269,2323813,2273880,2325336,2286812,2185029,2140993,2152798,2154101
2197409,2349110,2237944,2185429,2375213,2450714,2404619,2508858,2432307,2422869,2560005,2401907,2338629,2363249,2422229,2387569,2392322,2392852,2349169,2318422,2425906,2398520,2203970,2288562,2399122,2539693,2406846,2314479,2554728,2535406,2543019,2518178,2528540,2541568,2516425,2538655,2431302,2266716,2307425,2412074,2281820,2327909,2394574,2506755,2214972,2215790,2543035,2429344,2525516,2549604,2507789,2431669,2214749,2327564,2382774,2248494,2424642,2466853,2401468,2420026,2214497,2475623,2242264,2369175,2441765,2534064,2266521,2372193,62,2318841,2385026,2348539,2194283,2461686,2320093,2383564,2379849,2496599,2359179,2248539,2395226,2452174,2319259,2496119,2231094,2500562,2524162,2538364,2567936,2464556,2533283,2493268,2258341,2226935,2236931,2225425
2555614,2677473,2592867,2565514,2263564,2331979,2600276,2338476,2308162,2295836,2399703,2223667,2228158,2210590,2277561,2254038,2271585,2266220,2655642,2200018,2285430,2583828,2585067,2631546,2620385,2301654,2246941,2148386,2402166,2391255,2418026,2431863,2399006,2403771,2456466,2424392,2268833,2137344,2199793,2281443,2149452,2201931,2275323,2486465,2600173,2599374,2404505,2285942,2351815,2428430,2355035,2291979,2577056,2665503,2202820,2611862,2241284,2274797,2222873,2273081,2572305,2275162,2607887,2689500,2536884,2331823,2619689,36,2372169,2235742,2280077,2236316,2594203,2466933,2232737,2279660,2281678,2331242,2239407,2144745,2267628,2261626,2235531,2313163,2588057,2463330,2417150,2405369,2425702,2523199,2432656,2496137,2613018,2588989,2595786,2585471
2844424,2655916,2717997,2860763,2198410,2279247,2552032,2262403,2265834,2247516,2296370,2139138,2160889,2163638,2187061,2229696,2240180,2215618,2663297,2154416,2218311,2572246,2774044,2779498,2584579,2174599,2178353,2066578,2302490,2304131,2321768,2367638,2329396,2312477,2376025,2303341,2258353,2061548,2132290,2234808,2093435,2128241,2209199,2425626,2793469,2812596,2323910,2212794,2286810,2352999,2265020,2201953,2781810,2712920,2123149,2788348,2166048,2216637,2147238,2196637,2787018,2193848,2810676,2608464,2486585,2267228,100,2619668,2266455,2182419,2232753,2178561,2802638,2430425,2183396,2221580,2207070,2274267,2151974,2045834,2213586,2167762,2194367,2189545,2795631,2409740,2376595,2341537,2323980,2458125,2369715,2395505,2787097,2797099,2786957,2759466
2217074,2333978,2237875,2201241,2391523,2474184,2375449,2530615,2450013,2449744,2525384,2422172,2357003,2360302,2429556,2404022,2403619,2419113,2330488,2328401,2449158,2383867,2227934,2299043,2360987,2544997,2426715,2329789,2513624,2522815,2512837,2471707,2528946,2517648,2480872,2490767,2436443,2279300,2327974,2416314,2310100,2355086,2409776,2468647,2230191,2233694,2530999,2462064,2519623,2500807,2548143,2453410,2217054,2324708,2396975,2255042,2440037,2486183,2414016,2433279,2206420,2466831,2244548,2320467,2403456,36,2267253,2331854,2534029,2360603,2420143,2403008,2224169,2450567,2374531,2410876,2392948,2523690,2370539,2274170,2406193,2452415,2344718,2526071,2226466,2467905,2498417,2508973,2505351,2437211,2490350,2456811,2265685,2239305,2235911,2222599
2468961,2523898,2422868,2473215,2301774,2373034,2578270,2415692,2335143,2323235,2486490,2288558,2265838,2270559,2353958,2291321,2309300,2309841,2550528,2248427,2311752,2586034,2443113,2493189,2559296,2384590,2293228,2196863,2466439,2432577,2449945,2478224,2432797,2443678,2483781,2483745,2320644,2168604,2232296,2313209,2189816,2224049,2314522,2507817,2439832,2439801,2443153,2327886,2413847,2477109,2384888,2321314,2427240,2523702,2260843,2474445,2301792,2345904,2271072,2314736,2425894,2326243,2429835,2544862,72,2403440,2486720,2536839,2441763,2270198,2317982,2267587,2445902,2515751,2275876,2315099,2306710,2368222,2266455,2156981,2340276,2352029,2250469,2366821,2463219,2490309,2451389,2447816,2514633,2546620,2458749,2574740,2458355,2433666,2444505,2439666
2532435,2682792,2587943,2538089,2258067,2334944,2612315,2343200,2318573,2308192,2415787,2220542,2219571,2229062,2283140,2253662,2267834,2267249,2665430,2200146,2273804,2601049,2575308,2656551,2629366,2293658,2240524,2132200,2416331,2389260,2415098,2432189,2398028,2415867,2453793,2435716,2273708,2127610,2186661,2276019,2155437,2198389,2275098,2474875,2564292,2555888,2412747,2298233,2359824,2429090,2346096,2287979,2556773,2652210,2193798,2617109,2247675,2276984,2228337,2260214,2542229,2276908,2599292,66,2544876,2320452,2608528,2689541,2369149,2221623,2284857,2240093,2564143,2459149,2234599,2282316,2276083,2336121,2231556,2122199,2277031,2264861,2226762,2304862,2573492,2465849,2422128,2392749,2418429,2509066,2429038,2502314,2619872,2569839,2571949,2579400
2844040,2644362,2802381,2818080,2198211,2269132,2540345,2242652,2247652,2240985,2276849,2132040,2153101,2141939,2158962,2203281,2234537,2206643,2647223,2135273,2194564,2560558,2861966,2771912,2575174,2164792,2172521,2068772,2291799,2303693,2313361,2372846,2324415,2319862,2379780,2310162,2234682,2063481,2119053,2214859,2084047,2108824,2205124,2409869,2848645,2853318,2307996,2208738,2282765,2331780,2263860,2195364,2835093,2708307,2116605,2841010,2167996,2209392,2137314,2178129,2826773,2179568,104,2599235,2429820,2244522,2810743,2607841,2242188,2175302,2230331,2164760,2870071,2408516,2166824,2213907,2206090,2245764,2146350,2039344,2208161,2137366,2181298,2179455,2840975,2399908,2369918,2327668,2294366,2446351,2348072,2369411,2851033,2876927,2839260,2854066
2129761,2282987,2185997,2131841,2454500,2528830,2325911,2511560,2516584,2487693,2464995,2490867,2415599,2436749,2487714,2491142,2469270,2482142,2277595,2389050,2518970,2321097,2179118,2236830,2300695,2549261,2498707,2409421,2467927,2456654,2438394,2423388,2479844,2452258,2422101,2434637,2493517,2344818,2405849,2478567,2361443,2402909,2473164,2404273,2152583,2158219,2472194,2543038,2481085,2447336,2516834,2539487,2145729,2249719,2481883,2207715,2509990,2537569,2476291,2491162,2141705,40,2179626,2276950,2326246,2466821,2193871,2275175,2475666,2434474,2485941,2473317,2153830,2400926,2428661,2461651,2447093,2536180,2438459,2324172,2465135,2518060,2391327,2566070,2175898,2421141,2438230,2455672,2454136,2378486,2435676,2411818,2192693,2166749,2168005,2177981
3076346,2590702,2966200,3089323,2182289,2238650,2510297,2209815,2211228,2222101,2202711,2091534,2133178,2119530,2139148,2179199,2226700,2185198,2631962,2127698,2143016,2548241,3036812,2755887,2538206,2128696,2132328,2029828,2252012,2245452,2275030,2322943,2279262,2269937,2340287,2263980,2209400,2027726,2094563,2181804,2052423,2063451,2165613,2324239,3083353,3077911,2273967,2167515,2234592,2239795,2207551,2144671,3082009,2671000,2086646,2850863,2119539,2179968,2073940,2142514,112,2141460,2826644,2542174,2425628,2206203,2786915,2572260,2214195,2140878,2190110,2139559,3098908,2353147,2144028,2176536,2183891,2178780,2113786,2015791,2177225,2120715,2150651,2144462,3032947,2346345,2324208,2297822,2253587,2401804,2305660,2312212,2861509,3020184,2983613,2970497
2122937,2257444,2182715,2124364,2511332,2486416,2296570,2443055,2517898,2519931,2407314,2545058,2460527,2485306,2527916,2548713,2527839,2533670,2263092,2441240,2562980,2294613,2150205,2233341,2283122,2485542,2564224,2473868,2407715,2422409,2407926,2390641,2429090,2412199,2377621,2390039,2528509,2390739,2477474,2529348,2410935,2463992,2531417,2375150,2163178,2152129,2421130,2542620,2431589,2392734,2462843,2549002,2132466,2232935,2535325,2200033,2535779,2452812,2527217,40,2142676,2491096,2178157,2260193,2314773,2433259,2196746,2273093,2420042,2483082,2520479,2519081,2154640,2347262,2497956,2525401,2504617,2483380,2489560,2376510,2521202,2569762,2446307,2514637,2155529,2375237,2388473,2402098,2393683,2328302,2401360,2364840,2192709,2181074,2177743,2179873
2054938,2238080,2113529,2051977,2575805,2454070,2266429,2421565,2492833,2512111,2401820,2617016,2526444,2555563,2584909,2560854,2553366,2561543,2219729,2496925,2555749,2260805,2085389,2195939,2255576,2472743,2606960,2551035,2397011,2404306,2388424,2360568,2396533,2394445,2352787,2379539,2512131,2466810,2536748,2561017,2484969,2523647,2580808,2352422,2100584,2099214,2388442,2513681,2427344,2388094,2445489,2524849,2066657,2200581,2598380,2139469,2526624,2449751,22,2527212,2073966,2476305,2137316,2228366,2271076,2414044,2147291,2222907,2401505,2550737,2533808,2605546,2088275,2345058,2568846,2578589,2567203,2468859,2550752,2456777,2550255,2556007,2518643,2484312,2099689,2346336,2375838,2378630,2385648,2312053,2366215,2348366,2152890,2110453,2101531,2114354
2182149,2288540,2209479,2185788,2448794,2501640,2320098,2507590,2493696,2474686,2466150,2448453,2407422,2431559,2449976,2466558,2442585,2453685,2302223,2387748,2483113,2341092,2193725,2256661,2307533,2544087,2480776,2377376,2454614,2483265,2453545,2429632,2475902,2467287,2423792,2431344,2491642,2316083,2372700,2450418,2331569,2377073,2438530,2398214,2196818,2203739,2464380,2496301,2480510,2455200,2497646,2512363,2176727,2245872,2435830,2208810,2473487,38,2449748,2452847,2180223,2537561,2209409,2277015,2345882,2486197,2216783,2274813,2466841,2389019,2453510,2443714,2195127,2417555,2407234,2441054,2434551,2524376,2417136,2308805,2472386,2503239,2383061,2544537,2214234,2407520,2447320,2446786,2434912,2379552,2432316,2402019,2223108,2325940,2207123,2213140
2090057,2242436,2160168,2075894,2513071,2498667,2292496,2469344,2550782,2552912,2418850,2557633,2464550,2480593,2511454,2548861,2532757,2532737,2240561,2446559,2585670,2295677,2121568,2207593,2269789,2506894,2569685,2475893,2400065,2427409,2389084,2375605,2421218,2417752,2375853,2395049,2547887,2408989,2476213,2526480,2429082,2461833,2523732,2364277,2118611,2119017,2413157,2563183,2442235,2409116,2470892,2571402,2088705,2210107,2522176,2169694,32,2473465,2526527,2535719,2119588,2509966,2167987,2247698,2301815,2440058,2166128,2241299,2424700,2479323,2521700,2538052,2132750,2351816,2496668,2518031,2507027,2488782,2490290,2378085,2531681,2580486,2446270,2540223,2125506,2358738,2382636,2398852,2394955,2333049,2388764,2351549,2175535,2137518,2141500,2140730
2800247,2644611,2879953,2799874,2205518,2261571,2546563,2264005,2250830,2249825,2285542,2145382,2168705,2155926,2178705,2210785,2232251,2214191,2613072,2134792,2199225,2592027,2857288,2817581,2571097,2169200,2169457,2065445,2283409,2311768,2328331,2352099,2322197,2323784,2386236,2318338,2210828,2071109,2133477,2232812,2099595,2123183,2209954,2385836,2844377,2831570,2302412,2211027,2288785,2337087,2273970,2200017,2843191,2631471,2100866,116,2169590,2208800,2139313,2199985,2850921,2207697,2841071,2617009,2474392,2254797,2788367,2611602,2248422,2179130,2229455,2173435,2854999,2402350,2176352,2211869,2219169,2257931,2165177,2061216,2223918,2161869,2176724,2203723,2863078,2390881,2337681,2319945,2278271,2434405,2357111,2367471,2895676,2857181,2875859,2886455
2042287,2194361,2096677,2045772,2634613,2456526,2238227,2411348,2495783,2504047,2385480,2649594,2613633,2632014,2593302,2548163,2540782,2571542,2210413,2590345,2545905,2241306,2084560,2156567,2209525,2464395,2605128,2653260,2357951,2390354,2356189,2342044,2387592,2378140,2332950,2354819,2492738,2559801,2608192,2579915,2569047,2600199,2588334,2320730,2075231,2075593,2368746,2502558,2389862,2343025,2422829,2515281,2040241,2141370,16,2101045,2522146,2435870,2598401,2535341,2086688,2481942,2116679,2193770,2260897,2396990,2123305,2202765,2382783,2624928,2550129,2643595,2077120,2298794,2635984,2574864,2636435,2453403,2625538,2539616,2532872,2549686,2607171,2487311,2084480,2328848,2347063,2352282,2362094,2295749,2344731,2311051,2119015,2097737,2082603,2104528
2653539,2692982,2628354,2671965,2236426,2309978,2589872,2302046,2276474,2288190,2375111,2194813,2238379,2208951,2246610,2248493,2280371,2248281,2677740,2180967,2258662,2565405,2647680,2673259,2613669,2273490,2205556,2121442,2377071,2345018,2396401,2413606,2371972,2363874,2443789,2408839,2283273,2102875,2169241,2252046,2119221,2163627,2225377,2466785,2661774,2671774,2368418,2261456,2336862,2390024,2307447,2242901,2648473,82,2141349,2631664,2210094,2245847,2200501,2232889,2671107,2249709,2708285,2652179,2523732,2324585,2712956,2665384,2327502,2215646,2267593,2222840,2665660,2447860,2214255,2268852,2254943,2294959,2201038,2099118,2265677,2226123,2216341,2248705,2662884,2438827,2418929,2383907,2371760,2500846,2404736,2475891,2655431,2668547,2644878,2663808
3087525,2602958,2947127,3101346,2170808,2233066,2495453,2200715,2218419,2227418,2188551,2094990,2132472,2132256,2131152,2193333,2205540,2176471,2630916,2121600,2131416,2515459,3027227,2739789,2542670,2131690,2127293,2008322,2247722,2249957,2292539,2304977,2268570,2268415,2329759,2269456,2211721,2026933,2097343,2180211,2052866,2057079,2163208,2313192,3093649,3066556,2258291,2176317,2238576,2249750,2211070,2139286,188,2648324,2040002,2843134,2088519,2176505,2066466,2132351,3082030,2145498,2835124,2556673,2427188,2216801,2781898,2576707,2214682,2136744,2194863,2136182,3090234,2357834,2132908,2164105,2164626,2177125,2110897,1994307,2182578,2114900,2141131,2140752,3027107,2341878,2321686,2288763,2244300,2400737,2301341,2303878,2865383,3005758,2991966,2959740
2108138,2271962,2181620,2096748,2479309,2497714,2305733,2466503,2533720,2530106,2434486,2524177,2458748,2463158,2506298,2504363,2508985,2503156,2274040,2417785,2562020,2311898,2156840,2235854,2305495,2504637,2540685,2453960,2430737,2441778,2416918,2393745,2444944,2433110,2404489,2417643,2523889,2372218,2431345,2509676,2388622,2421491,2488765,2363928,2131621,2129616,2414639,2544219,2434173,2401440,2446299,20,2139391,2242928,2515249,2200089,2571391,2512403,2524839,2548977,2144742,2539525,2195413,2288004,2321335,2453362,2202051,2292017,2431681,2462989,2513464,2505981,2140706,2364105,2479238,2509526,2487145,2495958,2465599,2361518,2509786,2535891,2417223,2513881,2158551,2379779,2408062,2421304,2406042,2353032,2408276,2363573,2202079,2173061,2165424,2172370
2175813,2331502,2260060,2182959,2401463,2491043,2370660,2543713,2484741,2465937,2492209,2435413,2386578,2385567,2432293,2424176,2415360,2430649,2316485,2358876,2462355,2369397,2235152,2301715,2346961,2565700,2442517,2356070,2486897,2512887,2483542,2469464,2507508,2503334,2470084,2478409,2455844,2292050,2334575,2421217,2304011,2357919,2411733,2443056,2204790,2203158,2476342,2465133,2490888,2454995,34,2446288,2211140,2307447,2422782,2274048,2470947,2497632,2445535,2462842,2207721,2516830,2263988,2346132,2384915,2548130,2265112,2355041,2507865,2392647,2441149,2415517,2206831,2431996,2384077,2427397,2418265,2539540,2389590,2277261,2426271,2456466,2350509,2545565,2229763,2440886,2458046,2480452,2470698,2408097,2475172,2433620,2275589,2231882,2248697,2237736
2235784,2432487,2308513,2209243,2353076,2420739,2461655,2475994,2407139,2396128,2578536,2364516,2318769,2333167,2383715,2359154,2372914,2370173,2400129,2304539,2407525,2452294,2260989,2365774,2453651,2488846,2367221,2277783,2558000,2516748,2540566,2524552,2493533,2520246,2524013,2544904,2386465,2235242,2278022,2366211,2250336,2301179,2344929,2504593,2231512,2221821,2488385,2409137,2472805,50,2454973,2401418,2249967,2390003,2343012,2337332,2409049,2455175,2388056,2392688,2239863,2447279,2331895,2429071,2477098,2500804,2353014,2428376,2549601,2333107,2369796,2334685,2246787,2523821,2330753,2360540,2373363,2469007,2351210,2219077,2397997,2407648,2300765,2470159,2279920,2527989,2508653,2513862,2556239,2487418,2529679,2528698,2333076,2275072,2287005,2299681
2190028,2361655,2252382,2191094,2390967,2462911,2388582,2516349,2459573,2430547,2495046,2410968,2357308,2385092,2422513,2416004,2404476,2404849,2342305,2343370,2434243,2393831,2230950,2316195,2377446,2536670,2400797,2322950,2488973,2507134,2489447,2470162,2504406,2511987,2459480,2480841,2439495,2264601,2318730,2392369,2289263,2330224,2387541,2434142,2215543,2213065,2464216,2438643,34,2472838,2490814,2434113,2238624,2336805,2389890,2288835,2442274,2480547,2427353,2431584,2234867,2481093,2282947,2359868,2413931,2519659,2286997,2351836,2525610,2366295,2417818,2382915,2222554,2454496,2364912,2395613,2387657,2512479,2387829,2255585,2413374,2441530,2334886,2514543,2258395,2448048,2477084,2477333,2478219,2425999,2470873,2437764,2286252,2257936,2249933,2255950
2129489,2301586,2201761,2120215,2481405,2502671,2323013,2461813,2523701,2536691,2425930,2507416,2450617,2465597,2493076,2506391,2511934,2488368,2272362,2418926,2550601,2316296,2167271,2262568,2317334,2505915,2530021,2442829,2421221,2437681,2424420,2397404,2434752,2429020,2399391,2406143,2529892,2357215,2418360,2485209,2382038,2425941,2480843,2377282,2145059,2149623,2414279,32,2438666,2409172,2465164,2544241,2176545,2261429,2502501,2211227,2563178,2496301,2513580,2542616,2167553,2543044,2208784,2298261,2327895,2462032,2212851,2285896,2429350,2444150,2505244,2505351,2160056,2381562,2466949,2503555,2467285,2490859,2464535,2346066,2499909,2527729,2423966,2521976,2185486,2382537,2414324,2419735,2420535,2371734,2402016,2370207,2218763,2192191,2188555,2201057
2240368,2380577,2294158,2237493,2366751,2442516,2422711,2504434,2416907,2421648,2535979,2395191,2329505,2346220,2406047,2378712,2373809,2394090,2396616,2321072,2432219,2421619,2279339,2347323,2398347,2501709,2398723,2303513,2532036,2524432,2517259,2500425,2513891,2515886,2493850,2512076,2392983,2249130,2296933,2381966,2257917,2318418,2380500,2471593,2237217,2241466,34,2414253,2464219,2488431,2476326,2414686,2258292,2368412,2368723,2302443,2413185,2464482,2388436,2421198,2274201,2472213,2308213,2412789,2443212,2530964,2324158,2404481,2543137,2344051,2404834,2347501,2268816,2463981,2347268,2377538,2378090,2492560,2342052,2243101,2394515,2427866,2336805,2490846,2271530,2490212,2504059,2511699,2520947,2460047,2517770,2486278,2302427,2278089,2280912,2280978
3073493,2612515,2946269,3092764,2175297,2222850,2512621,2207307,2223502,2219201,2202014,2093292,2132456,2140836,2135514,2186546,2235639,2174170,2629743,2114355,2135951,2533002,3022962,2732146,2557162,2134356,2131047,2021096,2250173,2244470,2295935,2315284,2278271,2274439,2342490,2261080,2208539,2024416,2091027,2179512,2037634,2043939,2147234,2322205,3069873,188,2241377,2149368,2212958,2221591,2203118,2129465,3066515,2671632,2075343,2831631,2118920,2203662,2099029,2152065,3077919,2158159,2853247,2555776,2439744,2233549,2812591,2599133,2215799,2138344,2185799,2146625,3082153,2366763,2130102,2185778,2173202,2172877,2122498,1997293,2190637,2110553,2140631,2144252,3047252,2346390,2336546,2294373,2252630,2407278,2295069,2304688,2840842,3011548,2988259,2964884
3094913,2604113,2972167,3096059,2171191,2229621,2508595,2200856,2211555,2227476,2186403,2084605,2146384,2127872,2127869,2192999,2220365,2189276,2625821,2122632,2144598,2530833,3039674,2738807,2561764,2120795,2127998,2025140,2241426,2262671,2288551,2324664,2275739,2271573,2339753,2264981,2199148,2013955,2090580,2169680,2046024,2053643,2154234,2318158,144,3069934,2237183,2144881,2215530,2231257,2204770,2131613,3093845,2661670,2075071,2844356,2118475,2196722,2100325,2163151,3083234,2152482,2848582,2563966,2439758,2229915,2793308,2599793,2214804,2134768,2196994,2128196,3099687,2365736,2136838,2175099,2169920,2183922,2119205,2016359,2190783,2113795,2149265,2135009,3041355,2364401,2329450,2287021,2256971,2402965,2298163,2304202,2849024,3004543,2989776,2963067
2289465,2476739,2361155,2291817,2331784,2401801,2486896,2443311,2392813,2370825,2534729,2325985,2295440,2313160,2352194,2323697,2341975,2343936,2467328,2254901,2372831,2492324,2342141,2433823,2486058,2432284,2360067,2253345,2533135,2483454,2504425,2523799,2486439,2485338,2541953,2545553,2359548,2181248,2237801,2339704,2197470,2241993,2324270,62,2318177,2322299,2471607,2377269,2434156,2504568,2443064,2363897,2313341,2466779,2320702,2385901,2364219,2398192,2352421,2375192,2324376,2404291,2410001,2474895,2507867,2468672,2425808,2486389,2506818,2303943,2345551,2322731,2326767,2540763,2318834,2349461,2344671,2437010,2311294,2209388,2358669,2382800,2285854,2434758,2328908,2535958,2497138,2488357,2553258,2542864,2504211,2571931,2393449,2362980,2352487,2364543
2139336,2255195,2191710,2135888,2568688,2447829,2276436,2420331,2480114,2486885,2390341,2606031,2536207,2538615,2564489,2533912,2508280,2549243,2267283,2509873,2519126,2299220,2182777,2244221,2267995,2444799,2578364,2549976,2372368,2398189,2366602,2360890,2390639,2386830,2347452,2359082,2464019,2450204,2514264,2559299,2449174,2505351,34,2324351,2154266,2147491,2380520,2480826,2387596,2344944,2411793,2488798,2163546,2225366,2588341,2210199,2523690,2438538,2580793,2531445,2165612,2473147,2205180,2275096,2314619,2409763,2209302,2275305,2394638,2545947,2524432,2595426,2168189,2327087,2555012,2562999,2558258,2431257,2536083,2447064,2502588,2531049,2514440,2465704,2175566,2343488,2363071,2371808,2377536,2322903,2377860,2327018,2208067,2182261,2186630,2192488
2028929,2177628,2097704,2026001,2563976,2378844,2204785,2365335,2405705,2425556,2336863,2575169,2739366,2721524,2495821,2465880,2437180,2488338,2185097,3007896,2461649,2209637,2057322,2162598,2200562,2394291,2528526,3073835,2308814,2336025,2312771,2287110,2323716,2315735,2281809,2302567,2402430,2981117,2987118,2481436,2963572,24,2505317,2242031,2053677,2044142,2318436,2425933,2330220,2301172,2357962,2421563,2057295,2163638,2600228,2123448,2461817,2377095,2523646,2463998,2063471,2402869,2108870,2198391,2224068,2355074,2128303,2201908,2327963,2718792,2455676,2538553,2056017,2276161,2680481,2495071,2549563,2385961,2704125,3070580,2452641,2468724,2851158,2402468,2072625,2269987,2299336,2301675,2300281,2245896,2289379,2258018,2125907,2092378,2083012,2087129
2034679,2145338,2073364,2022564,2488956,2349292,2169217,2309565,2380933,2386215,2264873,2512684,2685653,2657629,2450438,2433084,2406056,2440010,2138368,2996708,2416712,2170851,2054715,2101874,2153618,2344592,2485711,3183480,2266795,2285792,2263094,2253006,2284989,2273374,2237250,2254793,2342604,4030163,2970032,2436263,28,2963559,2449162,2197468,2046088,2037690,2257884,2382058,2289245,2250316,2303984,2388592,2052927,2119226,2569060,2099672,2429147,2331587,2485007,2410928,2052656,2361504,2084252,2155500,2189893,2310081,2093603,2149478,2281896,2654389,2424880,2505356,2046169,2222227,2641540,2441266,2499554,2321129,2654484,4249350,2416810,2431359,2815557,2363659,2055490,2227544,2241973,2246042,2250793,2213322,2249071,2225264,2094962,2065314,2057511,2056731
2158420,2264925,2204700,2151242,2557477,2464963,2294267,2413762,2495351,2493191,2382505,2571594,2504342,2528408,2543858,2546727,2515204,2541885,2275822,2477509,2518254,2299650,2191151,2243057,2282661,2440566,2580196,2507149,2379896,2388829,2371511,2351846,2387739,2377318,2349338,2363586,2456560,2398960,2482911,44,2436263,2481463,2559171,2339773,2170038,2179856,2382021,2485225,2392380,2366300,2421278,2509706,2180680,2252158,2579901,2233228,2526470,2450442,2561001,2529400,2182178,2478567,2215103,2276045,2313210,2416264,2235156,2281445,2412086,2521647,2534239,2565404,2176405,2345917,2524223,2558300,2540781,2442451,2510784,2411777,2510540,2531676,2481814,2467189,2196960,2349911,2367059,2382008,2375744,2325084,2370094,2344386,2227424,2199572,2199036,2212962
2079017,2171190,2117293,2069100,2550071,2384048,2200656,2331554,2420333,2430959,2288636,2582439,2731545,2720416,2507720,2479959,2467879,2499803,2172619,3001891,2454158,2206087,2104233,2150416,2170814,2349980,2523675,3055517,2287914,2315517,2274066,2263514,2308826,2290760,2261678,2264691,2398956,2984607,32,2482946,2969892,2986890,2514210,2237824,2090933,2091255,2296906,2418359,2318695,2278031,2334536,2431294,2097747,2169316,2608087,2133765,2476226,2372685,2536758,2477423,2094878,2405858,2119272,2186727,2232345,2327935,2132536,2199853,2307495,2707438,2468283,2555010,2089692,2252896,2671883,2493995,2556504,2357296,2690449,3059392,2480228,2469165,2855639,2389475,2105942,2259931,2277417,2296192,2297689,2240802,2274133,2238168,2125049,2111822,2112532,2108653
2002488,2105035,2053318,2016679,2488717,2330738,2152991,2295392,2366338,2342975,2250261,2521344,2698018,2654368,2433093,2404648,2391604,2416373,2107339,3002141,2388562,2143894,2023145,2092040,2129784,2311777,2449169,3188647,2244088,2253890,2226149,2228620,2252078,2256128,2209058,2236088,2337372,22,2984575,2398964,4030079,2981082,2450198,2181249,2014200,2024620,2249126,2357238,2264551,2235275,2292035,2372203,2027303,2102955,2559755,2071365,2409021,2316113,2466808,2390712,2028110,2344858,2063694,2127697,2168680,2279281,2061846,2137416,2266785,2651780,2387977,2505583,2015085,2194755,2624536,2419095,2495832,2298318,2664627,4846344,2391684,2398485,2826275,2334667,2026500,2221545,2229269,2244752,2244966,2187357,2239760,2200824,2070095,2041819,2038697,2039374
2197314,2286225,2195252,2200499,2479455,2499969,2303603,2447344,2511284,2511534,2393846,2501575,2446673,2462417,2490076,2522928,2522570,2495944,2283465,2413165,2525174,2299579,2194082,2251201,2301156,2470108,2505390,2429017,2394905,2416824,2391613,2368822,2422023,2411762,2370151,2378134,38,2337390,2398905,2456533,2342537,2402399,2464084,2359550,2199517,2208888,2393019,2529910,2439527,2386563,2455823,2523863,2212134,2283449,2492701,2211178,2547876,2491643,2512104,2528441,2209695,2493481,2234911,2273720,2320630,2436380,2258593,2268773,2431282,2453222,2493074,2497909,2204516,2378688,2454721,2485966,2453237,2460037,2467603,2332461,2488295,2521216,2408034,2479360,2214020,2362237,2399671,2405038,2401373,2353731,2387601,2361364,2214431,2234112,2221280,2220927
2197107,2410115,2292733,2204667,2350103,2428616,2464857,2490773,2403027,2400268,2569405,2373936,2326682,2342966,2373500,2335677,2357963,2365926,2410837,2279869,2385579,2450617,2262153,2343651,2425804,2477703,2363076,2269594,2548633,2489595,2517271,2529775,2484884,2483090,2530449,46,2378151,2236073,2264661,2363580,2254645,2302454,2358990,2545421,2265345,2261343,2511953,2406032,2480656,2544845,2478304,2417496,2269792,2408789,2354663,2318667,2394927,2431225,2379429,2389965,2264426,2434577,2310408,2435703,2483738,2490649,2303639,2424353,2538720,2328566,2369324,2334155,2257825,2519298,2332320,2368489,2352618,2461897,2337723,2218489,2382435,2413797,2306075,2458309,2269903,2548717,2515171,2501160,2575161,2510102,2520720,2543532,2313063,2277802,2286703,2299915
2295490,2434029,2362304,2288975,2337640,2428484,2468965,2463907,2385653,2390479,2553857,2349008,2302984,2309766,2356079,2312851,2357644,2349079,2444544,2286322,2381224,2479915,2341228,2394791,2435465,2448385,2350451,2247634,2510264,2483163,2495692,2507429,2465652,2482879,42,2530483,2370120,2209041,2261695,2349310,2237185,2281758,2347363,2541920,2340145,2342766,2493841,2399401,2459385,2524057,2470066,2404458,2330181,2443869,2332918,2386674,2375777,2423700,2352708,2377592,2340630,2422022,2379961,2453731,2483784,2480847,2376343,2456412,2516457,2308317,2371052,2323232,2334952,2507381,2316911,2348399,2344924,2436817,2321671,2214784,2369745,2377570,2289647,2437620,2343210,2529636,2501580,2495742,2544374,2496129,2516490,2511862,2382126,2345534,2360681,2361174
2223256,2378300,2302696,2216887,2363461,2447911,2426979,2496603,2428450,2403943,2533211,2377712,2336140,2352358,2394245,2372865,2398334,2391553,2372214,2301295,2397790,2410051,2261667,2345271,2387724,2480244,2385874,2274503,2496778,2509944,2490302,2476993,2491739,32,2482907,2483044,2411788,2256092,2290743,2377317,2273309,2315700,2386821,2485305,2271874,2274702,2515825,2429046,2511909,2520272,2503282,2433063,2268787,2363895,2378068,2324050,2417707,2467236,2394393,2412173,2270371,2452252,2320054,2415905,2443667,2517587,2312778,2403708,2541528,2339854,2392122,2364044,2263077,2469619,2351493,2381928,2376980,2477376,2356071,2222721,2408149,2412762,2334212,2498134,2277668,2477523,2501972,2511780,2511117,2451679,2504988,2482533,2321339,2291657,2284360,2291791
2231630,2385091,2308831,2219563,2382413,2456575,2411768,2512144,2438437,2421945,2515083,2395916,2336651,2364033,2408056,2392891,2389679,2400468,2376755,2316294,2430121,2405916,2274400,2333077,2356405,2506722,2404968,2295421,2482467,2500218,2482548,2468332,36,2491759,2465712,2484964,2422008,2252056,2308793,2387739,2284927,2323702,2390642,2486424,2275993,2278627,2513910,2434748,2504396,2493574,2507457,2444891,2268957,2372050,2387568,2322440,2421198,2475784,2396474,2429061,2279537,2479797,2324600,2397986,2432713,2528990,2329677,2398978,2528609,2357198,2398845,2381315,2270313,2456694,2360313,2402283,2385869,2485983,2360995,2247959,2393918,2421510,2336093,2497926,2268958,2478172,2487841,2498190,2496850,2443719,2495019,2467054,2322775,2290761,2305453,2314607
2267853,2427481,2336075,2266444,2345736,2428563,2449268,2483602,2378506,2386788,2548073,2345476,2341134,2320170,2361063,2322956,2365849,2350712,2423515,2271182,2361842,2449684,2306495,2376513,2427212,2449989,2340596,2249749,2521956,2466835,2495145,30,2468335,2477015,2507452,2529785,2368818,2228605,2263512,2351819,2252926,2287042,2360889,2523709,2324974,2315591,2500382,2397329,2470109,2524533,2469397,2393684,2305383,2413681,2342004,2352365,2375572,2429622,2360535,2390601,2323327,2423403,2373120,2432254,2478254,2471669,2367866,2431849,2518200,2317046,2362410,2322935,2324299,2509731,2313285,2363216,2350533,2447463,2323622,2208328,2366685,2392513,2302515,2446626,2316585,2528263,2507139,2503757,2546822,2500270,2523824,2515865,2366206,2344397,2329538,2347146
2232415,2414448,2314111,2227669,2345642,2429259,2453453,2471484,2407353,2413569,2546490,2368192,2331944,2346565,2393028,2359195,2381685,2376846,2402599,2285001,2379718,2434471,2274093,2356285,2412675,2475895,2357869,2261316,2510041,2496166,34,2495231,2482535,2490278,2495680,2517206,2391546,2226105,2274037,2371458,2263064,2312766,2366551,2504446,2288929,2296304,2517272,2424382,2489413,2540582,2483581,2416908,2292903,2396501,2356157,2328761,2389078,2453508,2388424,2407902,2275347,2438365,2313600,2415044,2449966,2512795,2322039,2417913,2542946,2327675,2377324,2339413,2272305,2494101,2333078,2369151,2358580,2457945,2361127,2216645,2403387,2395454,2311215,2468778,2305707,2515800,2527469,2513631,2536699,2478666,2527814,2514281,2326579,2302041,2303023,2322544
2192359,2373692,2288135,2189668,2371923,2455468,2416574,2508839,2435007,2413428,2523022,2412123,2341095,2368422,2399726,2382394,2400396,2397000,2363710,2314856,2413717,2405030,2252456,2332744,2384271,2502470,2388174,2299065,2513313,34,2496178,2466826,2500254,2509796,2483174,2489595,2416817,2253866,2315470,2388850,2285758,2335988,2398156,2483460,2263031,2244827,2524407,2437654,2507122,2516833,2512863,2441778,2250330,2345069,2390380,2312113,2427333,2483241,2404275,2422370,2245765,2456537,2303836,2389264,2432605,2522809,2304438,2391195,2535384,2361495,2410952,2376060,2246110,2457800,2351650,2407436,2400518,2483220,2366408,2250539,2407027,2430201,2326349,2494681,2263820,2485011,2507037,2514858,2515452,2445396,2503433,2464998,2310789,2275455,2270220,2280633
2221863,2369581,2270178,2207554,2367490,2443767,2437877,2502324,2415161,2403855,2587670,2378795,2324599,2336460,2400211,2354721,2368027,2390237,2386830,2301108,2406473,2429735,2249470,2309066,2391255,2501532,2365355,2283588,50,2513269,2510025,2521867,2482463,2496736,2510271,2548638,2394852,2243983,2287850,2379901,2266626,2308704,2372287,2532966,2241686,2250475,2531911,2421108,2488748,2557898,2486733,2430609,2248083,2377043,2357813,2283694,2399880,2454451,2396871,2407649,2252372,2467751,2291987,2416301,2466371,2513458,2302776,2402071,2554745,2340730,2389231,2352922,2253301,2507425,2338142,2389062,2370026,2469805,2351209,2243870,2386294,2422053,2315416,2490682,2255107,2524288,2532065,2531163,2575570,2499513,2546001,2528328,2285003,2272894,2262288,2271175
1982172,2128376,2043747,1984223,2553681,2391472,2160408,2360220,2437864,2429258,2301745,2595100,2760559,2746374,2517093,2496210,2468085,2511109,2142391,3073713,2459871,2146311,2008643,2085005,2120636,2364222,2508033,28,2283603,2299075,2261310,2249756,2295451,2274525,2247702,2269601,2429001,3188607,3055476,2507166,3183411,3073804,2549967,2253323,2025438,2021364,2303497,2442856,2322952,2277873,2356063,2453976,2008668,2121496,2653213,2065734,2475796,2377335,2550982,2473815,2030093,2409386,2068931,2132264,2196825,2329765,2066845,2148385,2314426,2739165,2467861,2561816,2025613,2242965,2708807,2500330,2578172,2375465,2723482,3275106,2472481,2478813,2896176,2416727,2033588,2240144,2273855,2284501,2282353,2205349,2272750,2239097,2056101,2035165,2036005,2042385
2099976,2236736,2148878,2089915,2570349,2475662,2261440,2436617,2519162,2516632,2401507,2606078,2527072,2527891,2575902,2585443,2556425,2572032,2224743,2505175,2539743,2246004,2126782,2190605,2218086,2461068,34,2508050,2365419,2388183,2357863,2340590,2404948,2385886,2350486,2363136,2505378,2449141,2523670,2580248,2485655,2528507,2578288,2360019,2128267,2131265,2398676,2529990,2400747,2367191,2442554,2540644,2127629,2205616,2605078,2169705,2569775,2480788,2606985,2564161,2132795,2498686,2172764,2240596,2293263,2426667,2178620,2246885,2406917,2553927,2544658,2611511,2131756,2322297,2563535,2568223,2560739,2455077,2544256,2454982,2531226,2550378,2503736,2497498,2129600,2342524,2369133,2383735,2364470,2314893,2368752,2329588,2175165,2146922,2146205,2147274
2090340,2290880,2153925,2086154,2425416,2507283,2331785,2552077,2493261,2480782,2519655,2466776,2389303,2420025,2465785,2449852,2435492,2451633,2281536,2365796,2480447,2320243,2108085,2206070,2299894,52,2461043,2364149,2501502,2502391,2475794,2449899,2506715,2480201,2448414,2477668,2469977,2311667,2349967,2440486,2344358,2394105,2444702,2432177,2121101,2134626,2501568,2505745,2536538,2488749,2565450,2504495,2132035,2273515,2464265,2169490,2506713,2543858,2472558,2485333,2128992,2549062,2164977,2293642,2384536,2544754,2174820,2301604,2539724,2408302,2459926,2439226,2130873,2442190,2412581,2458293,2428621,2562251,2411585,2311874,2446833,2508517,2379373,2589903,2126659,2437040,2473244,2487260,2493485,2412229,2480603,2443100,2179700,2140374,2136629,2158427
2539045,2629423,2561600,2527155,2267118,2338322,2614840,2350714,2311453,2313068,2420875,2228395,2240778,2246658,2277662,2275557,2297966,2274629,2613837,2217836,2269579,2583682,2535378,2573251,58,2299956,2218091,2120644,2391362,2384276,2412727,2427224,2356452,2387736,2435558,2425806,2301174,2129825,2170776,2282684,2153471,2200540,2267900,2486016,2562088,2557404,2398254,2317301,2377332,2453688,2346945,2305399,2543106,2613706,2209468,2571430,2269690,2307522,2255582,2283035,2538670,2300658,2575549,2629341,2559305,2360890,2584919,2620312,2399073,2238732,2268271,2245265,2546655,2488119,2237374,2281266,2272580,2324678,2264115,2118285,2297687,2281427,2226517,2315104,2561397,2472782,2424824,2415917,2436507,2521819,2418744,2515228,2555316,2543885,2556572,2564380
2678993,2679346,2765198,2678560,2212852,2296822,2595062,2297247,2271916,2262438,2319950,2157737,2187077,2165673,2194052,2222668,2242737,2217677,2622432,2169599,2218267,2580770,2723531,134,2573180,2205967,2190606,2084910,2308988,2332669,2356170,2376420,2332983,2345195,2394716,2343626,2251062,2092045,2150374,2242924,2101673,2162354,2244012,2433628,2738830,2732237,2347071,2262286,2315933,2365582,2301429,2235667,2739992,2673051,2156325,2817549,2207311,2256425,2195670,2232999,2755904,2236618,2771804,2656239,2492961,2298802,2779389,2631114,2288331,2213071,2254624,2191851,2751128,2431997,2200947,2252660,2235703,2292753,2184674,2079886,2252177,2191561,2181374,2220734,2757033,2413437,2359581,2338076,2316071,2452977,2381776,2406484,2826342,2764452,2785424,2773695
3015372,2582250,2981281,3020557,2180138,2234074,2509772,2215666,2225245,2209145,2199222,2101701,2124114,2113254,2142617,2186541,2188256,2177590,2620597,2130982,2108726,2522922,150,2723454,2535147,2108055,2126682,2008590,2249399,2252328,2274002,2306434,2274223,2261512,2341079,2262049,2193881,2023086,2104179,2190940,2054420,2057013,2182529,2341932,3039462,3022965,2279111,2166962,2230641,2260712,2234866,2156625,3027326,2647379,2084294,2857215,2121348,2193406,2085088,2149910,3036826,2178831,2861858,2574963,2442813,2227615,2774019,2584634,2203728,2146289,2198583,2151640,3034472,2367342,2145294,2186972,2178484,2182554,2114449,2010055,2177427,2118984,2155908,2152927,3009419,2345498,2308006,2297591,2233685,2386750,2299022,2297576,2868464,2997890,2984745,2961847
2509860,2592165,2562371,2511573,2287820,2348205,2603015,2378820,2319831,2319301,2446788,2247624,2235551,2249621,2298249,2270236,2289613,2286232,2566885,2216623,2278108,50,2522992,2580947,2583923,2320287,2246022,2146298,2429797,2405038,2434502,2449688,2405966,2410063,2479919,2450648,2299575,2143908,2206085,2299616,2170811,2209575,2299096,2492388,2531139,2533312,2421599,2316209,2393803,2452338,2369442,2311875,2515846,2565408,2241176,2592342,2295632,2341029,2260805,2294596,2548641,2321066,2560837,2601014,2586037,2383835,2572523,2583814,2398507,2264058,2295146,2255237,2538275,2490396,2257040,2303822,2296462,2341679,2263526,2146503,2320629,2311266,2242288,2330214,2549640,2482411,2435207,2431827,2447362,2539048,2438870,2516978,2563031,2537444,2540409,2569750
2105011,2257056,2155626,2100644,2504686,2504287,2285664,2485977,2524412,2517537,2409191,2548617,2458503,2474806,2508012,2524277,2511990,2517281,2258773,2437008,34,2278096,2108827,2218391,2269559,2480439,2539778,2459842,2406516,2413628,2379680,2361842,2430101,2397789,2381233,2385581,2525103,2388547,2454139,2518249,2416709,2461604,2519108,2372893,2144955,2136359,2432233,2550535,2434297,2407550,2462404,2561976,2131786,2258714,2545849,2199608,2585613,2483057,2555651,2562985,2143392,2518954,2194739,2273820,2311769,2449069,2218575,2285420,2425975,2483816,2539459,2544938,2129237,2357376,2480361,2528046,2496551,2499998,2477202,2369503,2520446,2549532,2450674,2513763,2146940,2377771,2387479,2410735,2388970,2334382,2397091,2364645,2197024,2143608,2163419,2146185
2107524,2188185,2133827,2107613,2530617,2367516,2216062,2343341,2400864,2401278,2293959,2541627,2683034,2667451,2457189,2437559,2421205,2458542,2169288,22,2437015,2216634,2131089,2169743,2217859,2365882,2505227,3073760,2301161,2314869,2284996,2271154,2316300,2301391,2286312,2279901,2413127,3002206,3001951,2477454,2996763,3007870,2509912,2254940,2122977,2114675,2321148,2418899,2343398,2304579,2358898,2417784,2121945,2181063,2590328,2135150,2446593,2387792,2496914,2441234,2128081,2389096,2135494,2200232,2248524,2328392,2154655,2200052,2318530,2680347,2447303,2537592,2100931,2275974,2657079,2477359,2534795,2366330,2688649,3056836,2440089,2456175,2839489,2372280,2123822,2269134,2297915,2301449,2300057,2241992,2291841,2266358,2143947,2123936,2129866,2121630
2637141,2666608,2599309,2631938,2251099,2304839,2596781,2317027,2282881,2276186,2385496,2198057,2175162,2172896,2237114,2216413,2255866,2228030,76,2169227,2258784,2566982,2620815,2622632,2613897,2281591,2224748,2142427,2386884,2363706,2402597,2423516,2376712,2372242,2444565,2410873,2283445,2107387,2172657,2275784,2138376,2185042,2267227,2467306,2626237,2630135,2396552,2272295,2342332,2400176,2316446,2274008,2631497,2677856,2210303,2613455,2240482,2302169,2219645,2262988,2632409,2277519,2647554,2665403,2550487,2330387,2663623,2655630,2349196,2229915,2286501,2226710,2635832,2456211,2231128,2262216,2267995,2310853,2219575,2108200,2277057,2258726,2220546,2261953,2620574,2463231,2412935,2400897,2402940,2510369,2409144,2492020,2616464,2619401,2617111,2623967
2158380,2256968,2183206,2163832,2527888,2439929,2277370,2409123,2482498,2472897,2380425,2558906,2474207,2483277,2531625,2515061,2499120,28,2228040,2458544,2517321,2286239,2177703,2217790,2274645,2451775,2572077,2511124,2390331,2397009,2376915,2350764,2400495,2391547,2349140,2365957,2495926,2416335,2499876,2541878,2440009,2488273,2549301,2343996,2189539,2174527,2394099,2488410,2404853,2370225,2430708,2503142,2176905,2248272,2571538,2214516,2532730,2453772,2561546,2533686,2185696,2482151,2206997,2267373,2309971,2419127,2215964,2266276,2392986,2513312,2528403,2555902,2174327,2341111,2513630,2551153,2529023,2442649,2502346,2404564,2518859,2535606,2475662,2463538,2183054,2345027,2365466,2385215,2373178,2325443,2363586,2345198,2190722,2191290,2178332,2186088
2208305,2282906,2210150,2207263,2513404,2459334,2302743,2393948,2474846,2490422,2361273,2514963,2456280,2461872,2494839,2536657,48,2499093,2255879,2421158,2511945,2289641,2188388,2242839,2297971,2435568,2556470,2468038,2368055,2400401,2381681,2365875,2389704,2398373,2357637,2358027,2522497,2391557,2467845,2515167,2405997,2437181,2508197,2342038,2220681,2236006,2373757,2511910,2404416,2372873,2415380,2508990,2206014,2280514,2540688,2232595,2532751,2442554,2553296,2527777,2227104,2469200,2234792,2267831,2309336,2403508,2240485,2271578,2392344,2480645,2517984,2526182,2208376,2356644,2490602,2505781,2499379,2435877,2493022,2373780,2536589,2534536,2448855,2461571,2218438,2353222,2371431,2373977,2375932,2325945,2365873,2341444,2219915,2232787,2220269,2219184
2187726,2270350,2195637,2180678,2530273,2447959,2280052,2410106,2491142,2507164,2349655,2537749,2468629,2484831,2496532,54,2536634,2515082,2216353,2437508,2524165,2270258,2186589,2222707,2275598,2449933,2585417,2496148,2354795,2382399,2359196,2322968,2392845,2372946,2312821,2335752,2522812,2404596,2479925,2546711,2432994,2465814,2533774,2323679,2193242,2186874,2378671,2506351,2415924,2359148,2424121,2504330,2193714,2248525,2547996,2211070,2548857,2466586,2560735,2548649,2179554,2491092,2203577,2253722,2291442,2403890,2230042,2254051,2387653,2506183,2529072,2555603,2180404,2341519,2510846,2544956,2506099,2441852,2506865,2378450,2558572,2545191,2470824,2467336,2211025,2329965,2357266,2378509,2340063,2308687,2345249,2313824,2197843,2195296,2203035,2190576
2097927,2254273,2148761,2121896,2540069,2452586,2304902,2415536,2465210,2474904,2393708,2561112,2478543,2508451,52,2496628,2494909,2531525,2237154,2457181,2507957,2298306,2142836,2194254,2277607,2465839,2575956,2517060,2400222,2399665,2393015,2361051,2408020,2394247,2356096,2373492,2490040,2433051,2507715,2543919,2450426,2495828,2564414,2352216,2128210,2136000,2406101,2493060,2422556,2383725,2432293,2506263,2131732,2246698,2593272,2179126,2511424,2449940,2584792,2527912,2139523,2487664,2159233,2283102,2353928,2429555,2187317,2277422,2422258,2531797,2525351,2585670,2135987,2345847,2525210,2539676,2540102,2441838,2520753,2423760,2506862,2547036,2493997,2479835,2152914,2359061,2372286,2395079,2390580,2348339,2381504,2368613,2165657,2145383,2150027,2143871
2094139,2222172,2139199,2106404,2549474,2410485,2249283,2373099,2432954,2447370,2326457,2567562,2701365,20,2508438,2484882,2461865,2483424,2172936,2667459,2474842,2249636,2113369,2165835,2246667,2420036,2527962,2746381,2336455,2368433,2346572,2320197,2364011,2352346,2309729,2342955,2462412,2654342,2720449,2528350,2657662,2721626,2538635,2313291,2128235,2141287,2346263,2465608,2385076,2333255,2385621,2463166,2132658,2209069,2632043,2156390,2480625,2431564,2555570,2485272,2119900,2436751,2142166,2229067,2270603,2360252,2163892,2210537,2363272,2705998,2488167,2562168,2115573,2307071,2686581,2522371,2567628,2394627,2711450,2665087,2490141,2495487,2704134,2425961,2147665,2311993,2330328,2334858,2329341,2294747,2328099,2301405,2157128,2140930,2133737,2135909
2127992,2231659,2153720,2119297,2552590,2397874,2250283,2373766,2426297,2436086,2322630,2554727,26,2701413,2478507,2468648,2456343,2474166,2175138,2683006,2458477,2235602,2124155,2187116,2240829,2389407,2527126,2760563,2324674,2341137,2331934,2341152,2336700,2336179,2303046,2326695,2446655,2698042,2731613,2504330,2685665,2739342,2536210,2295468,2146655,2132839,2329516,2450571,2357363,2318841,2386608,2458767,2132814,2238441,2613569,2168999,2464594,2407469,2526424,2460551,2133560,2415579,2153344,2219631,2265940,2357021,2161153,2228095,2338714,2701916,2464262,2534100,2123440,2305880,2688974,2484421,2560400,2390360,2705671,2693098,2472600,2478799,2725091,2411878,2160885,2301673,2323738,2332893,2321308,2273483,2304120,2292904,2164260,2152497,2145130,2161892
2055965,2200912,2107439,2071908,2593578,2456636,2207884,2415852,2486147,2474176,2378337,42,2554746,2567596,2561112,2537805,2514987,2558897,2198040,2541596,2548653,2247648,2101777,2157898,2228439,2466773,2606117,2595060,2378829,2412130,2368182,2345512,2395846,2377716,2349012,2373997,2501603,2521310,2582436,2571522,2512691,2575186,2606031,2326028,2084903,2093647,2395210,2507383,2410985,2364542,2435468,2524173,2095386,2194879,2649593,2145751,2557671,2448455,2616957,2545057,2091921,2490884,2132289,2220552,2288612,2422099,2139430,2223669,2402012,2591264,2534156,2634168,2099747,2316736,2587571,2571790,2599155,2448038,2582409,2483745,2541189,2551922,2557738,2493184,2102127,2333438,2356527,2380154,2368740,2308105,2366586,2332708,2137668,2113772,2113002,2125055
2177729,2386481,2225651,2160650,2356305,2421344,2412673,2505734,2406213,2383071,64,2378279,2322620,2326384,2393543,2349659,2361230,2380362,2385385,2293907,2409058,2446797,2199284,2319937,2420851,2519610,2401498,2301689,2587770,2522955,2546482,2548033,2515051,2533127,2553918,2569393,2393739,2250241,2288590,2382477,2264697,2336755,2390157,2534622,2186672,2202349,2535865,2425760,2494897,2578421,2492015,2434321,2188884,2375104,2385280,2285787,2418708,2466033,2401692,2407229,2203146,2464801,2277168,2415752,2486479,2525317,2296705,2399562,2559964,2339768,2389615,2349661,2196166,2526062,2333360,2388798,2390131,2490936,2350968,2243924,2401902,2435852,2323653,2505392,2209491,2536731,2531252,2535772,2578048,2502840,2545886,2543540,2277419,2223803,2215672,2236941
2180979,2310201,2235021,2186230,2460072,2465742,2303199,2435666,2479378,38,2383109,2474150,2436099,2447363,2474906,2507190,2490418,2472903,2276096,2401334,2517529,2319257,2209209,2262502,2313125,2480885,2516680,2429272,2403950,2413463,2413564,2386780,2422001,2403973,2390556,2400338,2511531,2342981,2431011,2493190,2386184,2425540,2486844,2370855,2227768,2219541,2421683,2536685,2430578,2396173,2465937,2530099,2227823,2288261,2504026,2250128,2552903,2474716,2512102,2519963,2222566,2487744,2241195,2308230,2323301,2449727,2247849,2295855,2422971,2450120,2493983,2503593,2214613,2375247,2444327,2491790,2476504,2464854,2466700,2333281,2516707,2519802,2425519,2493911,2252994,2376117,2395776,2405695,2401399,2354593,2390156,2355239,2236589,2229349,2232382,2242641
2201605,2293323,2230229,2182195,2447275,2495079,2295106,2465403,56,2479362,2406347,2486098,2426300,2432883,2465195,2491158,2474874,2482524,2282895,2400896,2524379,2319871,2225401,2272071,2311436,2493243,2519178,2437817,2415134,2434964,2407429,2378529,2438424,2428470,2385677,2403059,2511194,2366325,2420308,2495347,2380884,2405756,2480099,2392927,2211849,2223964,2416915,2523658,2459562,2407207,2484710,2533827,2218853,2276544,2495713,2251178,2550747,2493717,2492860,2517851,2211587,2516597,2247928,2318588,2335204,2449959,2266208,2308149,2432341,2463232,2501529,2494849,2211167,2368864,2456253,2498065,2470911,2480213,2447741,2336010,2491436,2522805,2419313,2512020,2226614,2393734,2398280,2415274,2401714,2358849,2399780,2359499,2244119,2231949,2223722,2247078
2182379,2317264,2230292,2172345,2374096,2468414,2344148,40,2465471,2435647,2505950,2415776,2373770,2373139,2415542,2410154,2393900,2409104,2317045,2343376,2485991,2378844,2215912,2297478,2350772,2552261,2436633,2360277,2502518,2508866,2471564,2483709,2512154,2496648,2463899,2490910,2447393,2295360,2331639,2413810,2309592,2365305,2420313,2443319,2200914,2207370,2504451,2461770,2516325,2475973,2543736,2466487,2200762,2302016,2411258,2264039,2469329,2507665,2421556,2443081,2209953,2511554,2242752,2343253,2415774,2530630,2262546,2338475,2508969,2384022,2434171,2415030,2213032,2437478,2379232,2423963,2406100,2525461,2391382,2278874,2414743,2453222,2362606,2532024,2217231,2451724,2472995,2497996,2482067,2418513,2473532,2463918,2253267,2226154,2228668,2240103
2477095,2610165,2513949,2467058,2242046,2315677,70,2344144,2295071,2303204,2412765,2207865,2250229,2249220,2304900,2279981,2302715,2277317,2596789,2216028,2285712,2603013,2510162,2595325,2614820,2331792,2261410,2160310,2437957,2416567,2453385,2449281,2411813,2426961,2468870,2464918,2303481,2152940,2200572,2294196,2169233,2204770,2276390,2486935,2508686,2512840,2422768,2323041,2388631,2461665,2370647,2305739,2495758,2589921,2238242,2546827,2292461,2320113,2266426,2296594,2510318,2325898,2540361,2612328,2578294,2375386,2552155,2600310,2404708,2242222,2301121,2249955,2496005,2494489,2253950,2294107,2295861,2344553,2284494,2142216,2332364,2283712,2231981,2323328,2524496,2483042,2431035,2415018,2461764,2528613,2435539,2536989,2556226,2532106,2532760,2537283
2194312,2309429,2251984,2186428,2407602,24,2315682,2468395,2495156,2465718,2421549,2456619,2397887,2410507,2452599,2447978,2459366,2439921,2304912,2367567,2504327,2348283,2234377,2297045,2338395,2507410,2475639,2391472,2443898,2455467,2429322,2428589,2456588,2447991,2428452,2428726,2499990,2330706,2384096,2464921,2349301,2378883,2447793,2401861,2229797,2223135,2442517,2502699,2462922,2420721,2491037,2497711,2233395,2310046,2456529,2261861,2498662,2501648,2454108,2486418,2238639,2528797,2269257,2334915,2373045,2474166,2279315,2331977,2450705,2427350,2472514,2458777,2250563,2398816,2415117,2453632,2431025,2508941,2412790,2302102,2450651,2490450,2386501,2537609,2242760,2421780,2430040,2430960,2432891,2382975,2428966,2380990,2271040,2243946,2240116,2246474
2150517,2234743,2175281,2159076,28,2407624,2242050,2374102,2447277,2460103,2356441,2593551,2552675,2549454,2540040,2530374,2513419,2527879,2251093,2530613,2504708,2287920,2180447,2213062,2267150,2425576,2570389,2553680,2367638,2371913,2345685,2345774,2382370,2363453,2337637,2350225,2479464,2488789,2550081,2557452,2488923,2563934,2568603,2331800,2171198,2175356,2366748,2481388,2390942,2353063,2401447,2479312,2170868,2236428,2634616,2205603,2513082,2448903,2575801,2511453,2182435,2454520,2198407,2258063,2301849,2391500,2198515,2263578,2375290,2559720,2515405,2584297,2170238,2324352,2572845,2549896,2567917,2415479,2541063,2461841,2532248,2509286,2532862,2455267,2174494,2328108,2352301,2361907,2357292,2309530,2346565,2339194,2198308,2183678,2180773,2197088
3392726,2527461,2887216,172,2159104,2186426,2467050,2172396,2181669,2185812,2160299,2071374,2118901,2105940,2121292,2180327,2206725,2163426,2631444,2107162,2100274,2511213,3020666,2678483,2526726,2085668,2089549,1983730,2207137,2189186,2227150,2266014,2219043,2216399,2288417,2204271,2199974,2016314,2068607,2150695,2022528,2025805,2135586,2291742,3096059,3092669,2237509,2120201,2191116,2209145,2182828,2096675,3101409,2671946,2045730,2799687,2075628,2185595,2051690,2124264,3089453,2131583,2817950,2537757,2473054,2200946,2860748,2565047,2185340,2108662,2164802,2107632,3110785,2324408,2104098,2133247,2124362,2133035,2064075,1962438,2140124,2094262,2126598,2104094,3001710,2312701,2296484,2265555,2223441,2376468,2256905,2287012,2820039,3009262,2972552,2908205
2872357,2585873,152,2887305,2175254,2251787,2513780,2230238,2229843,2234769,2225447,2107087,2153448,2138945,2148539,2195408,2209883,2182952,2599001,2133559,2155369,2562124,2981502,2765131,2561420,2153680,2148716,2043468,2269992,2287840,2313832,2335823,2308561,2302361,2362025,2292398,2194989,2053131,2117011,2204416,2073321,2097456,2191491,2361105,2972154,2946447,2294124,2201689,2252347,2308251,2260006,2181579,2947295,2628293,2096581,2879999,2160195,2209402,2113550,2182710,2966284,2185923,2802523,2587918,2422857,2237863,2718165,2592790,2237888,2165883,2199258,2156760,2959800,2381725,2153424,2204645,2206118,2201986,2134672,2033262,2190863,2147157,2150777,2175546,2969510,2357325,2308297,2291959,2268381,2398391,2320482,2320293,2889888,2973110,2990987,2959518
2535176,58,2586083,2527464,2234793,2309443,2610151,2317285,2293288,2310257,2386586,2200954,2231670,2222242,2254293,2270467,2282888,2256996,2666713,2188171,2257133,2592247,2582577,2679633,2629558,2290965,2236730,2128397,2369666,2373643,2414415,2427522,2385031,2378324,2434005,2410134,2286214,2105023,2171208,2264917,2145333,2177596,2255212,2476807,2604230,2612735,2380621,2301602,2361765,2432524,2331545,2271956,2603179,2693002,2194365,2644821,2242396,2288586,2238114,2257422,2590746,2282984,2644418,2682786,2523925,2334024,2656024,2677419,2349134,2221868,2266707,2226119,2610595,2468793,2209997,2274038,2249687,2306754,2236551,2111376,2297131,2234418,2197953,2265984,2621192,2442827,2403033,2383809,2391877,2498612,2415697,2486652,2639404,2620988,2613797,2631504
176,2534991,2872224,3392640,2150483,2194049,2476896,2182333,2201094,2180563,2177316,2055520,2127556,2093780,2097467,2187325,2207738,2157947,2636613,2107096,2104666,2509374,3015435,2678803,2538583,2089866,2099581,1981702,2221482,2191920,2232036,2267440,2231205,2222873,2294972,2196680,2196834,2002058,2078598,2157968,2034508,2028635,2139063,2289360,3094663,3073610,2240305,2129304,2189907,2235490,2175729,2108064,3087514,2653480,2042180,2800212,2089930,2182092,2054882,2122929,3076328,2129620,2844071,2532299,2468960,2217027,2844694,2555551,2197387,2106373,2170610,2119310,3114109,2334714,2105449,2144524,2139945,2152402,2084804,1956919,2153076,2091327,2120984,2106434,3014438,2320505,2317065,2283803,2244384,2388955,2269861,2290812,2828806,3016786,2987616,2925088
