965891,615025,180617,163988,213616,1463681,721469,567253,420446,122516,1356732,751673,1117540,263461,436319,363408,181240,579114,406515,178213,944338,208300,248726,1168479,111490,804402,138571,127713,168121,115380,667125,285319,245849,835261,295062,134001,662005,444637,178483,991276,410394,548941,680283,145395,167848,640700,318760,1218032,1406351,1389022,77914,778904,149598,282282,680404,570224,108990,143434,182410,618466,876122,112036,1502047,785746,174958,228946,220292,94977,553796,910592,218446,384497,205119,829253,79852,127958,305612,511277,162396,197715,754900,769822,1375285,524443,395647,106836,190900,220634,308836,596533,1094632,879262,90613,983793,1276751,24916
763275,713294,178393,178883,218149,714569,712051,822419,177028,273054,928696,642643,850794,142059,468888,390039,217184,432451,348146,149525,141906,424204,309652,1049441,124205,884511,275131,244308,354910,204193,692628,270101,308526,729070,370846,508351,952993,200937,176368,791982,305682,619876,434269,268103,128153,589472,473287,1118377,877780,1560579,140061,600583,176703,317492,949795,417123,151452,232908,246664,461058,1101290,209827,763410,710907,310908,110742,91029,324330,466182,850825,200213,823321,105241,535730,123338,268855,213931,733098,72909,177616,1150094,1139488,896632,202759,481271,235505,255875,270657,444567,673856,948597,952052,1123033,1238902,30006,1277831
830389,827107,163613,227591,149896,880465,519820,720236,440886,420131,583094,598566,692413,156167,632461,232749,244915,584580,148234,206659,84368,364629,139518,634891,299123,439083,268329,173565,223277,96201,592244,133857,240890,648695,193174,323247,949389,190313,378657,1176342,168760,600413,543974,310386,76467,730698,201636,810804,693818,983095,277199,625668,156875,186404,586341,503902,241095,253465,159078,157433,744816,158351,917846,673265,211875,275241,118753,292591,442349,1756326,227944,400211,180747,642466,389049,335253,292135,1074789,127945,297380,592293,787970,707921,225993,180995,440516,491618,121286,193359,883875,703603,803670,557623,21780,1238923,983758
148836,376315,541812,546000,442490,271483,542933,203384,249283,183834,451999,538137,247724,91375,305754,167706,181481,158868,284678,322294,444076,231323,95449,260870,326863,299004,92973,205689,111361,335978,162303,105947,147681,435185,176029,377533,202239,153914,135768,848505,187900,192015,134048,266849,96046,415510,134469,270372,109580,222125,392089,251271,117696,542491,100678,383463,392805,316917,132755,270691,585059,230300,215020,197852,277396,233704,70068,204414,256082,239885,210007,254040,264019,294661,369905,375527,144969,391841,271336,46871,353339,206504,179557,365891,242237,119735,99920,174346,509986,281336,188256,531340,12490,557640,1123104,90613
766154,747250,257957,164280,524853,756221,466227,306107,256943,179638,769886,516431,964709,83330,293336,321303,88172,479944,145962,234482,78389,444918,291323,657353,168740,523842,178579,153197,150712,127351,740507,456400,127089,701949,243804,128786,466762,235869,197163,692992,163991,282642,451315,153909,590414,577246,270379,1258483,787604,646774,176692,626368,166177,246166,671000,355951,244623,279669,244423,137957,403000,139145,629844,743805,150925,113646,168715,172096,425533,872253,425194,752283,148318,564938,175710,152451,152423,547596,84974,110647,668276,796621,608009,102432,273369,91643,318614,195496,284678,743854,713456,25932,531213,803538,951833,878939
799036,741423,295618,319994,181777,405539,254092,3046612,594718,85992,916745,607855,846595,86131,393028,82654,106268,389782,78649,165266,124719,96603,529866,542311,170592,407430,145329,104948,139820,116619,397457,241072,112401,402896,196428,124114,365318,359053,96950,395194,185814,633022,575108,76226,332981,377753,369662,626467,1070347,969236,156297,669776,199640,139920,728271,277458,229480,170082,310800,97266,553793,229315,893459,805503,212219,225529,65169,146411,402559,726062,176921,339456,348198,607237,131334,152286,116894,720729,117180,152705,529556,1008567,537526,140110,324670,192332,114425,208259,135526,981171,27276,714193,188219,703676,948672,1095389
545682,1157445,267724,128042,234751,750629,528314,491923,456830,453738,753818,667947,460985,318518,375656,283446,129998,318844,161674,98266,209596,162888,222656,512086,413386,326113,143224,101157,242783,123503,496828,428212,165820,366035,208510,137909,252774,354430,183791,422677,365259,310070,497996,119807,432981,522247,232630,420845,429461,701328,407481,599675,181324,104435,368352,476469,212978,253134,108107,235521,410974,92203,810647,544025,187910,238125,67612,134614,392341,724361,297649,614423,129988,607987,298344,241225,415730,799537,253878,124837,555312,666646,437718,128230,169880,133595,161632,84298,599725,22324,981107,743798,281311,883550,673753,596521
83738,175974,398546,255118,118052,185752,119186,146670,125502,165301,228840,148712,115863,134407,132372,108314,129954,190818,288466,329565,320984,233273,162080,452168,155880,344556,89719,165830,114782,95341,146557,302132,116894,214624,189982,242836,206312,229018,76875,244064,159368,189586,139370,94210,149044,220074,104826,94954,132210,78481,112146,156576,121676,452096,181490,99494,316624,407617,88913,484212,208257,107918,152582,630051,138549,54909,171847,141399,176068,705592,53799,179332,177430,211819,299694,150338,282584,208559,203913,303461,223036,132146,238372,239954,227228,178184,139853,184644,12810,599716,135616,284676,510078,193368,444622,308822
379121,65343,60584,281482,297170,130807,374643,279611,266315,125792,161974,147530,253738,273317,164115,230156,127110,446953,119057,369826,125618,110099,674669,171210,99892,221952,139767,224172,122077,86374,198125,385521,208232,160905,183355,351880,333566,99200,454665,238127,131051,176214,313159,141331,243907,235087,141854,285497,215800,522496,186274,179466,212206,91253,124389,254098,266509,150204,141737,217443,152034,201027,147939,111472,120759,941995,74965,268043,84986,151927,91501,142192,295345,223041,148270,333104,142442,95041,100079,301984,104880,139843,217848,102844,428524,415125,135407,12120,184647,84266,208260,195514,174268,121298,270626,220647
92645,378326,99472,195594,232308,134749,242827,133207,179232,205635,191444,108375,152346,213151,170687,180449,166411,373923,184582,173931,118872,117257,144043,99637,123461,354806,110897,222154,80168,173560,137565,106923,173903,112300,183312,211173,467602,101397,188203,124161,159140,309357,188187,383718,79578,272035,538919,206076,604612,112714,217039,98543,158666,115550,195758,213534,175247,212772,105690,109905,431563,112950,212353,188813,366854,124572,188222,155258,134664,132403,291925,337632,235561,164911,88949,255838,206032,272009,198695,176779,455168,357446,213385,227832,359578,344073,14068,135424,139828,161708,114426,318681,99924,491641,255913,190905
80977,255953,99777,250915,137146,176586,123945,188362,158061,133653,157480,368672,121461,191909,295501,251276,136147,339717,279809,150066,158320,167784,95665,268886,135918,127232,185897,296184,138779,350663,313726,149460,224171,109625,294369,309216,353478,270979,163413,287243,203813,164576,206411,264428,142111,249300,172719,340978,342718,150287,205290,85263,188258,263749,141316,294289,119400,451482,125332,423822,226562,158865,170860,411847,283553,93011,88308,244264,164592,145639,109270,214311,256297,152687,229737,455294,142105,99932,166849,156937,139556,436966,132779,108533,241196,12732,344064,415106,178159,133590,192339,91646,119748,440572,235539,106851
384122,559406,303097,185785,140785,151669,426736,150625,211510,204671,312199,118758,301253,96791,153508,213980,108374,306457,148409,245812,122318,419297,1239586,398892,169449,426919,153791,114847,149298,94796,142799,224016,165931,277399,134879,226933,256409,195195,186037,302991,384882,185821,151637,121799,96101,129382,180460,351856,260037,391189,107036,353411,92823,155931,473240,139665,218324,163964,130269,170346,340179,71197,358289,305424,281809,163243,261295,145386,152601,369376,119583,250277,260949,191966,201585,302522,542808,151731,120454,205394,286523,224600,369943,352564,18570,241201,359559,428626,227243,169847,324697,273540,242259,180956,481103,395522
163846,112378,340674,202126,180065,92654,137789,219278,163428,309367,273668,142106,106977,152383,644357,222316,99001,104350,105597,262804,302515,235122,127116,89785,80711,216735,158193,120452,91784,223725,294677,119479,167263,130050,229540,204969,255106,84731,227329,284694,151781,164779,165089,131712,236171,184443,86158,97052,109578,147479,131588,168736,110160,319392,124890,192495,212305,308805,170483,190338,208425,237873,170589,196557,149928,105822,120125,244850,141915,143520,221124,126813,151477,258863,199380,131848,122379,76043,165196,215361,119014,155525,167275,14370,352580,108549,227821,102809,240156,128207,140112,102451,365974,226047,202756,524446
827965,724198,168731,250091,275531,448482,627352,762063,150448,87596,415675,550655,654334,100826,705492,262701,143655,688360,327162,230472,292439,198464,183184,532974,244175,817611,103719,297376,396305,301647,637199,177973,168164,605231,321147,155197,1205543,105605,196716,673780,275983,663299,581660,135241,164510,797157,244006,834151,1627961,678012,127387,442062,303784,159915,529012,570333,415126,214387,151987,248111,645788,258181,415209,608616,246537,172164,132722,85490,431926,567116,212035,758589,136256,686325,432949,210464,202461,542593,200214,72452,540716,791868,53140,167253,369948,132778,213363,217873,238378,437843,537821,608449,179570,708259,896386,1375468
677522,554842,153250,320479,213726,646035,939424,392315,130412,172458,862515,472677,719369,274582,319274,241859,124978,276663,174587,176189,162376,202391,286092,738689,261030,281472,202941,131087,265810,359382,442097,143125,115073,413326,439356,75233,557080,92800,194866,541393,276519,431667,351525,266561,95959,815078,253391,1035100,580099,714942,251880,875024,412420,108762,808999,379631,98138,168909,154935,331095,684971,312518,589256,954428,195271,361822,82802,225611,220116,551906,145130,528484,266120,408035,236918,116608,934330,628563,160047,325598,770100,26766,792069,155512,224421,436926,357461,139861,132156,666719,1008563,796507,206496,788118,1139468,769771
602947,395517,394262,149936,179529,506417,418812,568076,221228,181401,626961,544438,464708,198436,361512,177952,74497,252281,138880,115982,136086,334762,205226,1131822,78549,499958,91372,182371,129865,119810,326575,237854,116558,362663,295924,223083,460167,324638,157086,460618,154218,377344,555764,103696,575758,550367,438928,717449,744602,706883,93254,960091,138788,132547,623024,398955,104155,249690,162346,64953,641227,86109,1025233,516003,136120,63951,167824,76434,320191,525431,269948,310562,339364,394457,87014,85321,246998,537460,130754,181636,25206,770074,540653,119031,286515,139569,455312,104876,222996,555209,529809,668571,353306,592364,1149572,754960
87679,110369,158783,167235,235361,123518,177406,422025,92591,554656,148532,112909,124934,100084,108658,158734,523165,218015,236004,105747,104563,96705,147104,236890,148545,161839,276965,275797,250289,246709,93674,114786,113965,221062,124220,88455,137647,120354,119248,229759,199880,169040,207816,113798,166758,115219,171245,64524,142433,221628,337782,117722,275344,159220,88365,115598,181861,100194,105695,92540,280730,122345,394088,117788,134805,121272,109974,162719,179162,250088,436448,444816,173787,91765,50396,129513,76831,424331,417323,12708,181593,325620,72449,215373,205416,156919,176786,301990,303482,124871,152814,110649,46844,297433,177823,197807
93582,114937,91335,91388,278588,212603,239628,227961,96910,78307,119410,200264,241060,179387,151338,68522,364960,95238,186506,140571,105484,124988,219259,330195,86470,128655,158992,134407,330969,209868,416045,77173,81293,164563,93721,163310,581016,151775,281361,145268,307132,277793,103478,126904,79113,90884,116886,127731,115385,92012,246034,275702,263720,422872,110442,116905,162601,54600,103313,73125,135694,74325,84583,124105,206388,140453,169064,93573,164715,110589,202279,161106,160008,192403,127464,154955,140132,171204,12458,417388,130755,160094,200226,165205,120493,166847,198828,100094,203914,253907,117203,85039,271092,127967,72914,162444
474432,336756,225089,230621,220434,465153,520996,549694,150931,119022,783513,560264,538803,304245,354023,234800,318068,501131,182401,131072,204315,144598,95247,470707,110312,347437,225912,101461,130533,297329,302274,121262,171544,697980,182617,223228,684467,151660,140686,349459,136529,931040,412047,212112,116597,411375,285118,560739,807110,648065,75008,529770,112971,130186,787892,252001,343067,226321,175394,212057,333260,75041,474932,564952,237624,144874,105356,195307,254041,479252,417192,287297,186932,544215,249776,115477,160899,23178,171206,424166,537539,628539,542641,76074,151729,99939,272012,95040,208591,799428,720792,547706,391822,1074793,733281,511228
101552,129871,210882,203503,87891,239319,164603,229124,111228,232307,172925,134616,172136,172246,214337,120815,164520,175056,143287,106426,156180,541637,192091,92189,202866,251152,136810,262313,84546,137706,224527,209290,142200,598652,337668,222879,110206,413441,117004,332164,138626,308688,347597,138133,134912,381080,211774,248907,230759,116983,410503,243564,96044,133377,149779,164060,115224,284891,204850,198757,157066,82401,288439,151654,368555,120111,87950,81955,215562,245997,334844,117049,106929,140914,240101,148740,12702,160956,140137,76855,246899,934336,202432,122381,542806,142090,206059,142437,282570,415744,116904,152457,144980,292197,213966,305921
167754,343733,220435,357479,200322,103940,128257,180842,264411,292822,201601,119273,95363,107324,170019,92115,133564,218890,152791,70879,126343,131844,325066,139100,164115,305924,85734,222502,184975,135935,274959,143026,83692,153259,222788,421860,133896,108982,219027,172704,549430,147610,224456,210029,124647,134564,179594,114745,341051,270671,339621,211930,125136,129237,521824,172518,240746,240644,65550,336523,397191,238899,179168,198410,340513,367364,152915,66948,302955,218869,119905,393834,549265,184281,94516,14114,148739,115494,154960,129508,85312,116676,210504,131867,302583,455568,255822,333125,150342,241252,152337,152499,375539,335258,269011,128036
168500,103241,253143,240411,234719,209807,259031,115179,150822,71443,314732,140150,207346,86777,148913,170828,143508,257076,93387,377958,230872,223614,228616,149692,248563,243742,238464,116175,63239,267216,135451,188687,162847,213321,82531,85047,146897,94383,196692,128333,80725,181970,324815,95015,92621,104224,228488,120420,124896,146305,142427,205118,118804,168421,235869,122786,125850,179508,196355,212470,435959,106708,95819,159638,103181,99852,71956,189093,140627,372271,118839,406788,246137,258416,14080,94498,240114,249775,127474,50397,87015,236912,432949,199390,201568,229680,88947,148269,299711,298355,131357,175759,369964,389069,123354,79924
467845,1109560,210303,232132,471591,820180,1182109,1179153,254611,195352,282588,647924,433224,135994,867921,490320,406091,1179265,240962,477436,189132,259010,181499,542463,254253,1262998,301824,144346,208112,213565,1088587,159278,202129,1262040,177543,142332,1180774,179913,114174,1124733,325044,1233127,1083858,285037,142930,931289,442011,604860,502608,807510,123061,423584,241448,310109,316792,724682,133491,174129,261918,81839,803703,149836,691769,418631,282510,172175,441444,204843,896133,430292,179813,1359174,388483,47006,258424,184278,140967,544205,192414,91773,394555,408166,686539,258871,192006,152712,164893,222945,211850,608118,607375,565358,294747,642850,536181,829647
90369,132485,286061,139626,102071,93868,523083,143634,298227,150511,100179,221216,232395,130753,256837,152832,143107,247554,117536,239341,143907,208614,123633,199099,402216,184401,370179,278189,354372,291183,266764,99822,188384,302233,350074,524107,230279,194770,138203,204494,141592,159705,149060,164338,133695,273451,102271,135238,99805,361944,233197,172658,163873,176199,184167,145345,126021,331102,123995,72729,175774,224608,115772,218144,312466,233941,128516,329654,120597,308858,154265,209856,15148,388633,246093,549159,106937,186977,160015,173775,339411,266165,136261,151392,260946,256294,235568,295349,177517,129993,348362,148375,264089,180770,105293,205163
435606,1099255,147958,219681,291657,473205,1219369,1295473,312816,248645,476247,885825,503178,158277,1134296,359398,209550,1843488,291677,404909,340224,210412,161606,292632,164899,1332822,162662,166429,112711,258407,1144565,212307,306025,1446060,270462,335521,1250450,181909,167881,852403,374385,1171446,1013148,246226,319680,1130004,385187,380121,486648,876234,149848,484800,325678,554685,347793,822126,256428,182399,291744,266332,836622,171428,438513,825003,446404,399555,83155,190470,1049832,488205,103394,46304,209868,1359710,406752,393816,117038,287370,161107,444835,310600,528478,758668,126809,250277,214290,337615,142191,179220,614627,339777,752410,254059,400412,823685,384766
287036,107548,112545,298394,226718,101037,131449,184637,370150,158744,180647,150593,73263,246019,121048,184886,382053,210522,373609,117023,126323,69045,121568,114369,514718,133494,184768,152099,209540,801875,162098,115569,103741,163696,214531,402274,199645,183803,90601,115735,201922,218165,174360,183405,482551,129646,244236,90830,64266,140335,153482,283955,177978,81016,143447,133317,105320,103989,135968,275254,240576,146390,127054,229228,235529,174959,158059,372091,238169,220479,12720,103392,154365,179800,118879,119913,334828,417276,202257,436528,269915,145146,212036,221129,119568,109214,291943,91429,53814,297651,176963,425202,210000,228032,200208,218538
340051,791972,228318,201539,352218,331759,495106,485188,285646,124445,988627,348839,569935,159445,489589,202741,130595,419009,120459,130693,324738,102489,237996,547512,159919,593054,192890,220097,226370,143223,337476,151424,264957,489522,365478,337012,585676,133054,189803,751883,256725,568160,470867,90506,123390,630623,301108,524044,548413,608556,219548,485125,225262,400277,433436,331287,143659,505430,154057,265973,565133,357274,567576,699385,177216,298465,200312,315121,356533,37252,220500,488050,308856,430252,372176,218796,245971,479185,110549,250070,525530,551784,567183,143461,369290,145626,132398,151926,705555,724456,726104,872526,239909,1756394,851182,910576
213647,770051,151259,161288,331498,217371,763286,785544,170437,448730,362132,397100,218243,401945,736583,547593,201969,620921,270210,229683,353878,194980,196330,288760,166920,689702,121037,212473,134342,225241,1001491,119379,330584,1073387,361891,196992,796361,238030,274667,683558,423147,875920,701618,118730,170133,739890,516250,518764,244961,537556,194931,355206,271279,122176,310621,830052,232385,280963,184191,172177,1129539,220421,614618,234350,285761,179369,402709,276332,36716,356302,238165,1050510,120580,896522,140622,302934,215546,253989,164711,179086,320255,220128,432254,141960,152613,164580,134658,85002,176089,392478,402799,425585,256152,442553,466417,554170
307261,70332,208613,112733,222646,107773,91164,154994,454679,262742,79754,115793,165785,266808,148679,182351,149841,101029,347351,146543,107527,646340,227719,69857,175211,167719,203373,91332,146391,374412,164697,88514,315623,288282,151343,173706,332284,271085,99091,133485,93191,147155,187139,349052,213223,278836,148333,134235,146784,220079,122825,135010,93271,304030,144312,346011,59191,94501,277025,80022,388890,133514,109614,159766,197028,100656,217698,12980,276326,315122,372072,190471,329665,204824,189136,66949,81956,195308,93564,162749,76435,225599,85492,244840,145407,244284,155266,267966,141447,134665,146416,172147,204418,292597,324356,94973
79590,247978,218200,264594,166290,82500,222353,132076,403837,368659,272618,149116,66548,166046,70066,124832,137764,123856,145911,109855,202661,198143,83257,177419,246928,192399,351553,153003,119699,78043,176441,125788,751606,145263,238633,133678,106445,252810,131385,95221,134533,284845,307854,770995,86137,86242,367064,181726,87127,221657,164630,93349,212569,84612,158402,160101,132967,83191,172498,72093,80077,100070,73064,266076,99990,228527,13016,217786,402692,200303,158031,83159,128526,441437,71957,153040,88000,105353,169045,109966,167832,82779,132722,120115,261277,88302,188221,74969,171984,67606,65220,168743,70053,118766,91117,220316
110820,134700,320469,217118,255150,462063,151267,141435,117098,187127,219886,79760,126006,76844,153560,261714,426785,291413,130850,137147,56663,258574,215199,268877,221943,162092,148096,90082,182397,148556,317965,258506,120030,152191,75228,178862,245503,172971,246585,106706,83000,185353,80940,76341,320497,125924,144960,108087,127906,131420,283218,129110,319847,279713,120813,260096,244433,91490,189909,216703,148165,308045,189732,156764,163841,12886,228899,100661,179414,298453,174964,399552,233952,172158,99849,367378,120088,144863,140514,121315,63947,361786,172311,105824,163221,93042,124559,941787,54905,238150,225561,113659,233686,275392,111021,228978
121100,103998,179138,220178,245255,282405,235487,433202,81273,140072,184720,178535,199590,91082,358799,307255,165756,368226,354682,153456,173855,293070,376465,327206,99064,433358,297884,178830,316334,627531,485414,129928,166690,431038,261276,507146,471545,204470,95865,235407,234251,485150,114266,240149,167442,248544,285688,183316,141040,143972,131716,293591,273992,111239,121072,290851,144726,258558,97808,481187,309198,172911,311381,190660,16708,163696,99993,197018,285714,177237,235576,446441,312379,282459,103174,340488,368541,237616,206516,134792,136168,195299,246553,149932,281793,283472,366747,120755,138562,187927,212265,150948,277450,211933,310946,175253
613015,410179,113325,487290,207846,2621811,435740,495118,126233,175362,659754,594807,899133,199406,507362,364675,157496,299834,152089,111174,198820,241994,257216,710722,332186,448970,88467,213857,218145,230522,497323,131737,167300,508051,310562,163571,329939,214233,126536,520484,341780,560134,178849,345420,355489,409332,291370,758984,578965,699888,110952,661577,160142,89285,600552,319648,455080,215130,142780,225963,447887,273929,718802,30406,190539,156764,266059,159759,234364,699470,229217,824957,218274,418562,159600,198401,151604,564967,124087,117782,516010,954389,608764,196484,305376,411833,188795,111456,630026,544177,805347,743852,197845,673448,711220,785424
584207,535645,241947,286379,271781,391329,498471,354528,141049,380793,808958,511014,711064,112281,300370,290806,145763,443404,259566,74973,256167,189229,292656,1244185,87449,355566,104060,322183,116403,105058,665532,143124,152992,796845,236595,304429,324913,89135,128631,874174,236871,429081,319855,124046,96111,413303,250125,656303,753033,643757,187637,583014,226338,195140,629399,275697,155189,145708,348361,160165,690652,126682,30584,718935,311361,189712,73056,109598,614449,567759,127064,438425,115741,691966,95816,179148,288481,474789,84593,394065,1025116,589126,415104,170586,358257,170858,212519,147946,152654,810767,893654,630105,214950,918054,763689,1501897
240925,80631,95560,280612,127373,202203,319324,183932,198437,98169,104331,85592,290825,123463,147857,319007,140349,150617,124502,83106,84855,246542,360992,241762,114455,140304,134426,139029,168946,107873,294377,344234,155423,85467,154609,115578,196573,108292,200314,176753,107422,522102,217063,142219,349217,108061,174925,129409,86468,178565,237697,330540,119691,83266,103908,79930,166764,297816,217276,378859,94303,13546,126678,273887,172902,308049,100073,133517,220417,357255,146395,171462,224599,149802,106707,238898,82409,75032,74350,122357,86119,312488,258159,237820,71181,158927,112936,201064,107924,92215,229385,139189,230244,158788,209848,112048
536698,903040,186494,161994,451774,522037,781269,956032,158491,158711,707588,737359,605900,558877,694098,187312,164788,823449,165789,302759,149738,238584,215291,462646,92995,971665,137971,149378,238777,470401,829445,142248,148638,1013383,283075,561260,877321,234200,91781,1100472,143220,983997,911562,146476,186280,1131391,341717,375468,558245,1284487,104326,489633,188883,179064,707437,742866,265098,321814,126243,230172,51538,94292,690706,447814,309215,148157,80060,388893,1129458,565229,240556,836467,175778,803332,436000,397199,157059,333319,135692,280737,641177,685093,645661,208445,340317,226571,431523,152034,208236,411016,554229,403038,585032,744880,1101921,876691
65402,285690,112714,398651,181111,164551,118553,168881,143003,224298,115715,85638,99231,146363,183461,153142,108836,172221,52831,226495,103979,80862,250397,463205,289004,114548,171932,94624,106757,166618,227530,225283,117426,161578,123965,140303,221322,122683,342336,250129,243153,89214,191283,188508,290804,100058,198449,332014,4490172,91305,425455,94173,101990,135209,135718,178702,276731,149323,121385,12516,230166,378811,160176,225970,481170,216677,72074,80008,172180,265967,275357,266366,72742,81840,212461,336535,198746,212061,73143,92542,64950,331097,248112,190308,170410,423776,109916,217463,484224,235544,97280,138307,270698,157517,461153,618480
60415,238758,133682,180738,120886,93205,96446,150594,373139,207219,190812,245225,162883,207836,127063,265264,298153,131574,59878,349182,177832,240720,96610,385644,351810,203367,408552,154974,221020,194127,86286,139412,188584,203530,215779,263514,188133,325148,166946,197619,159070,216773,176862,288971,72827,305402,91692,148997,196645,183844,197860,235279,96317,91827,119989,341648,137766,61725,14070,121357,126270,217260,348403,142871,97826,189909,172516,277061,184190,154060,135977,291750,123991,261905,196372,65536,204823,175359,103322,105698,162395,154771,151997,170500,130256,125325,105666,141730,88953,108111,310814,244501,132753,159147,246702,182458
201508,136333,446533,229898,517424,224029,174184,183234,109182,195737,141573,161287,202596,115833,116505,133037,183925,218027,118228,719643,210054,89862,271777,156186,83174,178798,75394,188668,127874,59677,323916,193610,228233,175823,100167,67045,180238,163485,130333,201540,69169,209258,327448,301306,153874,136366,209610,99373,143770,346915,304393,134864,105319,452323,190336,260392,297448,14306,61731,149336,321883,297824,145748,215114,258561,91484,83182,94509,280906,505388,103958,182396,331094,174177,179527,240717,284888,226315,54598,100194,249694,168935,214374,308899,164000,451491,212776,150218,407625,253155,170204,279826,316903,253456,232942,143507
205105,184524,311563,337921,156061,293475,212503,210378,312887,85482,155557,309414,141670,198285,198410,272219,173914,131685,113527,265874,301174,354019,719097,164984,116271,169071,151514,101528,160241,424456,356859,203326,157468,212987,268515,131871,197593,114086,192190,325589,151952,263090,214968,162005,216167,154183,97198,942687,159343,204756,229374,187930,276618,107468,157707,183601,13178,297458,137739,276703,265088,166797,155136,455029,144718,244449,133000,59179,232388,143667,105318,256434,126016,133486,125798,240700,115199,343064,162549,181877,104143,98104,415143,212262,218380,119399,175215,266566,316717,212971,229548,244622,392798,241232,151469,109079
220990,761517,195575,398163,542399,288540,899620,825476,459041,175804,258614,833941,408150,224237,1122058,296250,127440,715995,201889,123883,198062,217128,73940,362851,207198,799462,258848,127680,98301,221966,738637,278341,433313,913695,276097,126784,1286340,181941,83962,809184,336446,799169,710409,609593,140860,861362,409158,175438,293688,838077,140736,515495,264224,185156,255933,41464,183605,260374,341681,178697,742908,79930,275807,319645,290877,260063,160100,345987,830246,331356,133344,822046,145335,724716,122801,172525,164113,252207,116920,115605,398938,379665,570367,192531,139703,294285,213595,254102,99500,476773,277584,355987,383471,504061,417154,570271
13609666,390760,247234,130010,175753,951343,408588,879225,366529,392851,634515,321383,771996,328357,868581,347514,216100,538016,224774,172041,111522,114879,192701,528140,112450,479510,198549,278224,150352,127554,415336,126308,136426,458878,208319,339052,272613,128442,128482,418764,171874,393747,514031,219582,95691,363552,313094,645702,479096,760870,133441,535315,225675,94602,25486,255929,157704,190332,119958,135704,707180,103910,629433,600756,121040,120739,158401,144186,310554,433424,143422,347685,184179,316722,235852,521366,149748,787931,110359,88292,622965,808872,528879,124805,473187,140927,195697,124347,181474,368397,728368,670688,100684,586503,949579,680476
121158,171154,704218,200092,112368,105587,104051,155341,130843,150090,172284,137464,207115,157427,134384,220094,70672,232338,68061,239049,236022,232458,156465,166892,156847,217607,169688,158216,208525,128113,357028,101929,131494,242069,138440,352061,259891,127131,142518,139058,314590,189893,220370,90667,230723,181204,112704,469423,91548,231588,172522,143098,120632,15152,94602,185205,107488,452192,91819,135201,179058,83262,195126,89326,111265,279646,84589,304020,122228,400218,81019,554692,176228,310205,168426,129273,133380,130183,422865,159208,132547,108799,159907,319330,155965,263767,115528,91251,452167,104460,139945,246182,542480,186414,317494,282661
172826,202724,121155,270105,223755,99218,436532,213421,102646,218111,177098,90461,164661,123434,257460,234233,506178,479103,286493,111733,120096,154176,110261,167657,124409,241771,88554,396494,822977,416917,246294,361457,508281,516248,117700,110321,694948,183720,62977,523616,269972,307206,166679,81689,275228,193658,270851,118366,365636,171111,299783,265639,18130,120631,225710,264629,276597,105277,96349,101995,188882,119717,226339,160162,274035,319794,212547,93313,271338,225278,177989,325750,163845,241390,118799,125146,96029,112959,263716,275364,138822,412413,303779,110148,92828,188227,158629,212195,121682,181295,199662,166194,117680,156889,176713,149678
444485,845585,97625,404776,314836,512053,714884,523288,200480,517788,593816,458392,480098,114413,440315,157107,263921,422068,232371,417593,171756,169634,278419,670306,174911,470031,137909,173169,167008,128261,468297,221039,313005,607429,282811,143849,472382,288639,258921,425627,109376,598493,469531,111853,570136,538204,400275,547344,418608,554839,178741,28008,265617,143132,535325,515549,187929,134884,235100,94195,489831,330410,583165,661667,293578,129094,93352,135008,355210,485028,283902,484701,172664,423438,205092,211911,243541,529952,275666,117674,960152,875133,442062,168614,353467,85264,98539,179476,156581,599668,669811,626422,251311,625603,600699,779015
422930,109601,141381,216771,175059,196134,464844,148978,129815,100119,132104,251483,220415,225476,303832,296986,355916,122242,149279,225534,239608,225249,297765,252586,283826,219347,237535,86905,79619,110418,291676,401508,296078,181736,352236,262101,178547,58654,266009,290380,159327,256588,358537,77952,237166,143592,141315,175493,199221,150934,12314,178728,299769,172614,133468,140748,229351,304366,197872,425455,104322,237742,187690,110980,131713,283133,164626,122823,195003,219692,153468,149774,233196,123062,142432,339587,410518,75014,246152,337808,93274,251884,127380,131543,106978,204861,216986,186288,112135,407546,156289,176694,392086,277158,140112,77923
616267,1305997,278678,250659,370062,586589,670412,1263910,122026,132628,716484,728669,891867,120866,907690,204902,204536,762707,113965,169573,348004,379943,289365,738795,290186,1234998,84444,105699,98874,111924,966608,136776,108100,801097,291463,187013,1065499,106010,366096,1536319,253935,1054316,891553,142108,135802,1090961,393039,586419,766045,53116,150924,554974,171069,231577,760827,838123,204721,346932,183859,91319,1284349,178557,643575,699902,144015,131423,221665,220066,537682,608306,140313,876291,361887,807690,146142,270616,116974,648289,92022,221642,706835,715209,677980,147407,391176,150258,112712,522485,78502,701452,969364,646702,222112,982881,1561222,1389429
599320,1214919,149674,197372,125808,787053,783205,928079,166625,83169,673104,603603,994214,381793,557664,207312,150572,472015,190274,155532,253660,255805,311428,642450,108278,487948,578049,170044,69976,180047,555674,214334,108789,573598,239228,181655,431259,101090,91590,723455,187093,672632,564205,207554,210703,380768,564925,840160,39432,766928,199220,418771,365670,91557,478901,293717,159352,143605,196638,4480087,558208,86472,753006,579450,140990,127888,87114,146783,244942,548599,64264,486613,99810,502531,124889,341034,230718,807093,115393,142437,744307,580106,1627693,109594,260192,342694,604540,215748,132213,429779,1070680,787697,109576,693900,877893,1406898
669596,347937,160644,339458,229192,422207,411044,538019,158167,133670,695961,667840,820243,388120,681044,228858,164114,383442,271854,187532,104807,514394,235144,976224,142006,347703,136120,402360,291020,134930,401819,68038,125025,799315,300553,94731,221235,299192,160632,401268,278346,495398,367553,206035,100654,600601,414329,27974,840343,586610,175453,547377,118323,469412,645656,175384,942649,99338,148933,332011,375382,129398,656282,759038,183319,108069,181675,134230,518734,524062,90826,380032,135112,604662,120411,114765,248914,560783,127685,64500,717424,1034897,833976,97014,351855,340892,205991,285371,94954,421093,626660,1258371,270364,810734,1118162,1218335
141794,157125,232083,327394,294669,296788,285507,418542,129664,113622,175345,181382,246223,103229,219942,399883,199070,263606,214765,74196,219903,241072,162666,189658,119657,341311,183387,281329,187499,283868,426313,207424,162043,342088,359006,302390,322357,276386,110365,203346,767495,353135,200617,290399,344941,394566,19244,414115,564925,393032,141312,400231,270619,112703,313046,409125,97166,209594,91687,198426,341749,174849,250117,291320,285822,144918,367157,148154,516416,300979,244243,385165,102270,441945,228333,179542,211766,285070,116864,171172,438926,253411,244003,86111,180435,172678,538902,141815,104872,232609,369818,270393,134472,201683,473138,318802
468069,1031469,189344,101135,323070,282016,1207932,921835,322500,313054,744608,627438,472778,195166,895296,355800,328563,1373299,477191,192734,137747,255044,267491,502544,168671,1098141,562565,437933,333108,161752,1278305,165299,262380,1179679,260634,219202,1252458,177974,117683,1288626,406660,1179398,954209,237497,219362,48612,394544,600695,380530,1090972,143579,538280,193593,181201,363606,861368,154182,136466,305433,100053,1131296,108052,413376,409310,248362,125857,86245,278847,740836,630933,129666,1130303,273421,931772,104233,134564,381048,411476,90881,115223,550364,815107,797240,184425,129388,249244,272049,235090,220083,522292,377825,577285,415361,730705,589541,640760
230045,372490,341876,235878,159638,259713,106697,81387,205462,171587,227305,132333,108208,221251,201494,255508,96974,291877,117946,317013,306321,238842,183791,681225,85204,125285,104947,150823,194444,87996,115400,197612,133368,210538,474691,148201,340423,122640,269386,210341,106324,100608,324679,151751,11928,219356,344935,100640,210693,135814,237121,570098,275227,230757,95689,140859,216113,153892,72815,290801,186257,349342,96099,355074,167456,320393,86112,213219,170147,123385,482513,319690,133666,143013,92648,124539,134920,116584,79099,166789,575778,95953,164521,236163,96137,142117,79592,243914,149085,433018,333032,590537,96060,76464,128167,167891
63560,98971,365726,203897,91754,236459,165076,235903,254410,359354,139121,188628,80919,509590,281238,99404,148658,200627,126394,103515,553748,133807,127079,528552,307952,513569,265073,130859,142051,97011,178888,245375,259302,274491,439237,288608,314600,298168,113948,134036,100710,113282,164772,13464,151762,237467,290408,206049,207644,142108,77940,111875,81686,90659,219604,609501,162006,301399,288918,188495,146489,142195,124128,345415,240174,76346,770842,349017,118734,90512,183414,246254,164341,284996,94999,209978,138118,212125,126898,113741,103709,266543,135231,131695,121819,264423,383701,141360,94185,119790,76233,153949,266857,310389,268082,145413
538781,940081,390532,308140,511498,429355,1074324,1043097,262350,371158,226160,639590,484841,206690,825216,525890,225521,1012346,378643,236879,76876,247953,98187,507791,440019,942819,126643,158904,256868,175397,1074448,278665,170900,986577,206242,319934,1037541,142454,199681,774526,239625,1083395,38810,164764,324704,954196,200668,367672,564173,891603,358494,469518,166639,220411,514085,710219,214966,327446,176790,191240,911536,217080,320053,178839,114292,80924,307836,187076,701796,470938,174361,1013240,149048,1083424,324750,224411,347591,412047,103458,207807,555940,351542,581319,164947,151621,206378,188213,313057,139429,497995,575157,451339,134021,544045,434353,680520
508109,1661481,187434,178617,269924,284237,1401467,1166217,254360,194547,403399,1017769,364107,309603,1051201,423219,252482,1003136,361598,502734,242884,415265,244634,375067,160053,1453508,180991,299997,151822,390183,1446551,169869,161408,1356892,251373,241047,1179700,227045,179623,1040595,368564,45340,1084007,113288,100620,1180048,353107,495405,672420,1054484,256593,598569,307204,189937,393770,799260,263076,209167,216742,89210,983725,522072,429189,560281,484876,185345,284846,147135,876122,568157,218059,1171678,159701,1233419,181929,147608,308687,930744,277793,169007,377103,431226,663222,164733,185806,164585,309353,176230,189614,310149,633026,282651,191984,600655,619874,549041
120934,292851,306306,126064,239517,187053,274793,271773,92554,96195,230162,174818,361618,66578,186332,212285,277950,281314,355513,115178,88181,206316,294022,115296,160548,186552,186567,218480,292981,646071,309319,211480,159523,687404,129296,97369,187508,197042,90386,223652,17158,368531,239582,100672,106341,406564,767430,278339,187050,253917,159307,109369,269556,314588,171892,336420,151847,69141,159065,243147,143219,107398,236907,341781,234290,83009,134508,93182,423224,256553,201899,374235,141482,325068,80718,549318,138659,136532,307049,199915,154217,276515,276043,151781,384943,203746,159160,131066,159374,365242,185833,163974,187912,168772,305700,410478
406202,967910,295650,292204,933544,475934,1476834,890081,181435,217158,646516,715938,778172,255352,869833,345452,194674,1209250,254534,185197,289963,140568,600509,781237,139679,1519462,109038,177126,663288,269232,1214376,230186,155519,1148493,195596,114463,975422,115268,94738,49446,223678,1039906,775168,134053,210367,1288469,203362,401356,723425,1536443,290388,425573,523664,139042,418861,808973,325555,201484,197614,250051,1099877,176736,874379,520592,235402,106687,95222,133487,683570,751917,115732,852230,204490,1124595,128271,172551,332171,349351,145243,229669,460381,541361,673799,284582,303141,287204,124129,237981,244060,422763,395135,693050,848522,1176439,792040,991047
103183,194878,321501,230424,121167,343631,97247,361539,358756,154829,237325,176522,64666,157030,195948,255086,104410,167973,122660,133225,127702,126017,632855,202052,80672,227702,72217,194357,114072,332607,193964,201055,157351,89600,142790,197644,113838,262288,13238,94746,90393,179605,199645,113941,269415,117677,110400,160637,91595,366087,266141,258923,62998,142531,128480,83964,192205,130334,166946,342269,91776,200278,128658,126531,95873,246595,131393,99078,274639,189790,90583,167850,138192,114147,196692,219029,117012,140677,281378,119236,157082,194955,196751,227386,186043,163422,188173,454634,76884,183801,96971,197409,135809,378750,176389,178431
172171,440229,215158,142137,235301,128351,162092,107575,81248,198393,191636,148696,272636,439733,275342,183075,89966,203258,217969,120217,188192,290301,272121,164499,182791,118012,316991,266148,274163,203897,161456,107593,130862,140435,283115,226275,110287,12996,262311,115270,197048,227031,142415,298137,122637,177952,276348,299194,101062,105993,58687,288657,183707,127144,128492,181948,114087,163508,325051,122668,234215,108299,89153,214219,204447,172897,252816,271061,238047,133058,183827,181909,194713,179872,94393,108965,413326,151655,151765,120287,324786,92780,105581,84724,195189,270961,101357,99190,229030,354452,359059,235891,153911,190320,200937,444607
305587,984317,190689,244519,482298,470002,1271776,1305982,329163,189355,704554,772022,378965,154114,950658,480616,223839,1033271,175527,167253,149587,217623,315746,543642,191283,1133067,195301,148424,99765,345923,1494414,243390,788702,1341299,151421,298474,44946,110306,113839,975447,187559,1179878,1038276,314582,340478,1252044,322474,221265,431283,1065662,178567,472397,694997,259904,272622,1286209,197582,180213,188093,221334,877341,196508,324986,330081,471537,245531,106441,332279,796589,585677,199652,1250365,230255,1180944,146918,133870,110201,684617,581015,137588,460228,557221,1205795,255161,256526,353421,467730,333585,206132,252740,365444,466776,202252,949541,953075,662003
217884,134615,144579,251408,352706,293476,226828,263257,152293,112974,182723,377851,160682,281847,309394,89136,98059,256012,163349,109971,166154,176224,180392,133487,108669,235149,325093,168805,125478,93395,134515,123414,190798,215857,241433,13046,298491,226292,197628,114461,97375,241042,319942,288619,148193,219197,302387,94717,181645,186991,262079,143828,110336,352079,339015,126752,131876,67006,263462,140291,561197,115477,304461,163650,507106,178839,133600,173722,197029,337092,402257,335535,524179,142300,85099,421884,222850,223183,163297,88451,223119,75243,155235,204932,226943,309198,211126,351891,242852,137950,124147,128817,377505,323217,508459,134025
117398,159870,126737,465441,415852,227422,171087,177286,300344,168213,220880,160875,196987,70823,221052,269271,347183,153697,270439,167060,156194,493188,290037,237110,108706,303081,64036,231247,104155,226097,194694,183717,125584,380348,14860,241370,151444,283132,142757,195609,129326,251342,206250,439226,474724,260618,359110,300487,239194,291475,352229,282845,117734,138353,208388,276092,268529,100124,215777,123966,283081,154633,236672,310668,261241,75218,238607,151239,361920,365403,214548,270422,350046,177504,82510,222785,337742,182613,93671,124166,296009,439320,320831,229461,134879,294428,183473,183356,189990,208496,196429,243807,176037,193155,370824,295223
629043,1140520,328044,188553,523509,310404,1460088,1254699,342519,208659,744274,1024399,944820,536127,1009688,467724,149338,1153704,294705,210770,293975,492236,281533,544644,303569,1405969,162009,140384,347451,232490,1673208,210714,268834,45620,380341,215851,1341475,140442,89580,1148703,687404,1357757,987464,274477,210355,1180421,342150,799442,573724,801659,181720,607452,516323,242081,458906,913526,212997,175803,203501,161567,1012924,85454,797025,508087,430998,152326,145272,288306,1073368,489846,163669,1445861,302212,1261591,213331,153252,598615,697778,164528,221022,362470,413398,605397,130032,277408,109636,112295,160918,214632,366101,403057,702032,435099,648815,729123,835376
133003,132348,461796,175902,251008,252256,316014,205590,295041,248749,248532,230859,177505,219977,481908,163583,101139,216853,200396,172465,106121,281872,173582,162761,207199,270544,345766,211876,278368,142865,355796,154051,15854,268825,125604,190761,788689,130916,157380,155652,159598,161412,170899,259308,133315,262408,162065,125041,108759,108102,295906,313002,508228,131495,136426,433388,157466,228262,188591,117421,148651,155041,153036,167286,166668,120027,751617,315657,330620,264942,103928,305966,188318,202078,162841,83685,142170,171592,81274,113969,116556,115081,168170,167256,165962,224134,173900,208221,116899,165834,112440,127130,147676,240905,308558,245884
192268,222434,281748,144660,118180,122828,316892,113500,333638,244076,267269,163274,92685,90583,214161,324083,122745,194385,138940,363740,118234,186651,227036,319189,108326,166902,92901,111243,99068,75706,139024,13846,154042,210704,183580,123405,243552,107572,201030,230172,211495,169891,278683,245401,197612,165293,207400,68050,214313,136762,401542,221067,361453,101916,126323,278322,203394,193617,139429,225282,142227,344225,143288,131764,129937,258490,125726,88439,119426,151410,115693,212303,99883,159285,188681,143028,209246,121305,77180,114792,237854,143137,178151,119472,224098,149473,106921,385557,302155,428226,241080,456491,105903,133906,270127,285326
301171,1021397,201574,358174,518517,297452,1625175,1341409,140844,901159,438112,565987,362249,90311,961992,301652,314524,1274282,233572,91254,158267,262699,171016,617562,123833,1169080,92507,183063,266330,353059,43632,139092,355788,1674249,194705,134521,1494570,161454,193949,1214368,309214,1447583,1075242,178883,115387,1279121,426082,401835,555651,966721,291707,468583,246527,357027,415327,738843,356836,323723,86283,227495,829141,294368,665333,497236,485326,317947,176440,164679,1001357,337424,162103,1144233,266809,1088089,135441,274970,224453,302289,416001,93670,326555,442246,637205,294686,142825,313696,137539,198165,146551,496892,397525,740601,162273,592444,692848,667202
129028,171928,559424,64649,259913,157806,264248,345206,82060,100983,205533,120317,160477,308597,237882,300537,261397,244111,321640,71582,177071,81065,175916,154979,168252,251065,81678,296105,256588,16876,352975,75704,142949,232552,226093,93391,345989,203905,332539,269299,645853,390144,175400,96999,87968,161855,283809,134974,179992,111909,110409,128257,416939,127961,127551,221907,424445,59648,194145,166530,470405,107861,105083,230512,627649,148565,78047,374464,225210,143251,801866,258279,291094,213500,267225,135922,137705,297351,209961,246699,119833,359411,301628,223725,94800,350611,173557,86467,95382,123539,116635,127360,335965,96226,204222,115410
74252,344777,99424,153307,168480,187635,133520,207993,168461,128038,178300,427919,222701,111730,124787,370451,252082,243291,225383,90311,73843,155342,253492,120224,100657,119577,319223,84962,12204,256432,266308,99082,278305,347302,104200,125462,99772,274185,114079,663313,292946,151875,256852,142040,194461,333125,187501,291048,69982,98879,79636,167048,822663,208473,150412,98305,160234,127875,221008,106626,238698,168934,116424,218168,316349,182387,119698,146379,134355,226363,209538,112678,354408,208071,63236,184981,84540,130520,331001,250258,129930,265812,396318,91781,149311,138724,80153,122091,114802,242787,139829,150746,111388,223276,354915,168135
144329,171540,104578,57489,167556,79383,186750,289976,133695,147355,182342,202252,154906,135996,108277,204013,226838,199607,393535,184072,180513,179437,98721,192525,228680,176209,157646,14900,84952,296130,183025,111166,211860,140380,231244,168795,148423,266263,194353,177141,218493,299970,158976,130860,150804,437861,281311,402226,170019,105677,86910,173191,396501,158040,278238,127818,101518,188654,154927,94640,149398,139052,322233,213858,178840,90080,152986,91353,212500,220133,152010,166420,278132,144308,116172,222409,262280,101446,134385,275781,182370,131147,297370,120469,114833,296215,222104,224182,165811,101143,104980,153199,205702,173595,244347,127756
167841,218670,220938,179521,168762,212617,161710,363181,264214,344553,185604,170040,165110,278059,186729,128654,168868,148759,257612,90721,240706,107846,207002,167607,230784,358488,13550,157675,319203,81715,92494,93020,345724,161972,64037,324969,195296,316998,72220,109026,186557,180997,126654,264991,104939,562493,183370,136127,578066,84436,237523,137921,88550,169678,198763,258783,151487,75385,408534,171936,137995,134437,104058,88520,297925,148088,351527,203389,121032,192942,184787,162666,370085,301802,238481,85772,136814,225922,158974,276950,91391,202920,103725,158176,153839,185903,110893,139764,89721,143248,145335,178568,92975,268322,275156,138595
833313,1164235,311061,617334,710430,542181,1223787,1239692,206203,144661,666376,711019,570398,696802,1005262,352112,238969,1065755,426134,206204,85585,130879,253037,505666,258135,56038,358492,176213,119565,250977,1168410,166959,270586,1405729,302896,235150,1132598,118018,227718,1518757,186521,1453869,943005,513540,125255,1098631,341438,347787,487885,1235021,219378,469924,241804,217512,479257,799472,169046,178738,203350,114521,971382,140279,355671,448975,433407,162094,192407,167696,690087,592997,133487,1332907,184422,1262983,243749,305938,251092,347455,128655,161810,500006,281448,817738,216691,426935,127259,354630,221891,344597,326155,407405,523791,299014,439384,884623,804565
74765,170041,206625,162450,178857,164000,98232,180262,254769,370243,145619,84915,81471,295744,245462,87461,160021,177222,68250,125111,126407,132574,105502,149718,12654,258110,230750,228820,100622,168261,123841,108321,207173,303538,108739,108648,191303,182787,80683,139661,160552,160046,440085,307929,85079,168671,119694,142006,108258,290295,283864,174976,124388,156872,112448,207195,116220,83187,351706,288895,93097,114443,87476,332205,99061,221653,246900,175247,166934,160233,514906,164888,402214,254333,248530,164107,202902,110315,86454,148564,78552,261063,244185,80707,169457,135910,123478,99865,155897,413379,170689,168780,326873,299135,124205,111510
762347,473437,116295,472098,478717,483977,633820,400281,158711,173000,1083721,454216,530852,178786,312566,175263,88658,306385,260414,154196,114611,137395,202962,28188,149662,505514,167580,192492,120210,154984,617554,319191,162693,544626,237109,133526,543624,164475,201980,781217,115299,374868,508003,528497,681050,502338,189667,975950,642446,738859,252571,670361,167617,166854,528215,362732,164958,156183,385606,463208,462636,241789,1244117,710854,327138,268868,177409,69853,288689,547304,114341,292587,199105,542433,149627,139052,92176,470533,330200,236841,1131730,738530,532874,89789,398980,268865,99633,171221,452215,512127,542549,657609,260840,635021,1049358,1168935
166578,224957,142992,256883,81909,49795,120603,251065,133309,142134,206157,111228,224005,181800,133119,232413,189963,147975,73317,409836,117479,174156,14796,202980,105480,253045,206969,98722,253447,175921,170866,227032,173575,281694,290008,180359,315711,272146,632785,600525,294023,244617,98135,127059,183774,267473,162763,235173,311428,289378,297703,278411,110252,156449,192749,73938,719029,271813,96605,250365,215409,360962,292541,257263,376484,215147,83238,227682,196299,238019,121540,161586,123637,181500,228615,325025,192081,95255,219253,147028,205100,286102,183173,127113,1236432,95649,144082,674624,162068,222600,529884,291277,95437,139564,309630,248682
227974,219359,145223,103689,327973,239283,336402,157096,135007,397886,155707,260814,225617,197737,287973,167280,179490,176371,164588,203559,210306,13000,174155,137398,132510,130889,107831,179438,155348,81085,262713,186656,281855,492200,493250,176202,217614,290231,126001,140566,206337,415246,247968,133785,238876,255004,240990,514487,255809,379956,225201,169627,154160,232415,114873,217106,353966,89838,240719,80863,238573,246525,189221,242006,293033,258550,198143,646343,194957,102493,69043,210410,208683,258977,223617,131825,541539,144565,124980,96694,334757,202423,198440,235126,419366,167779,117246,110102,233233,162914,96661,444818,231335,364619,424217,208367
76217,486749,252207,309087,165070,166146,129721,83104,89289,136466,128061,170425,199159,133267,98100,134110,156809,243759,95943,481686,13884,210260,117503,114669,126355,85640,240703,180550,73843,177075,158266,118210,105978,293949,156187,166134,149577,188173,127704,289953,88173,242877,76914,553743,306299,137730,219987,104888,253697,348053,239599,171766,120111,236103,111531,198059,301192,210196,177833,103973,149772,84835,256372,198825,173853,56663,202679,107557,353967,324727,126347,340236,143909,189122,230629,126377,156184,204333,105493,104583,136063,162360,292394,302450,122336,158288,118882,125614,321045,209588,124890,78430,444093,84382,141746,947098
55774,175537,591779,251891,169129,264097,273108,328640,139536,97442,279879,340984,89032,258565,373529,478531,70614,289222,165575,14234,481563,203647,409819,154206,125103,206268,90743,184105,90306,71581,91247,363713,172455,210796,167096,109982,167207,120233,133201,185218,115197,502664,236967,103502,316974,192902,74211,187581,155515,169636,225523,417638,111727,238981,172076,123887,265876,719721,349161,226445,302865,83089,74986,111157,153466,137101,109887,146518,229667,130655,117032,404886,239341,477246,377913,70738,106399,131002,140549,105741,115996,176188,230480,262678,245865,150023,173921,369831,329604,98257,165278,234553,322308,206659,149627,178224
118495,143292,303694,195862,577224,132759,260399,191023,88755,193087,248358,245697,801721,205403,133774,277325,385737,370288,15462,165582,95939,164591,73310,260438,68251,426179,257566,393509,225356,321513,233561,138949,200349,294824,270454,163399,175524,217956,122670,254492,355560,361632,378631,126384,117944,477209,214789,271865,190295,113964,149266,232366,286507,68041,224760,201827,113537,118223,59876,52826,165783,124507,259597,152123,354666,130830,145909,347507,270255,120469,373666,291745,117466,240933,93383,152792,143312,182346,186468,236024,138829,174548,327173,105590,148424,279823,184595,119007,288480,161709,78616,146072,284700,148246,348190,406576
428558,1007944,2914947,234027,234316,458088,1239900,1174275,226623,166793,340488,905633,334506,177405,916635,335408,191281,46814,370168,289226,243738,176302,147986,306524,177178,1065789,148716,199602,243304,244105,1274571,194367,216901,1153443,153716,256001,1033489,203234,167919,1210397,281341,1003033,1011819,200662,291863,1373076,263621,383448,471907,762679,122009,422102,479108,232306,538116,715397,131685,217990,131595,172211,823570,150626,443435,299818,368119,291393,123873,101034,621198,418999,210524,1843744,247565,1179174,257068,218881,175044,501114,95236,218014,252318,276660,688380,104372,306463,339694,373946,446962,190805,318795,389902,479851,158881,584251,432265,578291
75735,242314,168796,193120,215670,155713,155762,101987,267667,179017,112312,122297,75534,182738,281187,107909,12268,191298,385689,70616,156838,179488,189957,88651,159989,239106,168865,226893,252065,261394,314575,122747,101156,149279,347180,98065,223863,89989,104412,194728,278100,252489,225558,148663,96964,328578,199148,164183,150587,204547,355911,263903,506111,70651,216087,127454,173900,183901,298217,108826,164766,140315,145739,157515,165734,426770,137782,149869,201957,130595,381990,209582,143055,406087,143508,133560,164514,318069,364936,523153,74508,124962,143636,99011,108370,136110,166483,127097,130066,130028,106302,88174,181497,244967,217203,181263
111287,399851,676322,480249,197390,227966,428576,338550,220412,87919,312423,271431,245629,1636210,260348,18388,107931,335368,277294,478557,134105,167265,232425,175304,87437,352357,128645,204047,370431,300528,301620,324049,163562,468265,269268,89129,480647,183097,254989,345558,212269,423407,525883,99337,255505,355837,400014,228920,207284,204883,296966,157125,234377,220081,347646,296002,272174,133014,265261,153098,187314,319003,290901,364691,307106,261625,124826,182332,547500,202767,184878,359094,152832,490225,170809,92117,120811,234730,68507,158702,177923,241912,262676,222299,213967,251248,180490,230132,108323,283370,82687,321321,167718,232652,390101,363549
464370,974002,276577,526018,236408,324070,1180279,1105880,662001,138330,468398,1018915,348627,234270,43108,260475,281192,916716,133895,373499,98093,287942,133111,312560,245512,1005321,186691,108283,124812,237849,961455,214160,481828,1009479,221062,309461,950378,275369,195939,869549,186350,1050934,825068,281272,201499,894986,220003,681213,557606,907808,303802,440411,257445,134384,868641,1121904,198342,116451,127035,183448,694138,147849,300574,507414,358811,153578,70051,148687,736708,489498,121052,1134509,256840,867969,148855,170001,214249,354078,151373,108649,361583,319243,705248,644348,153477,295637,170699,164110,132380,375760,393123,293513,305777,632634,469010,436565
124016,408755,96560,207014,82065,207707,415116,95968,215069,338015,234609,108064,156070,13564,234229,1636205,182769,177358,205343,258570,133258,197738,181782,178806,295718,696776,278106,135984,111739,308632,90299,90548,219984,536062,70808,281825,154106,439719,157183,255345,66571,309568,206714,509747,221541,195152,103210,388123,381624,120849,225429,114385,123431,157405,328370,224222,198225,115797,207803,146270,558903,123404,112291,199385,91112,76748,165978,266770,401919,159445,245995,158175,130717,135929,86755,107318,172009,304242,179337,100048,198413,274564,100794,152331,96873,191890,213131,273316,134365,318579,86158,83303,91364,156127,142076,263438
681461,278004,123262,254423,129160,600882,611112,389993,261907,286885,750634,478717,30628,156037,348695,245650,75528,334618,801820,89017,199166,225611,223980,530662,81461,570577,165099,154904,222728,160474,362179,92692,177537,944909,197017,160682,379036,272631,64671,778161,361655,364278,485135,80906,108230,472776,246359,820252,993960,891815,220427,479988,164667,207103,772013,407837,141664,202597,162882,99234,606288,290758,711140,899448,199589,126009,66539,165789,218214,569982,73278,503280,232394,433240,207343,95356,172136,538770,241067,124940,464689,719383,654427,106959,301330,121453,152287,253724,115900,461229,846674,964638,247621,692723,850970,1117503
547979,1066551,336026,210469,188078,510797,883440,1357738,160705,183007,472518,34226,478890,108068,1019054,271338,122298,905569,245679,340995,170444,260855,111237,454338,84920,711117,170040,202263,427858,120325,566052,163271,230826,1024354,160845,377881,771937,148747,176508,715824,174864,1017669,639599,188525,132344,627266,181376,667962,603592,728358,251494,458484,90450,137423,321423,833803,309447,161283,245219,85632,737597,85593,510964,594757,178537,79748,149110,115817,397152,348775,150590,885792,221224,648008,140165,119290,134628,560441,200293,112926,544646,472770,550993,142113,118806,368685,108366,147526,148735,668001,608203,516523,538180,598999,642885,752113
744870,390891,203044,202160,282650,548444,419911,341124,444948,238015,28276,472658,751059,234614,468446,312430,112328,340444,248359,279938,128032,155753,206180,1083646,145633,666286,185449,182352,178290,205535,438187,267341,248481,744157,220900,182753,704522,191649,237325,646718,230160,403418,226212,139114,227298,744620,175368,696106,672965,716695,132098,593706,177094,172395,634541,258549,155517,141577,190791,115718,707614,104331,808771,659717,184733,219828,272603,79758,362115,988513,180641,476280,100180,282627,314749,201602,172916,783605,119473,148593,626851,862494,415617,274080,312227,157492,191444,161971,228837,753949,916924,770414,452073,583078,929062,1356519
187560,485686,309668,223924,106035,138654,402236,384429,277110,13002,238028,183022,286885,338104,138327,87918,179019,166822,193077,97449,136469,397893,142125,173015,369891,144690,344567,147287,128060,101008,901107,244080,248760,208669,168241,112988,189384,198449,154831,217315,96247,194544,371190,359342,171568,313052,113642,133680,83185,132672,100108,517959,218125,150050,392884,175790,85485,195746,207192,224270,158776,98142,380807,175370,140065,187146,368608,262736,448695,124504,158736,248673,150436,195340,71563,292825,232288,119057,78299,554518,181420,172435,87596,309319,204690,133662,205655,125781,165315,453735,86052,179660,183837,420126,273092,122569
234384,225814,128379,182654,369029,220063,293085,413033,14454,277048,444949,160714,262112,215107,662006,220422,267659,226622,88768,139511,89274,135018,133323,158739,254762,205966,264198,133672,168377,82115,140814,333702,295027,342446,300415,152284,329242,81249,358737,181489,92555,254365,262334,254436,205427,322427,129641,158211,166619,122027,129819,200443,102619,130817,366498,458982,312871,109126,373127,143004,158567,198396,141108,126199,81279,117084,404427,454691,170418,285645,370115,312763,298184,254613,150790,264378,111206,150918,96906,92569,221260,130414,150421,163411,211504,158054,179274,266491,125539,456839,594784,257028,249285,440940,177245,420536
347185,1240579,184108,169408,326287,501456,1438636,43222,413022,384336,341164,1357547,389953,95990,1105811,338462,101993,1174585,191051,328647,83116,157117,251054,400332,180250,1239182,363149,289977,208020,345101,1341165,113485,205553,1254745,177328,263257,1305725,107590,361734,890153,271831,1165764,1043059,235892,81364,921840,418555,538001,928193,1264306,148999,523509,213637,155680,879444,825184,210346,183312,150550,168887,956425,183932,354520,495541,433139,141459,132077,155023,785859,485223,184671,1295289,143623,1179407,115194,180816,229155,549626,228017,422076,568153,392313,762191,219269,150639,188375,133181,279467,146691,492015,3054494,306490,203350,720553,822601,567539
740293,1015356,229862,231266,377614,384766,43042,1439303,293136,402235,419953,883247,611112,415128,1179998,428525,155762,1239600,260338,273086,129710,336400,120623,633847,98242,1223424,161696,186766,133542,264231,1625111,316891,315974,1460072,171148,226766,1271134,162014,97260,1476735,274754,1401431,1074832,165068,106776,1208093,285530,411166,783368,670467,464887,714867,436554,104069,408758,899283,212530,174158,96444,118544,780988,319325,498526,435750,235506,151345,222347,91168,763073,495020,131439,1218909,523052,1181759,259025,128284,164620,521218,239665,177453,418916,939591,627054,137773,426739,123943,242819,374667,119189,528400,254223,466302,542912,520237,712306,722115
1312400,485895,137978,219926,280118,19400,384723,501394,220136,138718,548429,510602,600911,207775,324081,227999,155513,458027,132759,264090,166123,239316,49793,483959,164001,542146,212654,79357,187651,157793,297212,122845,252312,310241,227372,293432,470016,128410,343646,475688,187120,284177,429358,236472,259685,282371,296868,422247,787200,586596,196145,511995,99177,105581,951316,288512,293463,224068,93195,164571,521986,202243,391405,2621822,282422,462195,82506,107745,217410,331698,101005,473125,93845,820051,209824,103960,239352,465092,212593,123576,506352,646051,448506,92682,151668,176595,134809,130813,185738,750768,405520,756314,271414,880341,714646,1463545
550888,475571,340014,175187,14208,280121,377574,326281,369477,106025,282610,188092,129144,82095,236479,197582,215637,234209,577134,169180,165072,328015,81917,478743,178930,710284,168788,167546,168436,259888,518434,118173,250999,523404,416475,352687,482244,235320,121457,933782,239544,269902,512423,91756,159614,323162,294596,229173,125835,370088,175014,314853,223731,112371,175789,542872,156082,517170,120881,181136,451765,127402,271820,207986,245215,255153,166271,222624,331416,352005,226768,292269,102060,471383,234725,200299,87897,220437,278531,235387,179549,213787,275480,180094,140758,137148,232303,297195,118059,234795,181798,524893,442388,149926,218325,213808
121089,674407,615447,13540,175183,219925,231272,169432,182661,223958,202168,210467,254435,207070,526031,480247,193159,234060,195871,251970,309087,103693,256866,471928,162436,617345,179521,57471,153279,64662,358209,144704,175921,188577,465454,251401,244512,142381,230403,292184,126081,178616,308149,204206,235892,101155,327481,339588,197373,250705,216756,404833,270078,199978,130019,398138,337924,229830,180742,398663,161898,280643,286396,487350,220168,217141,264588,112863,161172,201523,298332,219674,139571,232133,240427,357511,203486,230641,91321,167179,149956,320477,250087,202110,185719,250894,195584,281503,255169,128063,320048,164298,546090,227632,178972,164091
133039,231867,14034,615116,339999,137951,229871,184062,128481,309693,203021,336031,123245,96570,276575,676322,168771,2914954,303658,591750,252199,145232,143001,116275,206638,311182,220940,104581,99423,559518,201574,281733,461580,328072,126795,144591,190707,215156,321497,295646,306305,187466,390530,365648,341881,189337,232139,160369,149698,278764,141405,97619,121162,704110,247255,195581,311500,446495,133672,112708,186450,95524,241920,113341,179085,320493,218207,208573,151261,228319,112607,147960,286016,210197,253210,220437,210897,225074,91285,158833,394274,153271,168754,340767,303090,99792,99433,60584,398506,267752,295660,258009,541685,163635,178435,180692
313790,39270,231863,674341,476066,485875,1015130,1240690,225810,485676,390843,1066675,278015,408763,974054,399778,242301,1008394,143305,175540,486579,219317,224924,473490,170024,1164151,218676,171535,344728,171915,1021761,222429,132345,1140471,159889,134604,984117,440225,194848,967922,292857,1661006,940213,98965,372773,1031365,157126,347857,1215072,1306098,109616,845656,202737,171187,390862,761122,184516,136362,238751,285657,903354,80643,535737,410453,104014,134677,247991,70233,770428,792288,107592,1099363,132504,1109408,103243,343716,129858,336772,114907,110394,395528,554908,724221,112615,559435,255993,378309,65390,175969,1157728,741678,747363,376293,827389,713500,615421
24726,313798,133027,121093,550927,1312669,740274,347140,234392,187569,744908,547540,681514,124038,464275,111306,75750,428619,118468,55766,76219,227940,166638,762228,74779,833241,167850,144304,74264,129021,301107,192279,132972,629573,117412,217873,305588,172154,103199,406504,120930,507961,538876,63554,230056,468483,141750,669690,599351,616590,422879,444506,172833,121148,13623064,220989,205104,201501,60418,65391,536395,240911,584223,612880,121143,110834,79582,307269,213638,339863,287075,435522,90373,467864,168502,167729,101558,474366,93592,87671,602912,677698,827886,163846,384182,80986,92628,379123,83738,545847,799172,766437,148842,830514,763389,965977
